customer_id,signup_date,home_geography,historical_avg_amount,historical_txn_count
cust_0000000000,2026-02-14,Hyderabad,43009,219
cust_0000000001,2024-04-16,Bangalore,255679,51
cust_0000000002,2025-01-29,Jaipur,123035,360
cust_0000000003,2024-06-18,Ahmedabad,108017,227
cust_0000000004,2025-02-21,Howrah,220837,391
cust_0000000005,2024-10-19,Chennai,302454,224
cust_0000000006,2025-04-06,Bangalore,152824,444
cust_0000000007,2026-03-08,Bangalore,241778,317
cust_0000000008,2025-12-10,Hyderabad,59416,38
cust_0000000009,2024-01-09,Pune,95424,390
cust_0000000010,2024-07-10,Delhi,177060,251
cust_0000000011,2026-03-25,Hyderabad,158995,343
cust_0000000012,2024-02-20,Hyderabad,76069,208
cust_0000000013,2025-07-23,Mumbai,52721,237
cust_0000000014,2024-06-09,Delhi,98974,344
cust_0000000015,2025-03-15,Chennai,52215,336
cust_0000000016,2024-02-04,Kolkata,178797,385
cust_0000000017,2024-05-08,Ahmedabad,135146,196
cust_0000000018,2024-03-12,Bangalore,240254,320
cust_0000000019,2026-01-01,Ahmedabad,202034,8
cust_0000000020,2024-06-08,Hyderabad,193557,238
cust_0000000021,2024-08-27,Chennai,82245,232
cust_0000000022,2025-02-17,Chennai,85608,126
cust_0000000023,2026-01-23,Pune,50308,238
cust_0000000024,2024-04-19,Chennai,81127,289
cust_0000000025,2024-10-27,Mumbai,185863,281
cust_0000000026,2024-06-10,Howrah,80122,177
cust_0000000027,2025-04-18,Bangalore,237363,207
cust_0000000028,2023-12-21,Ahmedabad,39545,411
cust_0000000029,2026-03-13,Jaipur,171547,150
cust_0000000030,2025-04-20,Pune,74655,254
cust_0000000031,2024-06-20,Kolkata,192567,206
cust_0000000032,2025-05-04,Ahmedabad,60441,170
cust_0000000033,2026-04-13,Hyderabad,77777,362
cust_0000000034,2024-09-03,Kolkata,71876,450
cust_0000000035,2025-02-21,Kolkata,169031,349
cust_0000000036,2025-02-25,Kolkata,100361,123
cust_0000000037,2025-08-13,Pune,102070,184
cust_0000000038,2024-01-19,Mumbai,33347,172
cust_0000000039,2024-01-17,Kolkata,157151,351
cust_0000000040,2025-03-31,Bangalore,353089,135
cust_0000000041,2024-06-24,Hyderabad,212975,227
cust_0000000042,2024-07-30,Bangalore,46637,226
cust_0000000043,2024-03-08,Hyderabad,233619,105
cust_0000000044,2024-08-13,Howrah,135826,275
cust_0000000045,2025-11-30,Mumbai,29843,380
cust_0000000046,2025-02-28,Hyderabad,135209,157
cust_0000000047,2024-11-03,Mumbai,463597,326
cust_0000000048,2024-11-01,Mumbai,128864,394
cust_0000000049,2026-03-27,Delhi,372666,168
cust_0000000050,2024-10-05,Delhi,409275,91
cust_0000000051,2024-12-07,Bangalore,61660,462
cust_0000000052,2023-12-23,Chennai,31766,308
cust_0000000053,2024-12-04,Delhi,89784,479
cust_0000000054,2025-05-04,Kolkata,145412,37
cust_0000000055,2026-02-20,Pune,661475,247
cust_0000000056,2025-04-14,Jaipur,45007,273
cust_0000000057,2025-03-17,Jaipur,139540,169
cust_0000000058,2025-01-13,Chennai,63214,145
cust_0000000059,2026-04-14,Mumbai,286230,448
cust_0000000060,2025-01-15,Delhi,43177,161
cust_0000000061,2026-01-28,Delhi,70791,144
cust_0000000062,2025-10-02,Pune,538373,469
cust_0000000063,2024-07-03,Pune,265570,458
cust_0000000064,2024-01-05,Bangalore,46007,74
cust_0000000065,2025-01-05,Howrah,744741,415
cust_0000000066,2025-03-28,Ahmedabad,48656,105
cust_0000000067,2024-01-24,Pune,155069,259
cust_0000000068,2024-03-06,Bangalore,60831,94
cust_0000000069,2025-12-10,Bangalore,72815,220
cust_0000000070,2024-01-10,Jaipur,128091,50
cust_0000000071,2024-07-20,Bangalore,126647,447
cust_0000000072,2026-01-22,Chennai,355248,15
cust_0000000073,2024-06-30,Kolkata,75760,189
cust_0000000074,2024-03-22,Mumbai,436852,193
cust_0000000075,2025-09-16,Jaipur,36430,124
cust_0000000076,2026-04-05,Delhi,517347,446
cust_0000000077,2025-12-20,Howrah,77675,301
cust_0000000078,2024-08-14,Ahmedabad,388486,143
cust_0000000079,2025-08-06,Howrah,195665,486
cust_0000000080,2025-02-22,Chennai,94662,467
cust_0000000081,2026-04-20,Bangalore,389221,70
cust_0000000082,2026-04-17,Pune,17326,151
cust_0000000083,2025-02-16,Hyderabad,51341,292
cust_0000000084,2025-05-05,Delhi,81182,17
cust_0000000085,2024-08-18,Ahmedabad,33236,69
cust_0000000086,2025-04-20,Delhi,170217,45
cust_0000000087,2025-05-22,Delhi,81655,246
cust_0000000088,2025-02-14,Pune,365429,262
cust_0000000089,2025-08-26,Kolkata,58619,17
cust_0000000090,2024-11-29,Chennai,128551,421
cust_0000000091,2026-01-30,Hyderabad,118968,212
cust_0000000092,2026-04-27,Jaipur,593819,94
cust_0000000093,2024-02-11,Kolkata,84670,236
cust_0000000094,2024-10-28,Hyderabad,145686,333
cust_0000000095,2026-01-28,Bangalore,56896,399
cust_0000000096,2025-03-26,Bangalore,94728,383
cust_0000000097,2024-11-21,Delhi,68096,190
cust_0000000098,2024-02-16,Kolkata,100743,481
cust_0000000099,2024-04-08,Chennai,29284,127
cust_0000000100,2025-09-11,Bangalore,40866,421
cust_0000000101,2024-05-22,Ahmedabad,1498133,37
cust_0000000102,2025-03-15,Chennai,149129,100
cust_0000000103,2024-05-15,Jaipur,45116,76
cust_0000000104,2024-02-26,Jaipur,162179,82
cust_0000000105,2025-08-28,Kolkata,97219,62
cust_0000000106,2025-01-17,Mumbai,86285,101
cust_0000000107,2025-12-02,Kolkata,66527,297
cust_0000000108,2025-02-08,Pune,126128,414
cust_0000000109,2025-07-30,Hyderabad,115037,438
cust_0000000110,2024-06-12,Ahmedabad,145803,249
cust_0000000111,2025-11-26,Bangalore,1380347,128
cust_0000000112,2024-10-20,Chennai,155194,144
cust_0000000113,2026-03-21,Mumbai,40295,417
cust_0000000114,2026-01-30,Mumbai,168940,346
cust_0000000115,2026-02-05,Ahmedabad,252676,451
cust_0000000116,2025-10-06,Jaipur,71739,291
cust_0000000117,2024-06-23,Pune,114965,390
cust_0000000118,2024-07-29,Delhi,87412,164
cust_0000000119,2025-02-09,Ahmedabad,412302,234
cust_0000000120,2024-06-19,Howrah,128544,128
cust_0000000121,2025-09-13,Kolkata,78468,241
cust_0000000122,2025-12-10,Kolkata,519065,172
cust_0000000123,2025-06-17,Hyderabad,238617,167
cust_0000000124,2025-04-20,Howrah,42512,121
cust_0000000125,2025-08-17,Pune,353348,458
cust_0000000126,2024-04-19,Kolkata,316424,232
cust_0000000127,2025-01-22,Kolkata,526871,328
cust_0000000128,2025-11-07,Ahmedabad,83973,384
cust_0000000129,2024-10-29,Delhi,58541,368
cust_0000000130,2026-04-02,Bangalore,221745,254
cust_0000000131,2024-04-14,Jaipur,116836,309
cust_0000000132,2024-10-26,Mumbai,564531,292
cust_0000000133,2026-02-18,Hyderabad,26644,73
cust_0000000134,2024-01-18,Jaipur,68783,206
cust_0000000135,2024-12-02,Jaipur,194648,398
cust_0000000136,2024-02-12,Jaipur,112947,362
cust_0000000137,2024-12-05,Chennai,59942,310
cust_0000000138,2025-12-08,Delhi,310193,8
cust_0000000139,2024-12-20,Pune,13946,263
cust_0000000140,2024-08-07,Hyderabad,159160,261
cust_0000000141,2025-02-28,Delhi,17124,465
cust_0000000142,2024-04-27,Delhi,26416,362
cust_0000000143,2026-02-15,Hyderabad,152770,212
cust_0000000144,2024-02-21,Hyderabad,228104,366
cust_0000000145,2025-07-16,Ahmedabad,135233,382
cust_0000000146,2024-10-27,Bangalore,50420,268
cust_0000000147,2025-08-02,Jaipur,95597,78
cust_0000000148,2026-02-16,Jaipur,42297,370
cust_0000000149,2025-06-03,Delhi,416016,278
cust_0000000150,2024-01-28,Jaipur,131563,308
cust_0000000151,2025-03-11,Pune,110796,493
cust_0000000152,2026-04-28,Hyderabad,233937,214
cust_0000000153,2026-01-19,Ahmedabad,890962,320
cust_0000000154,2026-01-16,Delhi,464631,21
cust_0000000155,2024-09-13,Mumbai,120844,229
cust_0000000156,2024-08-12,Ahmedabad,35549,484
cust_0000000157,2025-03-30,Mumbai,53661,154
cust_0000000158,2025-02-08,Jaipur,140620,274
cust_0000000159,2026-01-26,Mumbai,13712,440
cust_0000000160,2024-09-14,Bangalore,165813,26
cust_0000000161,2026-01-30,Pune,124192,49
cust_0000000162,2024-09-17,Ahmedabad,176703,126
cust_0000000163,2025-10-05,Ahmedabad,93294,389
cust_0000000164,2024-05-29,Delhi,76941,148
cust_0000000165,2024-10-09,Mumbai,86328,7
cust_0000000166,2025-12-17,Mumbai,18240,490
cust_0000000167,2024-06-04,Bangalore,28888,425
cust_0000000168,2025-10-01,Mumbai,215272,484
cust_0000000169,2024-02-15,Ahmedabad,131029,350
cust_0000000170,2024-05-19,Ahmedabad,103047,61
cust_0000000171,2026-01-14,Chennai,100397,373
cust_0000000172,2025-01-11,Pune,51612,227
cust_0000000173,2025-12-18,Mumbai,28931,100
cust_0000000174,2026-04-19,Bangalore,226024,263
cust_0000000175,2024-01-01,Chennai,31609,31
cust_0000000176,2026-03-02,Pune,168113,113
cust_0000000177,2024-03-24,Kolkata,21106,90
cust_0000000178,2025-06-14,Mumbai,67823,191
cust_0000000179,2024-01-01,Chennai,60859,393
cust_0000000180,2025-09-23,Pune,147408,226
cust_0000000181,2025-12-27,Chennai,359966,154
cust_0000000182,2025-05-04,Chennai,286550,132
cust_0000000183,2024-10-15,Delhi,299031,78
cust_0000000184,2025-03-27,Chennai,150101,457
cust_0000000185,2025-03-16,Jaipur,711017,71
cust_0000000186,2024-01-29,Bangalore,288885,309
cust_0000000187,2025-04-25,Kolkata,147994,319
cust_0000000188,2024-01-08,Kolkata,51799,420
cust_0000000189,2025-10-25,Pune,16974,161
cust_0000000190,2024-02-22,Mumbai,84229,241
cust_0000000191,2025-03-16,Mumbai,296725,288
cust_0000000192,2025-07-01,Chennai,76023,275
cust_0000000193,2024-10-16,Pune,129568,161
cust_0000000194,2025-09-30,Hyderabad,285682,102
cust_0000000195,2025-04-22,Chennai,110290,183
cust_0000000196,2024-01-17,Chennai,398340,281
cust_0000000197,2024-03-22,Ahmedabad,184955,254
cust_0000000198,2024-08-02,Chennai,54373,126
cust_0000000199,2025-08-02,Howrah,50959,249
cust_0000000200,2026-03-27,Delhi,199625,434
cust_0000000201,2024-04-30,Mumbai,152519,143
cust_0000000202,2024-12-27,Howrah,83063,366
cust_0000000203,2025-08-02,Jaipur,21097,12
cust_0000000204,2025-04-18,Ahmedabad,28555,210
cust_0000000205,2025-06-13,Bangalore,245447,302
cust_0000000206,2024-09-28,Delhi,7609,253
cust_0000000207,2024-01-20,Kolkata,968538,387
cust_0000000208,2025-04-28,Howrah,166665,76
cust_0000000209,2024-08-27,Jaipur,83916,322
cust_0000000210,2025-07-16,Mumbai,223439,379
cust_0000000211,2025-01-31,Hyderabad,200118,87
cust_0000000212,2025-05-04,Ahmedabad,475068,479
cust_0000000213,2025-01-04,Ahmedabad,49327,495
cust_0000000214,2024-10-13,Delhi,387941,422
cust_0000000215,2025-05-26,Ahmedabad,406244,378
cust_0000000216,2026-03-28,Kolkata,448388,459
cust_0000000217,2025-12-22,Bangalore,47012,454
cust_0000000218,2024-02-04,Mumbai,26795,100
cust_0000000219,2025-08-21,Jaipur,67526,295
cust_0000000220,2024-08-11,Kolkata,54028,138
cust_0000000221,2025-10-03,Ahmedabad,52133,320
cust_0000000222,2025-01-04,Pune,87302,398
cust_0000000223,2024-07-08,Hyderabad,131691,186
cust_0000000224,2024-07-25,Chennai,199101,466
cust_0000000225,2024-04-28,Chennai,180963,385
cust_0000000226,2024-09-10,Ahmedabad,101395,218
cust_0000000227,2024-03-02,Delhi,55658,425
cust_0000000228,2025-06-02,Howrah,49278,15
cust_0000000229,2025-05-21,Pune,148158,317
cust_0000000230,2025-05-27,Delhi,246553,161
cust_0000000231,2025-11-17,Pune,94986,464
cust_0000000232,2024-09-09,Kolkata,129877,75
cust_0000000233,2024-11-28,Kolkata,103154,142
cust_0000000234,2025-12-05,Hyderabad,130096,358
cust_0000000235,2023-12-30,Ahmedabad,365031,241
cust_0000000236,2023-12-28,Hyderabad,152097,259
cust_0000000237,2024-08-13,Pune,38733,392
cust_0000000238,2025-03-28,Ahmedabad,208590,256
cust_0000000239,2024-08-03,Pune,38033,278
cust_0000000240,2024-01-17,Pune,467509,58
cust_0000000241,2023-12-28,Ahmedabad,137214,368
cust_0000000242,2024-01-09,Hyderabad,74880,7
cust_0000000243,2026-01-15,Chennai,34620,389
cust_0000000244,2024-01-15,Kolkata,227865,430
cust_0000000245,2025-03-24,Bangalore,22196,208
cust_0000000246,2026-02-27,Hyderabad,345301,114
cust_0000000247,2025-01-04,Bangalore,61834,462
cust_0000000248,2025-04-11,Ahmedabad,164137,32
cust_0000000249,2025-06-12,Howrah,177975,59
cust_0000000250,2024-02-12,Pune,30449,330
cust_0000000251,2024-06-28,Hyderabad,53062,371
cust_0000000252,2025-05-25,Ahmedabad,136304,454
cust_0000000253,2025-10-10,Bangalore,404833,429
cust_0000000254,2025-04-11,Mumbai,139691,135
cust_0000000255,2024-09-20,Hyderabad,167576,203
cust_0000000256,2024-09-01,Ahmedabad,373827,131
cust_0000000257,2025-10-08,Chennai,12502,177
cust_0000000258,2024-06-23,Ahmedabad,76147,356
cust_0000000259,2024-12-05,Delhi,82928,141
cust_0000000260,2025-01-09,Ahmedabad,40260,341
cust_0000000261,2026-02-18,Kolkata,175821,360
cust_0000000262,2025-04-28,Ahmedabad,695639,320
cust_0000000263,2025-08-18,Chennai,80949,72
cust_0000000264,2026-01-19,Chennai,23099,34
cust_0000000265,2025-05-26,Bangalore,77168,250
cust_0000000266,2025-07-07,Delhi,492017,45
cust_0000000267,2026-03-05,Chennai,186037,13
cust_0000000268,2025-08-13,Kolkata,128646,440
cust_0000000269,2025-07-08,Ahmedabad,81941,479
cust_0000000270,2024-01-16,Hyderabad,48678,490
cust_0000000271,2025-08-28,Howrah,101899,121
cust_0000000272,2024-12-31,Howrah,169232,156
cust_0000000273,2025-01-27,Bangalore,10904,297
cust_0000000274,2024-11-09,Pune,57680,428
cust_0000000275,2025-10-05,Delhi,232674,81
cust_0000000276,2025-07-05,Ahmedabad,155090,35
cust_0000000277,2024-12-30,Chennai,155453,392
cust_0000000278,2024-10-27,Kolkata,192479,475
cust_0000000279,2023-12-19,Bangalore,68595,408
cust_0000000280,2024-09-25,Jaipur,74109,237
cust_0000000281,2025-11-22,Howrah,223438,55
cust_0000000282,2025-04-26,Pune,74822,390
cust_0000000283,2025-02-10,Delhi,87902,22
cust_0000000284,2024-02-06,Jaipur,52111,150
cust_0000000285,2026-03-28,Chennai,13586,37
cust_0000000286,2023-12-28,Kolkata,91507,396
cust_0000000287,2025-08-04,Ahmedabad,87958,60
cust_0000000288,2024-10-27,Howrah,281933,449
cust_0000000289,2024-09-02,Jaipur,48322,154
cust_0000000290,2025-03-02,Howrah,196399,79
cust_0000000291,2026-05-01,Kolkata,206213,432
cust_0000000292,2025-12-12,Mumbai,90721,141
cust_0000000293,2025-03-03,Kolkata,26850,218
cust_0000000294,2025-01-08,Hyderabad,43700,267
cust_0000000295,2025-09-18,Chennai,302666,125
cust_0000000296,2024-02-27,Kolkata,47790,170
cust_0000000297,2025-10-16,Bangalore,141421,465
cust_0000000298,2025-03-09,Mumbai,40038,432
cust_0000000299,2024-08-21,Pune,115568,28
cust_0000000300,2025-07-29,Delhi,140856,49
cust_0000000301,2026-04-24,Ahmedabad,220832,20
cust_0000000302,2025-12-20,Delhi,14510,240
cust_0000000303,2025-10-04,Bangalore,319375,297
cust_0000000304,2024-09-11,Ahmedabad,119886,143
cust_0000000305,2024-04-20,Kolkata,552940,85
cust_0000000306,2024-03-13,Hyderabad,49087,149
cust_0000000307,2025-09-23,Chennai,83770,229
cust_0000000308,2024-01-11,Pune,546790,44
cust_0000000309,2025-06-22,Delhi,47877,162
cust_0000000310,2025-01-11,Hyderabad,163319,151
cust_0000000311,2025-10-26,Pune,194269,162
cust_0000000312,2024-05-16,Mumbai,149026,369
cust_0000000313,2025-07-05,Hyderabad,118234,86
cust_0000000314,2024-10-06,Hyderabad,498224,154
cust_0000000315,2024-07-29,Delhi,372677,445
cust_0000000316,2025-12-25,Chennai,110859,389
cust_0000000317,2025-12-28,Mumbai,40988,90
cust_0000000318,2024-06-10,Chennai,33954,136
cust_0000000319,2026-04-29,Chennai,102069,496
cust_0000000320,2024-12-16,Chennai,110798,288
cust_0000000321,2024-03-13,Kolkata,114114,270
cust_0000000322,2025-12-10,Pune,95723,362
cust_0000000323,2026-03-20,Delhi,35592,150
cust_0000000324,2025-07-08,Pune,21963,98
cust_0000000325,2026-04-17,Delhi,268686,119
cust_0000000326,2024-04-25,Ahmedabad,113571,311
cust_0000000327,2024-11-17,Chennai,41350,201
cust_0000000328,2024-07-18,Pune,349328,382
cust_0000000329,2024-12-25,Hyderabad,97359,491
cust_0000000330,2025-12-23,Kolkata,133342,471
cust_0000000331,2026-04-22,Howrah,65190,262
cust_0000000332,2025-04-25,Kolkata,62312,387
cust_0000000333,2024-03-19,Delhi,76372,342
cust_0000000334,2025-03-21,Delhi,39327,136
cust_0000000335,2025-11-28,Jaipur,399979,430
cust_0000000336,2023-12-29,Jaipur,38534,174
cust_0000000337,2025-03-20,Pune,20527,439
cust_0000000338,2024-10-18,Howrah,98648,48
cust_0000000339,2024-07-26,Chennai,9893,392
cust_0000000340,2024-01-27,Chennai,39742,390
cust_0000000341,2024-03-07,Ahmedabad,55690,400
cust_0000000342,2025-02-19,Mumbai,396292,218
cust_0000000343,2024-07-25,Bangalore,81050,489
cust_0000000344,2023-12-25,Howrah,531517,465
cust_0000000345,2024-03-21,Pune,123392,162
cust_0000000346,2025-07-04,Pune,235938,195
cust_0000000347,2025-05-12,Chennai,262306,468
cust_0000000348,2025-02-18,Kolkata,248428,172
cust_0000000349,2025-06-08,Hyderabad,140911,69
cust_0000000350,2025-07-17,Delhi,160755,28
cust_0000000351,2025-07-11,Hyderabad,199802,125
cust_0000000352,2025-11-11,Mumbai,104047,294
cust_0000000353,2024-03-27,Kolkata,58748,105
cust_0000000354,2024-01-05,Delhi,76032,33
cust_0000000355,2025-03-21,Delhi,105160,27
cust_0000000356,2026-04-25,Kolkata,210454,126
cust_0000000357,2024-10-12,Ahmedabad,19978,59
cust_0000000358,2025-10-11,Bangalore,89886,159
cust_0000000359,2024-07-06,Hyderabad,106936,451
cust_0000000360,2026-01-31,Jaipur,40343,180
cust_0000000361,2024-01-24,Kolkata,40993,73
cust_0000000362,2024-02-04,Howrah,74381,215
cust_0000000363,2026-02-07,Hyderabad,23660,310
cust_0000000364,2025-05-17,Chennai,75934,45
cust_0000000365,2025-09-24,Delhi,82834,426
cust_0000000366,2025-06-10,Chennai,50467,371
cust_0000000367,2025-08-18,Ahmedabad,27531,205
cust_0000000368,2026-01-26,Hyderabad,96035,26
cust_0000000369,2025-11-04,Kolkata,62641,64
cust_0000000370,2025-10-12,Ahmedabad,34747,195
cust_0000000371,2025-09-14,Pune,41628,93
cust_0000000372,2024-10-13,Kolkata,180808,96
cust_0000000373,2025-10-01,Delhi,266688,426
cust_0000000374,2024-12-19,Ahmedabad,46098,269
cust_0000000375,2025-01-26,Howrah,374091,126
cust_0000000376,2025-08-18,Delhi,50255,41
cust_0000000377,2024-03-21,Howrah,65569,261
cust_0000000378,2025-08-30,Kolkata,94129,199
cust_0000000379,2025-01-21,Howrah,88976,70
cust_0000000380,2025-06-24,Delhi,164170,49
cust_0000000381,2025-03-09,Delhi,483025,85
cust_0000000382,2025-06-12,Chennai,38925,86
cust_0000000383,2025-09-24,Howrah,255615,63
cust_0000000384,2025-12-17,Jaipur,243512,458
cust_0000000385,2024-11-19,Jaipur,323012,203
cust_0000000386,2025-01-28,Chennai,148364,420
cust_0000000387,2023-12-24,Ahmedabad,154781,372
cust_0000000388,2025-06-14,Kolkata,164680,415
cust_0000000389,2024-02-22,Chennai,38521,29
cust_0000000390,2024-02-12,Howrah,70936,330
cust_0000000391,2024-11-07,Pune,109473,397
cust_0000000392,2024-05-13,Bangalore,123388,267
cust_0000000393,2025-04-16,Hyderabad,99351,6
cust_0000000394,2025-01-07,Jaipur,87109,439
cust_0000000395,2026-03-10,Hyderabad,251976,68
cust_0000000396,2025-04-20,Delhi,99668,250
cust_0000000397,2025-05-26,Pune,191052,162
cust_0000000398,2025-05-07,Hyderabad,296375,154
cust_0000000399,2024-10-05,Mumbai,30638,239
cust_0000000400,2024-11-14,Jaipur,27654,280
cust_0000000401,2025-11-29,Jaipur,212605,423
cust_0000000402,2024-12-11,Mumbai,30987,148
cust_0000000403,2024-03-17,Hyderabad,83517,331
cust_0000000404,2025-12-04,Howrah,415200,358
cust_0000000405,2025-06-18,Howrah,358074,204
cust_0000000406,2024-03-15,Chennai,218668,296
cust_0000000407,2025-02-14,Howrah,123359,212
cust_0000000408,2025-11-19,Pune,56886,349
cust_0000000409,2025-05-12,Bangalore,194014,67
cust_0000000410,2024-05-13,Mumbai,200434,69
cust_0000000411,2024-10-09,Howrah,216596,14
cust_0000000412,2024-03-22,Howrah,401613,85
cust_0000000413,2024-06-25,Hyderabad,24725,127
cust_0000000414,2024-02-28,Pune,114935,436
cust_0000000415,2025-09-05,Bangalore,80985,145
cust_0000000416,2025-08-31,Pune,145744,372
cust_0000000417,2025-11-07,Chennai,190935,352
cust_0000000418,2024-07-02,Jaipur,15413,374
cust_0000000419,2025-09-23,Mumbai,109207,163
cust_0000000420,2024-08-16,Jaipur,131619,222
cust_0000000421,2024-09-13,Chennai,169704,203
cust_0000000422,2024-08-31,Ahmedabad,266383,184
cust_0000000423,2025-04-11,Ahmedabad,226450,427
cust_0000000424,2025-07-21,Howrah,263464,353
cust_0000000425,2025-03-02,Ahmedabad,120198,170
cust_0000000426,2024-05-29,Bangalore,67593,477
cust_0000000427,2024-02-19,Jaipur,46402,489
cust_0000000428,2026-04-14,Hyderabad,91263,120
cust_0000000429,2024-07-08,Pune,990323,230
cust_0000000430,2024-09-01,Bangalore,125495,318
cust_0000000431,2025-08-24,Kolkata,121988,295
cust_0000000432,2025-06-21,Kolkata,405881,330
cust_0000000433,2024-05-23,Chennai,303817,88
cust_0000000434,2025-06-18,Mumbai,41789,229
cust_0000000435,2024-06-08,Bangalore,402634,73
cust_0000000436,2024-09-01,Hyderabad,40215,62
cust_0000000437,2025-05-28,Bangalore,26151,100
cust_0000000438,2024-01-31,Delhi,359432,203
cust_0000000439,2024-11-09,Bangalore,64682,490
cust_0000000440,2024-10-29,Mumbai,95707,296
cust_0000000441,2024-06-14,Kolkata,115947,443
cust_0000000442,2025-10-20,Pune,31159,356
cust_0000000443,2024-05-08,Delhi,197420,214
cust_0000000444,2025-02-16,Chennai,110506,151
cust_0000000445,2024-09-13,Mumbai,128990,496
cust_0000000446,2026-04-12,Jaipur,103238,57
cust_0000000447,2026-02-09,Delhi,171145,488
cust_0000000448,2025-07-28,Howrah,303233,93
cust_0000000449,2025-04-28,Howrah,187903,337
cust_0000000450,2024-07-08,Howrah,206039,342
cust_0000000451,2024-05-09,Jaipur,53638,211
cust_0000000452,2025-05-24,Howrah,418247,358
cust_0000000453,2024-06-04,Bangalore,38876,447
cust_0000000454,2025-09-12,Delhi,117743,458
cust_0000000455,2026-02-08,Howrah,79223,269
cust_0000000456,2025-08-31,Mumbai,164465,117
cust_0000000457,2026-05-02,Ahmedabad,55845,388
cust_0000000458,2026-02-06,Mumbai,85993,374
cust_0000000459,2024-05-16,Mumbai,100364,77
cust_0000000460,2026-03-07,Ahmedabad,49039,278
cust_0000000461,2025-01-19,Mumbai,59154,50
cust_0000000462,2025-04-29,Howrah,349678,295
cust_0000000463,2025-09-21,Bangalore,113399,254
cust_0000000464,2025-01-19,Hyderabad,515084,158
cust_0000000465,2025-06-16,Pune,18102,108
cust_0000000466,2024-10-15,Hyderabad,204079,381
cust_0000000467,2026-02-17,Delhi,77602,91
cust_0000000468,2026-03-25,Ahmedabad,129420,351
cust_0000000469,2023-12-23,Jaipur,140161,328
cust_0000000470,2025-11-27,Kolkata,121142,95
cust_0000000471,2024-04-01,Jaipur,412845,437
cust_0000000472,2025-04-02,Delhi,37677,239
cust_0000000473,2024-10-09,Bangalore,87205,368
cust_0000000474,2026-04-27,Chennai,50534,195
cust_0000000475,2024-05-12,Kolkata,555008,18
cust_0000000476,2025-01-26,Mumbai,38983,189
cust_0000000477,2025-03-06,Bangalore,98713,212
cust_0000000478,2025-09-20,Hyderabad,25977,177
cust_0000000479,2024-12-30,Hyderabad,125358,138
cust_0000000480,2026-01-07,Chennai,33413,227
cust_0000000481,2024-12-28,Ahmedabad,53368,37
cust_0000000482,2025-06-21,Mumbai,31774,301
cust_0000000483,2024-03-15,Hyderabad,152359,90
cust_0000000484,2024-05-02,Ahmedabad,435291,415
cust_0000000485,2025-03-14,Kolkata,87045,34
cust_0000000486,2025-07-11,Bangalore,640245,234
cust_0000000487,2025-11-13,Mumbai,47633,110
cust_0000000488,2024-03-17,Mumbai,33352,56
cust_0000000489,2025-04-30,Mumbai,160071,71
cust_0000000490,2024-10-13,Ahmedabad,59777,175
cust_0000000491,2025-06-23,Chennai,49692,181
cust_0000000492,2025-07-09,Bangalore,243592,212
cust_0000000493,2025-11-05,Mumbai,92763,465
cust_0000000494,2024-09-01,Mumbai,31728,30
cust_0000000495,2026-01-22,Kolkata,14477,65
cust_0000000496,2025-11-10,Ahmedabad,105364,56
cust_0000000497,2024-05-19,Delhi,158745,498
cust_0000000498,2025-04-12,Mumbai,175733,35
cust_0000000499,2025-07-25,Mumbai,65263,290
cust_0000000500,2024-02-26,Ahmedabad,66874,401
cust_0000000501,2024-01-02,Chennai,37776,249
cust_0000000502,2025-08-23,Jaipur,118542,403
cust_0000000503,2025-05-22,Kolkata,53739,68
cust_0000000504,2024-10-10,Howrah,191289,491
cust_0000000505,2026-02-02,Mumbai,346089,296
cust_0000000506,2024-12-16,Howrah,68001,222
cust_0000000507,2025-04-22,Howrah,116582,463
cust_0000000508,2024-06-04,Jaipur,93972,387
cust_0000000509,2025-07-20,Jaipur,261905,286
cust_0000000510,2025-06-03,Kolkata,143910,178
cust_0000000511,2025-01-05,Jaipur,62288,176
cust_0000000512,2026-03-02,Howrah,524842,156
cust_0000000513,2025-12-09,Jaipur,269567,197
cust_0000000514,2024-04-11,Bangalore,73330,380
cust_0000000515,2024-07-14,Chennai,98836,414
cust_0000000516,2024-01-09,Jaipur,196888,56
cust_0000000517,2024-09-28,Pune,437328,473
cust_0000000518,2024-04-25,Howrah,153417,461
cust_0000000519,2024-12-15,Pune,111992,24
cust_0000000520,2024-02-08,Pune,152131,46
cust_0000000521,2026-04-09,Delhi,321073,426
cust_0000000522,2025-10-06,Kolkata,224453,228
cust_0000000523,2026-04-28,Jaipur,137389,168
cust_0000000524,2024-03-27,Ahmedabad,665523,426
cust_0000000525,2024-12-27,Pune,127759,84
cust_0000000526,2025-04-19,Hyderabad,16137,111
cust_0000000527,2025-01-21,Mumbai,234709,481
cust_0000000528,2024-06-13,Ahmedabad,38694,465
cust_0000000529,2024-12-01,Chennai,115070,190
cust_0000000530,2026-01-20,Delhi,190615,255
cust_0000000531,2025-03-09,Pune,87481,491
cust_0000000532,2024-08-06,Pune,332628,467
cust_0000000533,2025-06-15,Delhi,80209,63
cust_0000000534,2024-03-27,Hyderabad,59728,39
cust_0000000535,2025-08-28,Hyderabad,182423,437
cust_0000000536,2026-03-06,Mumbai,153831,255
cust_0000000537,2025-03-25,Chennai,320149,85
cust_0000000538,2024-11-03,Pune,107489,396
cust_0000000539,2024-11-10,Chennai,134734,233
cust_0000000540,2024-01-17,Chennai,26243,226
cust_0000000541,2026-01-01,Kolkata,213842,175
cust_0000000542,2025-11-22,Mumbai,241363,103
cust_0000000543,2025-05-15,Kolkata,158886,487
cust_0000000544,2025-10-01,Mumbai,198247,495
cust_0000000545,2024-04-04,Howrah,90467,217
cust_0000000546,2026-01-06,Kolkata,162797,106
cust_0000000547,2025-01-22,Kolkata,43304,479
cust_0000000548,2024-10-05,Mumbai,56733,274
cust_0000000549,2025-08-13,Howrah,99403,27
cust_0000000550,2025-08-05,Jaipur,34285,456
cust_0000000551,2026-01-20,Mumbai,209997,418
cust_0000000552,2024-02-07,Delhi,78165,39
cust_0000000553,2024-02-26,Hyderabad,75800,201
cust_0000000554,2024-06-12,Kolkata,250158,90
cust_0000000555,2024-01-11,Hyderabad,238224,98
cust_0000000556,2025-02-10,Bangalore,39770,103
cust_0000000557,2026-02-09,Delhi,336462,355
cust_0000000558,2025-01-17,Ahmedabad,231278,311
cust_0000000559,2024-04-30,Pune,25859,67
cust_0000000560,2024-02-20,Hyderabad,180888,197
cust_0000000561,2025-01-15,Bangalore,142525,486
cust_0000000562,2025-04-16,Hyderabad,8306,231
cust_0000000563,2025-03-31,Bangalore,94559,183
cust_0000000564,2025-11-14,Howrah,337409,363
cust_0000000565,2026-02-24,Hyderabad,148439,225
cust_0000000566,2025-11-15,Jaipur,414498,47
cust_0000000567,2026-04-02,Ahmedabad,166235,106
cust_0000000568,2025-08-30,Jaipur,188632,194
cust_0000000569,2025-02-08,Ahmedabad,184086,488
cust_0000000570,2026-03-28,Bangalore,81927,180
cust_0000000571,2025-12-20,Delhi,70451,101
cust_0000000572,2025-12-24,Chennai,138065,134
cust_0000000573,2025-01-20,Hyderabad,108798,104
cust_0000000574,2025-02-15,Ahmedabad,815803,327
cust_0000000575,2024-04-11,Delhi,341128,177
cust_0000000576,2026-01-25,Mumbai,815467,206
cust_0000000577,2025-04-17,Ahmedabad,262812,192
cust_0000000578,2025-07-23,Hyderabad,90826,214
cust_0000000579,2025-11-24,Delhi,387022,328
cust_0000000580,2025-12-02,Pune,230303,404
cust_0000000581,2025-10-16,Jaipur,197671,88
cust_0000000582,2024-08-18,Jaipur,47528,411
cust_0000000583,2026-01-29,Chennai,25166,262
cust_0000000584,2026-04-05,Chennai,73804,142
cust_0000000585,2023-12-19,Chennai,35688,241
cust_0000000586,2024-02-21,Kolkata,151706,368
cust_0000000587,2024-12-03,Hyderabad,400314,320
cust_0000000588,2024-11-17,Mumbai,889461,13
cust_0000000589,2025-03-20,Bangalore,83221,240
cust_0000000590,2024-08-17,Mumbai,173525,361
cust_0000000591,2024-10-16,Jaipur,76837,216
cust_0000000592,2025-04-01,Pune,868741,386
cust_0000000593,2024-10-30,Kolkata,546864,332
cust_0000000594,2024-06-25,Pune,57126,353
cust_0000000595,2025-06-14,Pune,165861,407
cust_0000000596,2025-06-15,Chennai,34455,247
cust_0000000597,2025-03-29,Chennai,30355,373
cust_0000000598,2025-07-02,Delhi,301857,190
cust_0000000599,2024-11-03,Bangalore,14339,447
cust_0000000600,2024-08-03,Bangalore,723292,54
cust_0000000601,2024-01-22,Bangalore,77154,102
cust_0000000602,2025-05-24,Bangalore,182070,98
cust_0000000603,2024-03-25,Delhi,147579,355
cust_0000000604,2024-05-05,Delhi,241692,394
cust_0000000605,2025-03-12,Howrah,147369,140
cust_0000000606,2025-09-28,Howrah,107447,355
cust_0000000607,2025-01-09,Delhi,41799,39
cust_0000000608,2025-04-30,Kolkata,146632,292
cust_0000000609,2024-07-21,Bangalore,208136,226
cust_0000000610,2025-04-15,Ahmedabad,62506,173
cust_0000000611,2025-06-23,Bangalore,147625,236
cust_0000000612,2025-07-08,Howrah,16460,455
cust_0000000613,2024-07-17,Delhi,661941,140
cust_0000000614,2025-06-19,Delhi,179599,351
cust_0000000615,2025-08-12,Jaipur,18168,121
cust_0000000616,2025-01-18,Hyderabad,57629,185
cust_0000000617,2025-02-23,Mumbai,82579,434
cust_0000000618,2024-11-06,Jaipur,9232,223
cust_0000000619,2024-03-19,Chennai,92561,396
cust_0000000620,2025-06-24,Kolkata,322493,356
cust_0000000621,2026-04-19,Kolkata,16057,249
cust_0000000622,2025-03-01,Kolkata,144874,382
cust_0000000623,2025-01-07,Jaipur,38438,58
cust_0000000624,2024-08-20,Bangalore,215231,39
cust_0000000625,2024-04-25,Pune,47473,437
cust_0000000626,2026-01-19,Ahmedabad,233538,68
cust_0000000627,2025-05-18,Ahmedabad,99778,305
cust_0000000628,2024-11-01,Jaipur,22081,497
cust_0000000629,2025-01-03,Bangalore,180095,89
cust_0000000630,2025-10-20,Delhi,57140,316
cust_0000000631,2024-01-28,Mumbai,78924,417
cust_0000000632,2026-04-30,Pune,56921,371
cust_0000000633,2025-12-01,Jaipur,227153,136
cust_0000000634,2024-02-21,Jaipur,124380,153
cust_0000000635,2024-09-20,Kolkata,39066,121
cust_0000000636,2024-01-18,Bangalore,38485,283
cust_0000000637,2025-09-14,Jaipur,211486,219
cust_0000000638,2024-09-01,Bangalore,89969,306
cust_0000000639,2024-06-30,Hyderabad,108393,418
cust_0000000640,2024-05-01,Bangalore,112606,288
cust_0000000641,2024-12-22,Ahmedabad,14949,24
cust_0000000642,2025-11-02,Bangalore,95554,365
cust_0000000643,2024-05-28,Delhi,58244,200
cust_0000000644,2025-07-12,Hyderabad,13296,122
cust_0000000645,2025-11-19,Chennai,45191,207
cust_0000000646,2025-04-19,Kolkata,30828,265
cust_0000000647,2024-10-21,Delhi,56871,491
cust_0000000648,2025-12-10,Kolkata,146376,125
cust_0000000649,2024-02-19,Jaipur,453686,366
cust_0000000650,2026-02-16,Hyderabad,303941,209
cust_0000000651,2025-03-21,Delhi,30503,96
cust_0000000652,2025-05-16,Kolkata,173241,100
cust_0000000653,2024-06-09,Chennai,90152,402
cust_0000000654,2024-10-26,Bangalore,87381,63
cust_0000000655,2025-09-23,Mumbai,117701,472
cust_0000000656,2025-02-10,Kolkata,1510559,204
cust_0000000657,2024-04-26,Bangalore,146793,22
cust_0000000658,2026-02-18,Delhi,114356,219
cust_0000000659,2024-06-20,Howrah,315882,459
cust_0000000660,2024-11-14,Ahmedabad,13297,40
cust_0000000661,2025-10-16,Ahmedabad,153695,434
cust_0000000662,2025-01-16,Howrah,51920,271
cust_0000000663,2024-07-10,Delhi,107994,391
cust_0000000664,2025-12-15,Jaipur,22392,487
cust_0000000665,2025-04-14,Delhi,110483,266
cust_0000000666,2023-12-28,Hyderabad,172458,84
cust_0000000667,2024-07-20,Kolkata,72431,63
cust_0000000668,2023-12-26,Bangalore,115068,337
cust_0000000669,2025-02-17,Ahmedabad,314190,200
cust_0000000670,2024-05-09,Hyderabad,69510,400
cust_0000000671,2025-09-30,Bangalore,177697,340
cust_0000000672,2025-09-24,Chennai,26761,171
cust_0000000673,2024-06-10,Mumbai,22501,362
cust_0000000674,2024-05-24,Jaipur,939804,199
cust_0000000675,2025-06-30,Pune,99984,239
cust_0000000676,2026-03-02,Jaipur,58605,300
cust_0000000677,2025-05-09,Mumbai,109860,145
cust_0000000678,2025-02-07,Hyderabad,101192,306
cust_0000000679,2024-01-01,Hyderabad,123844,154
cust_0000000680,2025-09-27,Hyderabad,25632,121
cust_0000000681,2024-11-21,Jaipur,152244,415
cust_0000000682,2024-01-29,Mumbai,28412,459
cust_0000000683,2024-08-21,Pune,67584,250
cust_0000000684,2025-03-16,Mumbai,195118,410
cust_0000000685,2024-04-10,Ahmedabad,137080,201
cust_0000000686,2025-05-05,Jaipur,67767,183
cust_0000000687,2024-07-19,Chennai,95362,433
cust_0000000688,2025-10-20,Hyderabad,128766,152
cust_0000000689,2025-10-27,Kolkata,158634,390
cust_0000000690,2024-06-06,Bangalore,22953,206
cust_0000000691,2026-04-09,Kolkata,39735,356
cust_0000000692,2026-01-29,Pune,13525,464
cust_0000000693,2025-01-25,Delhi,607912,227
cust_0000000694,2026-03-10,Pune,275846,13
cust_0000000695,2024-03-21,Mumbai,65010,178
cust_0000000696,2024-01-08,Chennai,99043,135
cust_0000000697,2024-01-08,Pune,122897,461
cust_0000000698,2024-05-14,Howrah,189251,149
cust_0000000699,2025-10-30,Delhi,281462,64
cust_0000000700,2025-06-06,Mumbai,618975,48
cust_0000000701,2026-02-27,Chennai,119732,414
cust_0000000702,2024-08-01,Chennai,117139,23
cust_0000000703,2024-10-31,Howrah,101051,321
cust_0000000704,2025-04-15,Chennai,29953,210
cust_0000000705,2025-04-08,Delhi,249779,236
cust_0000000706,2026-03-04,Delhi,52438,391
cust_0000000707,2025-09-18,Hyderabad,77296,126
cust_0000000708,2024-06-06,Ahmedabad,33676,476
cust_0000000709,2024-09-13,Ahmedabad,54610,43
cust_0000000710,2024-03-27,Hyderabad,70445,377
cust_0000000711,2025-10-26,Pune,54617,455
cust_0000000712,2026-01-25,Bangalore,65913,128
cust_0000000713,2025-08-23,Bangalore,193123,312
cust_0000000714,2025-04-10,Pune,43370,462
cust_0000000715,2026-01-05,Pune,38047,339
cust_0000000716,2025-01-01,Pune,42350,376
cust_0000000717,2025-04-09,Kolkata,96308,47
cust_0000000718,2023-12-18,Bangalore,48011,417
cust_0000000719,2024-07-25,Mumbai,73051,381
cust_0000000720,2024-01-17,Kolkata,509228,45
cust_0000000721,2024-11-09,Jaipur,143256,248
cust_0000000722,2024-01-19,Chennai,39969,499
cust_0000000723,2024-07-30,Kolkata,227168,260
cust_0000000724,2024-09-28,Kolkata,45256,170
cust_0000000725,2025-02-27,Jaipur,326689,481
cust_0000000726,2025-02-10,Kolkata,143855,215
cust_0000000727,2025-10-26,Chennai,24653,5
cust_0000000728,2024-10-17,Kolkata,83657,271
cust_0000000729,2024-08-02,Bangalore,81800,287
cust_0000000730,2024-01-05,Delhi,66041,483
cust_0000000731,2025-12-08,Delhi,105813,166
cust_0000000732,2025-05-24,Pune,75847,148
cust_0000000733,2024-07-11,Bangalore,19464,453
cust_0000000734,2024-02-01,Chennai,113651,248
cust_0000000735,2024-04-23,Ahmedabad,18913,115
cust_0000000736,2024-08-09,Bangalore,108963,342
cust_0000000737,2025-09-16,Hyderabad,72348,496
cust_0000000738,2026-04-25,Jaipur,169524,173
cust_0000000739,2024-10-24,Kolkata,16452,466
cust_0000000740,2025-07-26,Bangalore,195882,335
cust_0000000741,2024-05-08,Jaipur,201105,222
cust_0000000742,2025-10-04,Jaipur,49844,460
cust_0000000743,2024-03-05,Jaipur,214854,138
cust_0000000744,2026-03-31,Howrah,159265,44
cust_0000000745,2024-12-31,Chennai,118697,320
cust_0000000746,2025-05-09,Kolkata,414828,404
cust_0000000747,2025-07-16,Chennai,64639,67
cust_0000000748,2025-04-23,Delhi,28496,492
cust_0000000749,2025-04-09,Delhi,17522,380
cust_0000000750,2023-12-28,Chennai,77580,488
cust_0000000751,2025-07-31,Bangalore,61560,329
cust_0000000752,2024-03-18,Bangalore,200801,10
cust_0000000753,2026-03-16,Ahmedabad,58831,15
cust_0000000754,2026-04-13,Ahmedabad,156249,261
cust_0000000755,2024-11-21,Pune,197842,224
cust_0000000756,2025-06-04,Mumbai,275642,315
cust_0000000757,2024-03-17,Chennai,126333,93
cust_0000000758,2024-12-02,Jaipur,78548,342
cust_0000000759,2025-12-23,Ahmedabad,240364,331
cust_0000000760,2025-12-31,Hyderabad,37430,480
cust_0000000761,2024-01-24,Chennai,21154,153
cust_0000000762,2024-02-21,Kolkata,395523,371
cust_0000000763,2025-10-19,Delhi,210562,179
cust_0000000764,2025-03-09,Hyderabad,120147,166
cust_0000000765,2025-04-15,Bangalore,139418,307
cust_0000000766,2024-10-30,Hyderabad,26905,114
cust_0000000767,2024-08-21,Ahmedabad,275744,240
cust_0000000768,2024-11-08,Pune,15752,93
cust_0000000769,2026-03-26,Chennai,64973,230
cust_0000000770,2025-12-12,Kolkata,73144,74
cust_0000000771,2024-05-15,Kolkata,66573,104
cust_0000000772,2024-11-19,Jaipur,97552,155
cust_0000000773,2024-02-18,Chennai,38574,10
cust_0000000774,2024-04-03,Hyderabad,71848,102
cust_0000000775,2024-03-05,Delhi,54327,277
cust_0000000776,2024-06-15,Mumbai,7940,34
cust_0000000777,2024-11-14,Kolkata,7060,211
cust_0000000778,2024-10-24,Chennai,82422,333
cust_0000000779,2024-07-28,Hyderabad,40978,366
cust_0000000780,2025-11-24,Ahmedabad,302931,362
cust_0000000781,2025-02-13,Jaipur,37496,484
cust_0000000782,2026-01-09,Hyderabad,239132,485
cust_0000000783,2025-12-01,Hyderabad,23340,234
cust_0000000784,2024-12-02,Jaipur,351276,53
cust_0000000785,2025-10-27,Pune,464620,192
cust_0000000786,2025-11-10,Ahmedabad,59612,296
cust_0000000787,2024-11-10,Delhi,34822,132
cust_0000000788,2026-02-09,Pune,15411,273
cust_0000000789,2025-12-22,Pune,21646,338
cust_0000000790,2024-04-16,Howrah,50064,210
cust_0000000791,2025-03-15,Delhi,115374,146
cust_0000000792,2025-02-12,Howrah,60876,366
cust_0000000793,2025-02-04,Mumbai,43612,225
cust_0000000794,2024-06-05,Jaipur,84748,98
cust_0000000795,2026-01-22,Pune,127141,247
cust_0000000796,2025-08-29,Delhi,88667,97
cust_0000000797,2024-09-11,Chennai,169694,146
cust_0000000798,2025-04-02,Delhi,74440,346
cust_0000000799,2025-05-07,Bangalore,88691,143
cust_0000000800,2025-04-27,Mumbai,504891,156
cust_0000000801,2025-06-11,Hyderabad,219266,58
cust_0000000802,2025-05-08,Mumbai,452591,171
cust_0000000803,2025-03-31,Hyderabad,127865,406
cust_0000000804,2026-04-27,Howrah,87405,106
cust_0000000805,2024-12-02,Pune,84481,259
cust_0000000806,2024-07-13,Howrah,53077,370
cust_0000000807,2026-02-04,Ahmedabad,155877,471
cust_0000000808,2025-07-24,Mumbai,261404,127
cust_0000000809,2024-07-07,Hyderabad,156057,394
cust_0000000810,2025-02-20,Pune,68011,491
cust_0000000811,2023-12-31,Howrah,73014,225
cust_0000000812,2024-01-18,Chennai,137563,397
cust_0000000813,2025-07-14,Delhi,301215,13
cust_0000000814,2026-02-24,Kolkata,319680,258
cust_0000000815,2025-07-25,Delhi,35139,489
cust_0000000816,2025-08-22,Kolkata,108661,364
cust_0000000817,2024-01-31,Hyderabad,126568,254
cust_0000000818,2026-03-24,Mumbai,185134,9
cust_0000000819,2024-02-13,Jaipur,111121,485
cust_0000000820,2024-01-06,Bangalore,102986,364
cust_0000000821,2024-04-15,Delhi,29159,143
cust_0000000822,2025-05-08,Ahmedabad,131931,167
cust_0000000823,2025-01-26,Bangalore,355966,97
cust_0000000824,2024-08-26,Howrah,76722,204
cust_0000000825,2025-05-27,Hyderabad,212845,341
cust_0000000826,2025-03-26,Delhi,44839,189
cust_0000000827,2025-09-15,Kolkata,251587,177
cust_0000000828,2025-08-11,Hyderabad,55164,328
cust_0000000829,2025-06-22,Mumbai,44813,288
cust_0000000830,2025-09-13,Bangalore,120234,217
cust_0000000831,2025-07-08,Chennai,218676,249
cust_0000000832,2025-01-06,Delhi,1435271,340
cust_0000000833,2024-07-22,Bangalore,115102,404
cust_0000000834,2024-03-05,Jaipur,21503,79
cust_0000000835,2024-08-22,Pune,41009,496
cust_0000000836,2025-03-03,Howrah,140188,60
cust_0000000837,2025-02-05,Hyderabad,83037,93
cust_0000000838,2025-04-07,Pune,106517,41
cust_0000000839,2024-02-15,Bangalore,91928,24
cust_0000000840,2024-02-01,Delhi,18493,171
cust_0000000841,2025-09-06,Bangalore,115383,100
cust_0000000842,2024-02-29,Howrah,115098,490
cust_0000000843,2025-07-12,Howrah,48125,49
cust_0000000844,2024-11-23,Mumbai,38826,149
cust_0000000845,2024-07-13,Howrah,275222,464
cust_0000000846,2026-03-24,Chennai,71969,466
cust_0000000847,2025-08-02,Mumbai,167076,383
cust_0000000848,2024-08-02,Ahmedabad,123482,89
cust_0000000849,2025-04-20,Hyderabad,119408,404
cust_0000000850,2024-07-07,Howrah,53161,248
cust_0000000851,2026-02-09,Kolkata,439904,386
cust_0000000852,2026-04-01,Mumbai,57683,71
cust_0000000853,2026-04-03,Hyderabad,85260,400
cust_0000000854,2024-06-03,Pune,42728,177
cust_0000000855,2026-02-06,Jaipur,132643,210
cust_0000000856,2024-04-21,Mumbai,249018,233
cust_0000000857,2025-09-14,Ahmedabad,170350,215
cust_0000000858,2026-03-21,Ahmedabad,120807,431
cust_0000000859,2024-03-16,Hyderabad,219796,167
cust_0000000860,2024-07-27,Chennai,52942,236
cust_0000000861,2025-09-21,Mumbai,106932,80
cust_0000000862,2024-07-04,Howrah,68444,277
cust_0000000863,2025-05-08,Jaipur,286870,132
cust_0000000864,2024-09-27,Jaipur,78036,250
cust_0000000865,2024-01-12,Delhi,53436,75
cust_0000000866,2024-02-16,Chennai,234883,117
cust_0000000867,2024-05-21,Howrah,340569,135
cust_0000000868,2025-12-09,Jaipur,1250128,179
cust_0000000869,2024-12-28,Bangalore,57390,34
cust_0000000870,2025-07-13,Chennai,254761,11
cust_0000000871,2026-03-05,Bangalore,122982,132
cust_0000000872,2026-03-03,Pune,51179,202
cust_0000000873,2024-02-07,Bangalore,134193,97
cust_0000000874,2025-09-18,Howrah,52926,170
cust_0000000875,2024-08-16,Kolkata,56145,82
cust_0000000876,2024-08-20,Delhi,353702,132
cust_0000000877,2025-03-09,Jaipur,189030,48
cust_0000000878,2024-03-12,Delhi,23549,329
cust_0000000879,2024-01-29,Howrah,62982,180
cust_0000000880,2024-09-15,Kolkata,83740,157
cust_0000000881,2025-11-18,Ahmedabad,148257,130
cust_0000000882,2025-03-13,Hyderabad,173186,297
cust_0000000883,2026-03-30,Delhi,78362,172
cust_0000000884,2024-12-07,Pune,20515,400
cust_0000000885,2024-01-27,Kolkata,22895,438
cust_0000000886,2025-03-04,Delhi,71939,469
cust_0000000887,2025-06-16,Kolkata,179737,151
cust_0000000888,2024-05-05,Mumbai,44620,273
cust_0000000889,2025-09-23,Delhi,128139,102
cust_0000000890,2024-09-04,Bangalore,111061,168
cust_0000000891,2025-05-30,Pune,52739,269
cust_0000000892,2023-12-17,Hyderabad,119001,148
cust_0000000893,2024-12-07,Bangalore,290088,263
cust_0000000894,2026-01-16,Jaipur,162601,179
cust_0000000895,2026-03-12,Jaipur,74190,350
cust_0000000896,2025-01-19,Jaipur,350700,14
cust_0000000897,2026-02-11,Mumbai,50281,67
cust_0000000898,2024-08-28,Hyderabad,100398,45
cust_0000000899,2024-08-11,Chennai,28800,316
cust_0000000900,2024-02-16,Pune,118487,297
cust_0000000901,2024-04-30,Mumbai,40760,23
cust_0000000902,2026-02-05,Chennai,184706,82
cust_0000000903,2024-04-14,Kolkata,140748,213
cust_0000000904,2026-04-15,Delhi,34439,353
cust_0000000905,2024-08-28,Pune,47764,51
cust_0000000906,2025-02-26,Ahmedabad,101113,46
cust_0000000907,2025-11-10,Delhi,83340,486
cust_0000000908,2025-12-10,Hyderabad,31284,111
cust_0000000909,2025-08-08,Pune,170798,24
cust_0000000910,2026-02-28,Hyderabad,56106,450
cust_0000000911,2026-04-28,Jaipur,313099,474
cust_0000000912,2025-08-03,Hyderabad,201350,123
cust_0000000913,2025-03-06,Mumbai,278055,165
cust_0000000914,2024-06-17,Chennai,136924,149
cust_0000000915,2024-11-28,Pune,180052,497
cust_0000000916,2024-05-13,Mumbai,124188,6
cust_0000000917,2025-11-26,Delhi,168555,147
cust_0000000918,2025-09-06,Delhi,90429,413
cust_0000000919,2025-02-25,Ahmedabad,72782,21
cust_0000000920,2024-01-24,Mumbai,193555,374
cust_0000000921,2026-02-22,Howrah,122927,493
cust_0000000922,2025-07-18,Bangalore,598834,70
cust_0000000923,2024-12-19,Ahmedabad,18387,292
cust_0000000924,2025-12-19,Howrah,296444,156
cust_0000000925,2026-01-02,Mumbai,165689,346
cust_0000000926,2025-10-31,Ahmedabad,851587,280
cust_0000000927,2024-12-25,Howrah,26446,89
cust_0000000928,2024-09-03,Mumbai,323709,474
cust_0000000929,2025-08-25,Mumbai,312894,37
cust_0000000930,2023-12-23,Ahmedabad,55835,42
cust_0000000931,2026-02-14,Ahmedabad,83254,32
cust_0000000932,2025-01-14,Ahmedabad,9124,237
cust_0000000933,2025-01-11,Bangalore,152908,398
cust_0000000934,2024-03-22,Kolkata,110991,445
cust_0000000935,2023-12-24,Chennai,138752,416
cust_0000000936,2024-01-31,Mumbai,375899,53
cust_0000000937,2024-03-22,Jaipur,171386,344
cust_0000000938,2024-07-08,Bangalore,157890,35
cust_0000000939,2025-06-18,Bangalore,85975,233
cust_0000000940,2025-04-25,Howrah,306017,384
cust_0000000941,2025-09-26,Mumbai,12837,79
cust_0000000942,2024-05-31,Ahmedabad,411726,289
cust_0000000943,2026-01-06,Jaipur,269649,424
cust_0000000944,2026-02-06,Bangalore,138669,287
cust_0000000945,2026-04-25,Bangalore,70458,382
cust_0000000946,2025-11-29,Jaipur,232406,171
cust_0000000947,2024-07-21,Ahmedabad,234383,298
cust_0000000948,2025-07-08,Hyderabad,17255,282
cust_0000000949,2026-04-23,Delhi,227688,495
cust_0000000950,2024-01-09,Bangalore,58840,254
cust_0000000951,2026-01-15,Pune,215277,300
cust_0000000952,2025-10-22,Hyderabad,106047,236
cust_0000000953,2024-03-17,Bangalore,37741,127
cust_0000000954,2025-01-29,Chennai,146790,436
cust_0000000955,2025-07-20,Chennai,451067,342
cust_0000000956,2024-03-03,Jaipur,79868,102
cust_0000000957,2025-01-20,Howrah,1070765,58
cust_0000000958,2025-05-28,Bangalore,77355,72
cust_0000000959,2026-03-05,Hyderabad,223058,66
cust_0000000960,2026-02-06,Delhi,98900,419
cust_0000000961,2026-02-07,Jaipur,79693,364
cust_0000000962,2026-01-30,Mumbai,58457,423
cust_0000000963,2024-10-30,Mumbai,101431,414
cust_0000000964,2024-03-18,Hyderabad,27600,236
cust_0000000965,2025-07-26,Delhi,202968,478
cust_0000000966,2026-03-12,Chennai,200159,209
cust_0000000967,2025-04-17,Howrah,105311,498
cust_0000000968,2025-02-23,Delhi,24618,347
cust_0000000969,2025-01-18,Ahmedabad,49338,287
cust_0000000970,2026-03-13,Mumbai,92985,425
cust_0000000971,2024-12-11,Howrah,186279,330
cust_0000000972,2024-11-08,Hyderabad,141241,146
cust_0000000973,2024-06-14,Hyderabad,50303,55
cust_0000000974,2026-01-31,Bangalore,79701,488
cust_0000000975,2024-04-03,Howrah,67712,49
cust_0000000976,2025-05-21,Chennai,23686,12
cust_0000000977,2024-08-02,Howrah,297789,298
cust_0000000978,2024-01-18,Chennai,62087,364
cust_0000000979,2025-04-09,Mumbai,13504,363
cust_0000000980,2025-06-15,Chennai,442445,168
cust_0000000981,2026-03-20,Howrah,120091,100
cust_0000000982,2025-12-14,Howrah,65251,193
cust_0000000983,2025-02-17,Jaipur,565248,57
cust_0000000984,2025-10-18,Howrah,43856,428
cust_0000000985,2025-06-03,Ahmedabad,88151,402
cust_0000000986,2024-12-20,Delhi,24264,451
cust_0000000987,2024-01-19,Delhi,140637,30
cust_0000000988,2024-01-13,Jaipur,116806,326
cust_0000000989,2025-02-02,Pune,45739,109
cust_0000000990,2024-07-22,Ahmedabad,1142162,102
cust_0000000991,2026-04-03,Hyderabad,72612,475
cust_0000000992,2025-02-24,Ahmedabad,67750,423
cust_0000000993,2026-03-17,Pune,178472,468
cust_0000000994,2026-03-15,Chennai,118872,440
cust_0000000995,2025-03-26,Ahmedabad,63642,64
cust_0000000996,2025-09-23,Mumbai,35302,161
cust_0000000997,2024-05-05,Mumbai,95417,117
cust_0000000998,2024-02-27,Chennai,54638,178
cust_0000000999,2025-12-12,Ahmedabad,360563,187
cust_0000001000,2024-06-30,Pune,72420,219
cust_0000001001,2025-12-22,Mumbai,147287,451
cust_0000001002,2024-01-29,Ahmedabad,113323,271
cust_0000001003,2024-11-09,Chennai,132682,346
cust_0000001004,2025-01-29,Mumbai,562442,455
cust_0000001005,2024-12-09,Delhi,133367,191
cust_0000001006,2025-07-20,Mumbai,98941,161
cust_0000001007,2025-02-15,Chennai,235233,173
cust_0000001008,2024-05-10,Bangalore,134859,444
cust_0000001009,2025-06-10,Kolkata,228423,90
cust_0000001010,2024-11-13,Howrah,55236,277
cust_0000001011,2025-01-15,Delhi,801906,323
cust_0000001012,2024-07-12,Jaipur,66963,276
cust_0000001013,2024-09-07,Bangalore,180401,134
cust_0000001014,2025-09-22,Kolkata,169596,408
cust_0000001015,2024-11-11,Delhi,250860,374
cust_0000001016,2025-09-29,Chennai,247682,164
cust_0000001017,2025-05-23,Hyderabad,63822,54
cust_0000001018,2025-03-30,Pune,226287,191
cust_0000001019,2026-04-19,Pune,64686,376
cust_0000001020,2025-03-15,Ahmedabad,180752,83
cust_0000001021,2024-11-09,Ahmedabad,90350,430
cust_0000001022,2024-02-14,Delhi,178853,193
cust_0000001023,2026-04-10,Howrah,21692,42
cust_0000001024,2024-08-12,Delhi,102966,302
cust_0000001025,2025-04-10,Bangalore,290479,87
cust_0000001026,2025-11-09,Kolkata,178643,428
cust_0000001027,2024-07-04,Hyderabad,125008,328
cust_0000001028,2024-04-12,Delhi,50121,367
cust_0000001029,2024-02-28,Howrah,25474,206
cust_0000001030,2024-02-08,Jaipur,168954,220
cust_0000001031,2025-05-10,Chennai,82181,231
cust_0000001032,2024-08-27,Hyderabad,70740,55
cust_0000001033,2025-12-28,Ahmedabad,675863,120
cust_0000001034,2024-06-17,Pune,24196,154
cust_0000001035,2024-03-22,Chennai,74228,248
cust_0000001036,2025-08-05,Hyderabad,77896,71
cust_0000001037,2025-02-26,Howrah,233463,431
cust_0000001038,2025-01-02,Ahmedabad,151483,178
cust_0000001039,2024-03-30,Howrah,362402,118
cust_0000001040,2024-12-10,Jaipur,46994,78
cust_0000001041,2025-04-30,Howrah,162874,174
cust_0000001042,2026-03-12,Bangalore,848192,496
cust_0000001043,2026-02-20,Ahmedabad,413016,444
cust_0000001044,2025-01-15,Pune,154556,96
cust_0000001045,2025-04-25,Pune,46063,108
cust_0000001046,2025-09-28,Ahmedabad,44944,358
cust_0000001047,2024-08-17,Jaipur,101407,289
cust_0000001048,2025-08-26,Ahmedabad,268360,415
cust_0000001049,2024-03-26,Jaipur,390161,400
cust_0000001050,2026-04-28,Pune,51804,38
cust_0000001051,2023-12-21,Bangalore,167378,407
cust_0000001052,2025-05-25,Hyderabad,52299,455
cust_0000001053,2024-02-16,Kolkata,141970,284
cust_0000001054,2025-01-20,Delhi,67222,160
cust_0000001055,2024-05-01,Jaipur,101328,200
cust_0000001056,2024-12-27,Bangalore,48894,283
cust_0000001057,2024-05-31,Pune,91887,39
cust_0000001058,2024-07-28,Chennai,24439,154
cust_0000001059,2024-11-14,Bangalore,63735,202
cust_0000001060,2025-02-23,Kolkata,59521,117
cust_0000001061,2025-02-21,Hyderabad,253345,409
cust_0000001062,2024-09-05,Hyderabad,59223,328
cust_0000001063,2024-06-05,Bangalore,437482,80
cust_0000001064,2026-02-16,Chennai,95372,392
cust_0000001065,2024-07-28,Hyderabad,410344,337
cust_0000001066,2025-12-05,Bangalore,118932,87
cust_0000001067,2024-01-28,Mumbai,104302,438
cust_0000001068,2025-10-10,Jaipur,325088,273
cust_0000001069,2026-04-05,Jaipur,90455,436
cust_0000001070,2024-04-22,Pune,186268,17
cust_0000001071,2025-05-30,Chennai,45830,356
cust_0000001072,2026-04-14,Kolkata,95262,158
cust_0000001073,2025-10-14,Chennai,69071,323
cust_0000001074,2024-06-05,Jaipur,42341,153
cust_0000001075,2025-09-27,Mumbai,126935,430
cust_0000001076,2024-01-17,Bangalore,107638,265
cust_0000001077,2023-12-22,Kolkata,139597,280
cust_0000001078,2025-02-07,Chennai,164391,129
cust_0000001079,2025-06-27,Kolkata,58401,88
cust_0000001080,2025-09-23,Hyderabad,74971,157
cust_0000001081,2026-01-04,Chennai,76540,446
cust_0000001082,2024-03-12,Mumbai,60779,102
cust_0000001083,2025-01-05,Chennai,399332,139
cust_0000001084,2024-12-02,Kolkata,88390,33
cust_0000001085,2025-01-27,Mumbai,448817,289
cust_0000001086,2023-12-23,Mumbai,165010,269
cust_0000001087,2025-12-01,Ahmedabad,89835,183
cust_0000001088,2025-03-16,Hyderabad,28801,388
cust_0000001089,2025-11-21,Jaipur,22569,21
cust_0000001090,2024-01-31,Bangalore,19660,268
cust_0000001091,2024-05-04,Chennai,43318,441
cust_0000001092,2025-05-14,Hyderabad,386309,256
cust_0000001093,2024-09-02,Chennai,171256,264
cust_0000001094,2025-04-17,Pune,50482,308
cust_0000001095,2026-02-04,Mumbai,40309,40
cust_0000001096,2024-12-04,Jaipur,132580,48
cust_0000001097,2024-09-22,Ahmedabad,157227,495
cust_0000001098,2025-08-28,Delhi,99027,113
cust_0000001099,2024-03-21,Bangalore,207119,378
cust_0000001100,2024-11-25,Howrah,96558,279
cust_0000001101,2025-02-09,Chennai,121614,71
cust_0000001102,2025-03-15,Delhi,41263,50
cust_0000001103,2024-10-25,Howrah,350146,112
cust_0000001104,2024-07-09,Pune,64752,358
cust_0000001105,2025-01-18,Kolkata,48573,195
cust_0000001106,2025-01-19,Ahmedabad,35143,232
cust_0000001107,2024-07-28,Ahmedabad,33976,424
cust_0000001108,2026-02-20,Chennai,107161,425
cust_0000001109,2025-06-29,Hyderabad,46872,386
cust_0000001110,2025-07-13,Jaipur,383860,306
cust_0000001111,2026-03-10,Pune,196415,63
cust_0000001112,2025-09-03,Bangalore,274506,287
cust_0000001113,2024-08-05,Jaipur,281142,87
cust_0000001114,2026-04-13,Mumbai,215336,212
cust_0000001115,2026-03-29,Kolkata,76948,281
cust_0000001116,2025-02-03,Bangalore,289606,131
cust_0000001117,2025-04-19,Hyderabad,194863,147
cust_0000001118,2024-09-22,Pune,240373,439
cust_0000001119,2024-01-22,Jaipur,25588,370
cust_0000001120,2026-03-14,Kolkata,67330,416
cust_0000001121,2024-05-26,Delhi,21289,114
cust_0000001122,2024-04-14,Kolkata,219273,105
cust_0000001123,2024-05-14,Howrah,184279,323
cust_0000001124,2024-01-24,Pune,74634,263
cust_0000001125,2025-06-13,Delhi,180862,394
cust_0000001126,2025-06-05,Kolkata,44151,380
cust_0000001127,2025-10-01,Howrah,60488,295
cust_0000001128,2024-03-23,Bangalore,155043,42
cust_0000001129,2024-07-04,Pune,110734,193
cust_0000001130,2025-09-03,Kolkata,73176,208
cust_0000001131,2025-07-27,Bangalore,99457,470
cust_0000001132,2025-03-25,Pune,295228,103
cust_0000001133,2024-07-21,Jaipur,65486,210
cust_0000001134,2024-09-14,Chennai,183725,264
cust_0000001135,2026-02-01,Ahmedabad,86813,66
cust_0000001136,2024-04-29,Kolkata,45317,153
cust_0000001137,2024-02-13,Hyderabad,120934,312
cust_0000001138,2024-03-19,Kolkata,140880,219
cust_0000001139,2025-09-27,Ahmedabad,65668,112
cust_0000001140,2026-01-19,Bangalore,75110,168
cust_0000001141,2025-01-27,Delhi,110376,85
cust_0000001142,2025-11-14,Mumbai,221250,157
cust_0000001143,2025-07-20,Howrah,234222,114
cust_0000001144,2025-05-11,Mumbai,201501,201
cust_0000001145,2026-01-28,Delhi,110572,77
cust_0000001146,2024-03-25,Jaipur,619839,324
cust_0000001147,2024-11-18,Hyderabad,1034785,48
cust_0000001148,2025-05-27,Jaipur,262660,434
cust_0000001149,2024-11-06,Delhi,170947,195
cust_0000001150,2025-04-17,Jaipur,134965,216
cust_0000001151,2023-12-17,Pune,117363,326
cust_0000001152,2025-08-15,Jaipur,184891,206
cust_0000001153,2024-02-20,Pune,60297,353
cust_0000001154,2024-04-04,Delhi,62719,80
cust_0000001155,2024-09-24,Howrah,263960,81
cust_0000001156,2024-05-17,Bangalore,375792,439
cust_0000001157,2026-04-03,Hyderabad,52337,499
cust_0000001158,2025-01-05,Mumbai,122849,64
cust_0000001159,2024-09-23,Delhi,49234,296
cust_0000001160,2025-09-22,Pune,54182,240
cust_0000001161,2025-06-19,Chennai,41262,299
cust_0000001162,2024-12-16,Bangalore,434326,360
cust_0000001163,2024-03-26,Hyderabad,183540,238
cust_0000001164,2024-07-30,Howrah,41727,457
cust_0000001165,2025-10-02,Delhi,121838,493
cust_0000001166,2024-05-07,Bangalore,67622,495
cust_0000001167,2025-12-07,Hyderabad,156676,212
cust_0000001168,2026-01-13,Howrah,215844,15
cust_0000001169,2024-01-20,Jaipur,109474,81
cust_0000001170,2026-02-10,Hyderabad,124574,236
cust_0000001171,2024-02-28,Delhi,81305,171
cust_0000001172,2024-09-11,Delhi,100766,165
cust_0000001173,2025-09-29,Delhi,61744,399
cust_0000001174,2024-10-09,Jaipur,36894,372
cust_0000001175,2024-12-03,Jaipur,117703,273
cust_0000001176,2025-07-12,Howrah,66221,83
cust_0000001177,2024-12-19,Bangalore,274929,237
cust_0000001178,2025-11-10,Pune,113803,134
cust_0000001179,2024-02-13,Kolkata,111658,410
cust_0000001180,2025-11-14,Pune,70875,112
cust_0000001181,2024-08-17,Delhi,109552,308
cust_0000001182,2024-05-11,Bangalore,631155,360
cust_0000001183,2024-11-21,Hyderabad,569793,124
cust_0000001184,2025-02-24,Mumbai,57261,466
cust_0000001185,2025-12-14,Pune,34874,396
cust_0000001186,2024-02-15,Ahmedabad,246192,457
cust_0000001187,2025-01-10,Mumbai,140689,239
cust_0000001188,2024-05-15,Pune,56031,427
cust_0000001189,2024-01-02,Pune,316645,415
cust_0000001190,2024-10-23,Chennai,9316,143
cust_0000001191,2024-07-23,Howrah,394208,388
cust_0000001192,2024-10-08,Chennai,480972,169
cust_0000001193,2026-02-22,Bangalore,112103,150
cust_0000001194,2025-07-30,Ahmedabad,134539,227
cust_0000001195,2024-09-02,Ahmedabad,160394,355
cust_0000001196,2024-07-02,Jaipur,38271,293
cust_0000001197,2025-07-23,Howrah,84124,372
cust_0000001198,2024-12-03,Kolkata,43864,91
cust_0000001199,2025-08-02,Howrah,121490,137
cust_0000001200,2024-04-23,Ahmedabad,34996,322
cust_0000001201,2025-06-08,Howrah,144229,36
cust_0000001202,2025-06-12,Bangalore,25983,79
cust_0000001203,2023-12-27,Hyderabad,59380,310
cust_0000001204,2024-03-01,Mumbai,276625,290
cust_0000001205,2024-10-27,Bangalore,106670,462
cust_0000001206,2024-09-24,Hyderabad,146001,197
cust_0000001207,2024-07-19,Delhi,32697,233
cust_0000001208,2025-08-02,Pune,63327,395
cust_0000001209,2025-09-28,Kolkata,101155,53
cust_0000001210,2024-05-15,Pune,138486,305
cust_0000001211,2024-11-14,Delhi,73335,80
cust_0000001212,2024-04-28,Bangalore,133914,119
cust_0000001213,2024-11-28,Delhi,195209,126
cust_0000001214,2025-12-10,Ahmedabad,942574,40
cust_0000001215,2025-04-09,Pune,55014,95
cust_0000001216,2025-12-29,Hyderabad,229273,161
cust_0000001217,2026-04-18,Mumbai,337489,408
cust_0000001218,2025-01-18,Hyderabad,27231,10
cust_0000001219,2024-03-05,Mumbai,72323,307
cust_0000001220,2026-02-15,Pune,85975,123
cust_0000001221,2025-10-21,Bangalore,917093,331
cust_0000001222,2025-08-12,Hyderabad,122023,272
cust_0000001223,2025-07-31,Kolkata,65849,229
cust_0000001224,2024-07-23,Chennai,154190,198
cust_0000001225,2024-04-01,Delhi,67979,425
cust_0000001226,2025-05-28,Jaipur,423488,451
cust_0000001227,2026-03-22,Howrah,55226,198
cust_0000001228,2024-11-10,Bangalore,67167,469
cust_0000001229,2024-01-24,Mumbai,32297,479
cust_0000001230,2024-08-26,Hyderabad,100239,34
cust_0000001231,2024-09-21,Hyderabad,36265,324
cust_0000001232,2025-04-16,Delhi,169958,144
cust_0000001233,2025-08-13,Howrah,100596,357
cust_0000001234,2024-12-01,Pune,340750,240
cust_0000001235,2024-10-29,Hyderabad,49234,338
cust_0000001236,2024-05-27,Bangalore,78355,327
cust_0000001237,2025-12-12,Ahmedabad,175558,168
cust_0000001238,2024-06-13,Kolkata,268724,343
cust_0000001239,2025-11-16,Bangalore,48629,68
cust_0000001240,2024-11-05,Pune,39366,66
cust_0000001241,2025-04-26,Chennai,71546,53
cust_0000001242,2024-09-07,Mumbai,316720,255
cust_0000001243,2024-07-09,Chennai,1014390,33
cust_0000001244,2026-03-02,Hyderabad,110071,12
cust_0000001245,2025-08-12,Kolkata,162250,498
cust_0000001246,2026-03-02,Mumbai,237592,205
cust_0000001247,2024-10-23,Mumbai,26667,357
cust_0000001248,2025-12-25,Ahmedabad,50701,171
cust_0000001249,2026-05-02,Howrah,23210,180
cust_0000001250,2024-05-30,Delhi,72070,244
cust_0000001251,2025-07-18,Ahmedabad,134818,33
cust_0000001252,2024-06-21,Jaipur,213323,389
cust_0000001253,2023-12-30,Jaipur,48549,75
cust_0000001254,2026-03-16,Hyderabad,334206,37
cust_0000001255,2024-09-09,Mumbai,254946,98
cust_0000001256,2025-01-17,Mumbai,39528,152
cust_0000001257,2023-12-26,Delhi,60738,356
cust_0000001258,2025-01-01,Jaipur,43947,173
cust_0000001259,2026-03-29,Hyderabad,221512,185
cust_0000001260,2024-09-02,Mumbai,114160,314
cust_0000001261,2024-02-07,Ahmedabad,123474,248
cust_0000001262,2024-05-14,Delhi,135506,495
cust_0000001263,2026-02-21,Delhi,469561,432
cust_0000001264,2025-12-28,Delhi,215152,148
cust_0000001265,2025-11-14,Bangalore,95536,278
cust_0000001266,2025-03-05,Pune,148058,381
cust_0000001267,2025-05-30,Chennai,203629,51
cust_0000001268,2024-12-27,Delhi,180976,270
cust_0000001269,2024-07-09,Ahmedabad,159017,458
cust_0000001270,2024-07-26,Pune,200134,424
cust_0000001271,2025-05-05,Bangalore,114900,35
cust_0000001272,2025-10-30,Delhi,39844,315
cust_0000001273,2025-07-01,Jaipur,286154,396
cust_0000001274,2024-01-05,Chennai,92489,426
cust_0000001275,2024-07-21,Pune,53747,11
cust_0000001276,2024-05-21,Bangalore,76662,418
cust_0000001277,2025-09-06,Mumbai,232634,381
cust_0000001278,2025-08-24,Pune,135999,395
cust_0000001279,2024-05-30,Kolkata,48391,101
cust_0000001280,2025-08-19,Pune,63433,88
cust_0000001281,2025-04-15,Delhi,1214395,261
cust_0000001282,2025-06-18,Mumbai,58499,12
cust_0000001283,2026-01-07,Bangalore,179363,146
cust_0000001284,2025-10-03,Howrah,61377,330
cust_0000001285,2024-03-12,Hyderabad,49847,459
cust_0000001286,2024-06-17,Bangalore,37632,441
cust_0000001287,2025-01-04,Bangalore,203805,401
cust_0000001288,2024-11-16,Ahmedabad,220642,65
cust_0000001289,2024-01-08,Kolkata,238458,139
cust_0000001290,2024-01-28,Kolkata,154382,141
cust_0000001291,2024-06-02,Ahmedabad,28479,157
cust_0000001292,2025-09-06,Chennai,204076,7
cust_0000001293,2026-02-22,Bangalore,45350,40
cust_0000001294,2026-04-20,Kolkata,32187,36
cust_0000001295,2025-10-16,Jaipur,52340,382
cust_0000001296,2025-07-07,Jaipur,98809,469
cust_0000001297,2024-01-19,Delhi,33981,322
cust_0000001298,2024-09-09,Hyderabad,75261,279
cust_0000001299,2024-05-19,Kolkata,312486,269
cust_0000001300,2025-12-30,Howrah,161335,319
cust_0000001301,2024-10-01,Mumbai,168871,141
cust_0000001302,2026-02-02,Mumbai,66947,420
cust_0000001303,2024-10-24,Delhi,103756,213
cust_0000001304,2026-03-30,Mumbai,273881,234
cust_0000001305,2025-06-30,Hyderabad,33521,291
cust_0000001306,2025-01-13,Kolkata,270173,9
cust_0000001307,2024-01-13,Jaipur,118421,251
cust_0000001308,2024-04-13,Kolkata,137963,72
cust_0000001309,2024-02-03,Kolkata,48148,131
cust_0000001310,2024-04-05,Jaipur,34096,171
cust_0000001311,2026-03-22,Bangalore,29663,17
cust_0000001312,2025-03-18,Chennai,41664,62
cust_0000001313,2024-02-10,Chennai,70891,275
cust_0000001314,2024-06-18,Pune,213699,245
cust_0000001315,2026-03-08,Ahmedabad,38899,55
cust_0000001316,2026-02-07,Mumbai,138518,166
cust_0000001317,2026-04-22,Hyderabad,169698,355
cust_0000001318,2025-12-30,Ahmedabad,32542,104
cust_0000001319,2024-04-26,Mumbai,129627,425
cust_0000001320,2024-03-21,Chennai,30962,38
cust_0000001321,2024-02-01,Pune,78577,17
cust_0000001322,2026-02-22,Bangalore,481683,97
cust_0000001323,2025-07-01,Chennai,80941,442
cust_0000001324,2024-05-31,Bangalore,147655,97
cust_0000001325,2025-07-11,Howrah,70527,83
cust_0000001326,2025-11-17,Delhi,105887,228
cust_0000001327,2024-09-25,Delhi,52497,296
cust_0000001328,2024-03-26,Hyderabad,93474,445
cust_0000001329,2026-04-04,Ahmedabad,19536,24
cust_0000001330,2026-04-12,Howrah,16419,153
cust_0000001331,2025-06-27,Jaipur,76528,242
cust_0000001332,2024-12-28,Pune,66417,431
cust_0000001333,2025-07-30,Bangalore,56314,294
cust_0000001334,2024-04-11,Chennai,288111,346
cust_0000001335,2025-07-19,Howrah,43456,325
cust_0000001336,2025-05-21,Delhi,70255,6
cust_0000001337,2024-03-17,Ahmedabad,64891,428
cust_0000001338,2026-04-22,Delhi,103812,364
cust_0000001339,2025-04-28,Pune,125687,458
cust_0000001340,2025-01-30,Kolkata,255415,21
cust_0000001341,2025-08-26,Kolkata,1767066,461
cust_0000001342,2024-10-01,Chennai,206650,283
cust_0000001343,2024-09-13,Jaipur,73545,472
cust_0000001344,2025-02-02,Kolkata,93752,440
cust_0000001345,2026-01-02,Bangalore,291816,487
cust_0000001346,2024-10-14,Mumbai,60004,432
cust_0000001347,2024-02-16,Hyderabad,220063,59
cust_0000001348,2026-02-25,Pune,127278,426
cust_0000001349,2026-03-04,Kolkata,248764,264
cust_0000001350,2025-02-23,Jaipur,116179,409
cust_0000001351,2024-05-26,Howrah,86684,129
cust_0000001352,2024-04-01,Chennai,20093,395
cust_0000001353,2024-10-06,Chennai,115353,258
cust_0000001354,2025-01-19,Mumbai,170137,310
cust_0000001355,2025-10-13,Mumbai,25334,394
cust_0000001356,2024-08-18,Mumbai,500802,145
cust_0000001357,2024-04-14,Bangalore,29252,331
cust_0000001358,2026-01-27,Kolkata,128669,179
cust_0000001359,2025-01-28,Ahmedabad,48041,439
cust_0000001360,2024-09-07,Jaipur,230561,364
cust_0000001361,2024-12-29,Jaipur,80380,492
cust_0000001362,2025-04-08,Bangalore,340794,79
cust_0000001363,2024-12-30,Kolkata,43806,164
cust_0000001364,2025-04-14,Mumbai,14355,161
cust_0000001365,2025-09-15,Mumbai,47556,25
cust_0000001366,2024-03-26,Howrah,112665,78
cust_0000001367,2025-07-14,Pune,144056,379
cust_0000001368,2025-09-16,Howrah,27516,23
cust_0000001369,2024-09-08,Pune,64839,5
cust_0000001370,2026-04-06,Mumbai,192501,319
cust_0000001371,2024-06-21,Delhi,46012,451
cust_0000001372,2026-04-06,Mumbai,146908,132
cust_0000001373,2025-04-05,Howrah,60063,8
cust_0000001374,2025-05-31,Bangalore,107375,50
cust_0000001375,2024-06-12,Howrah,27196,154
cust_0000001376,2025-03-08,Howrah,23184,408
cust_0000001377,2025-04-15,Hyderabad,42735,278
cust_0000001378,2025-03-21,Kolkata,48614,346
cust_0000001379,2025-04-21,Kolkata,20593,454
cust_0000001380,2025-12-03,Jaipur,230409,145
cust_0000001381,2025-04-13,Mumbai,282614,419
cust_0000001382,2024-03-07,Chennai,207703,103
cust_0000001383,2024-07-19,Howrah,78838,374
cust_0000001384,2024-06-13,Bangalore,105753,478
cust_0000001385,2024-04-18,Howrah,17764,68
cust_0000001386,2024-12-21,Ahmedabad,40534,375
cust_0000001387,2024-07-12,Kolkata,121636,427
cust_0000001388,2024-03-10,Kolkata,331281,195
cust_0000001389,2026-05-02,Jaipur,98850,360
cust_0000001390,2026-04-07,Chennai,1380799,217
cust_0000001391,2024-05-28,Kolkata,154494,142
cust_0000001392,2025-02-05,Jaipur,223781,66
cust_0000001393,2023-12-25,Kolkata,387818,459
cust_0000001394,2024-03-18,Hyderabad,34677,425
cust_0000001395,2025-12-04,Ahmedabad,61018,383
cust_0000001396,2025-01-28,Chennai,620128,421
cust_0000001397,2026-01-27,Hyderabad,114351,255
cust_0000001398,2023-12-22,Kolkata,296729,466
cust_0000001399,2025-12-20,Jaipur,75054,244
cust_0000001400,2025-03-07,Mumbai,105999,17
cust_0000001401,2025-03-17,Pune,206682,354
cust_0000001402,2025-08-16,Hyderabad,408721,357
cust_0000001403,2024-12-03,Bangalore,135653,155
cust_0000001404,2025-07-09,Ahmedabad,219731,272
cust_0000001405,2024-03-23,Delhi,30754,168
cust_0000001406,2024-10-11,Kolkata,170668,487
cust_0000001407,2023-12-17,Bangalore,373765,426
cust_0000001408,2025-03-29,Ahmedabad,254722,144
cust_0000001409,2025-07-07,Bangalore,83473,149
cust_0000001410,2026-03-29,Hyderabad,33758,270
cust_0000001411,2024-02-17,Kolkata,16017,259
cust_0000001412,2025-02-02,Hyderabad,111493,42
cust_0000001413,2024-03-07,Bangalore,244160,486
cust_0000001414,2025-07-27,Ahmedabad,240885,12
cust_0000001415,2025-03-08,Bangalore,212094,156
cust_0000001416,2025-11-27,Hyderabad,88577,120
cust_0000001417,2025-08-08,Bangalore,46415,164
cust_0000001418,2024-11-28,Howrah,401074,214
cust_0000001419,2025-09-21,Delhi,270573,41
cust_0000001420,2026-03-24,Hyderabad,187285,315
cust_0000001421,2025-05-18,Howrah,360444,457
cust_0000001422,2024-03-11,Ahmedabad,126822,61
cust_0000001423,2025-03-07,Howrah,93158,149
cust_0000001424,2025-04-10,Ahmedabad,43140,118
cust_0000001425,2024-05-31,Bangalore,31279,26
cust_0000001426,2025-03-15,Jaipur,151183,123
cust_0000001427,2025-04-16,Bangalore,163895,69
cust_0000001428,2026-04-29,Chennai,198056,222
cust_0000001429,2024-02-09,Chennai,113717,75
cust_0000001430,2025-09-30,Bangalore,47894,129
cust_0000001431,2025-10-18,Howrah,155037,167
cust_0000001432,2025-02-06,Pune,99133,458
cust_0000001433,2024-11-24,Kolkata,92696,185
cust_0000001434,2025-06-30,Delhi,167593,145
cust_0000001435,2024-01-15,Bangalore,254980,142
cust_0000001436,2024-08-07,Kolkata,52702,204
cust_0000001437,2024-09-28,Hyderabad,150538,443
cust_0000001438,2025-11-03,Pune,86285,75
cust_0000001439,2025-11-18,Hyderabad,465145,482
cust_0000001440,2025-02-07,Chennai,182913,238
cust_0000001441,2024-12-06,Chennai,37758,411
cust_0000001442,2026-02-28,Bangalore,252543,254
cust_0000001443,2025-01-23,Hyderabad,90651,19
cust_0000001444,2026-01-24,Ahmedabad,52128,222
cust_0000001445,2026-03-18,Bangalore,121443,178
cust_0000001446,2025-10-08,Howrah,380150,217
cust_0000001447,2024-04-15,Jaipur,209145,109
cust_0000001448,2024-03-01,Howrah,235848,382
cust_0000001449,2025-07-30,Chennai,222265,83
cust_0000001450,2024-03-20,Kolkata,105309,270
cust_0000001451,2026-03-14,Jaipur,19871,454
cust_0000001452,2025-03-14,Ahmedabad,181133,199
cust_0000001453,2025-10-05,Howrah,195963,109
cust_0000001454,2025-07-16,Delhi,103742,58
cust_0000001455,2024-12-18,Ahmedabad,683015,307
cust_0000001456,2024-07-28,Bangalore,53395,462
cust_0000001457,2024-06-14,Howrah,104876,164
cust_0000001458,2024-02-18,Chennai,164143,439
cust_0000001459,2026-03-17,Mumbai,1033679,89
cust_0000001460,2023-12-23,Kolkata,22197,49
cust_0000001461,2025-11-23,Chennai,262128,177
cust_0000001462,2025-06-14,Jaipur,407389,178
cust_0000001463,2025-06-05,Bangalore,226536,302
cust_0000001464,2024-11-06,Mumbai,222578,122
cust_0000001465,2024-07-17,Bangalore,195980,153
cust_0000001466,2024-12-03,Mumbai,72263,24
cust_0000001467,2025-04-23,Mumbai,123585,125
cust_0000001468,2025-05-01,Chennai,320489,271
cust_0000001469,2026-03-11,Pune,150024,168
cust_0000001470,2025-10-05,Pune,62339,441
cust_0000001471,2024-08-02,Delhi,282670,380
cust_0000001472,2024-01-20,Jaipur,114330,444
cust_0000001473,2024-04-21,Howrah,330848,366
cust_0000001474,2025-05-10,Ahmedabad,320203,296
cust_0000001475,2025-03-15,Chennai,97796,259
cust_0000001476,2024-09-21,Ahmedabad,86503,362
cust_0000001477,2024-05-19,Ahmedabad,135777,481
cust_0000001478,2024-11-19,Bangalore,490641,54
cust_0000001479,2024-07-13,Bangalore,61236,453
cust_0000001480,2025-04-08,Chennai,394729,452
cust_0000001481,2025-12-08,Bangalore,375431,131
cust_0000001482,2025-03-15,Hyderabad,138163,398
cust_0000001483,2025-04-14,Kolkata,209473,98
cust_0000001484,2026-04-09,Ahmedabad,88929,12
cust_0000001485,2026-02-13,Bangalore,48480,128
cust_0000001486,2024-04-13,Ahmedabad,157529,292
cust_0000001487,2025-11-09,Hyderabad,145574,258
cust_0000001488,2024-07-12,Kolkata,110610,317
cust_0000001489,2025-03-24,Kolkata,23022,134
cust_0000001490,2025-08-30,Bangalore,176168,122
cust_0000001491,2025-12-10,Kolkata,19261,166
cust_0000001492,2025-05-16,Mumbai,42731,402
cust_0000001493,2026-03-13,Ahmedabad,59096,258
cust_0000001494,2025-10-21,Howrah,181780,149
cust_0000001495,2024-10-31,Howrah,73255,480
cust_0000001496,2025-05-19,Pune,36817,237
cust_0000001497,2024-06-12,Kolkata,1165903,353
cust_0000001498,2024-11-11,Mumbai,101531,56
cust_0000001499,2024-01-17,Kolkata,33359,418
cust_0000001500,2025-09-01,Jaipur,58445,181
cust_0000001501,2025-01-31,Delhi,42164,480
cust_0000001502,2025-01-28,Delhi,49157,312
cust_0000001503,2024-09-02,Pune,54290,165
cust_0000001504,2026-04-24,Mumbai,93382,54
cust_0000001505,2024-12-29,Chennai,96503,326
cust_0000001506,2025-03-01,Hyderabad,200095,12
cust_0000001507,2025-09-07,Bangalore,117914,107
cust_0000001508,2026-02-25,Howrah,219126,140
cust_0000001509,2026-04-15,Kolkata,165204,334
cust_0000001510,2024-06-16,Pune,205241,131
cust_0000001511,2024-06-07,Ahmedabad,249016,73
cust_0000001512,2024-03-29,Chennai,134697,361
cust_0000001513,2025-04-23,Jaipur,141357,216
cust_0000001514,2026-02-23,Bangalore,206155,401
cust_0000001515,2024-05-01,Kolkata,78264,315
cust_0000001516,2026-01-29,Chennai,70682,276
cust_0000001517,2024-08-12,Bangalore,59843,139
cust_0000001518,2026-01-10,Howrah,55454,319
cust_0000001519,2024-11-05,Kolkata,193647,312
cust_0000001520,2024-06-19,Kolkata,24467,146
cust_0000001521,2025-08-23,Hyderabad,57007,344
cust_0000001522,2023-12-27,Mumbai,62102,221
cust_0000001523,2025-08-29,Ahmedabad,216895,323
cust_0000001524,2025-02-09,Pune,91694,190
cust_0000001525,2024-08-03,Chennai,156764,121
cust_0000001526,2026-02-28,Bangalore,217209,255
cust_0000001527,2025-09-03,Ahmedabad,186550,198
cust_0000001528,2025-04-12,Pune,252054,192
cust_0000001529,2024-06-02,Pune,252700,354
cust_0000001530,2025-04-20,Mumbai,32717,405
cust_0000001531,2026-04-08,Mumbai,179270,175
cust_0000001532,2025-10-23,Jaipur,48503,142
cust_0000001533,2024-12-28,Delhi,102859,311
cust_0000001534,2024-09-27,Kolkata,20702,422
cust_0000001535,2025-11-06,Ahmedabad,370157,64
cust_0000001536,2024-12-12,Jaipur,81529,107
cust_0000001537,2026-05-01,Delhi,544854,14
cust_0000001538,2024-05-23,Kolkata,441981,263
cust_0000001539,2024-02-27,Ahmedabad,210060,234
cust_0000001540,2025-08-28,Jaipur,191614,291
cust_0000001541,2023-12-26,Ahmedabad,42415,464
cust_0000001542,2025-05-01,Bangalore,82287,422
cust_0000001543,2024-10-02,Hyderabad,89911,263
cust_0000001544,2024-05-02,Jaipur,10327,372
cust_0000001545,2025-08-05,Ahmedabad,126545,71
cust_0000001546,2025-01-13,Delhi,139519,368
cust_0000001547,2024-05-28,Bangalore,68254,267
cust_0000001548,2026-01-31,Howrah,74884,52
cust_0000001549,2024-05-25,Chennai,103636,275
cust_0000001550,2024-09-07,Ahmedabad,83691,19
cust_0000001551,2025-03-16,Bangalore,332352,196
cust_0000001552,2025-01-08,Howrah,81554,205
cust_0000001553,2025-02-05,Howrah,236566,331
cust_0000001554,2024-06-29,Kolkata,39833,433
cust_0000001555,2024-04-08,Bangalore,754848,461
cust_0000001556,2026-03-07,Bangalore,397583,128
cust_0000001557,2025-01-21,Mumbai,184519,73
cust_0000001558,2026-02-09,Jaipur,94140,396
cust_0000001559,2024-12-09,Hyderabad,101319,22
cust_0000001560,2024-11-21,Kolkata,118488,227
cust_0000001561,2025-07-08,Kolkata,100768,251
cust_0000001562,2024-06-07,Mumbai,52858,464
cust_0000001563,2025-11-22,Howrah,56238,306
cust_0000001564,2024-05-09,Delhi,119079,164
cust_0000001565,2025-11-01,Ahmedabad,38984,438
cust_0000001566,2024-04-17,Bangalore,156451,170
cust_0000001567,2024-01-19,Hyderabad,208537,358
cust_0000001568,2026-01-25,Mumbai,23411,104
cust_0000001569,2023-12-24,Pune,159660,57
cust_0000001570,2026-03-13,Howrah,181996,266
cust_0000001571,2026-01-10,Jaipur,43538,140
cust_0000001572,2024-02-12,Howrah,34694,214
cust_0000001573,2025-02-23,Delhi,76248,218
cust_0000001574,2026-03-03,Delhi,33980,288
cust_0000001575,2025-12-27,Hyderabad,70640,102
cust_0000001576,2024-12-15,Mumbai,333492,455
cust_0000001577,2026-03-16,Pune,115346,249
cust_0000001578,2024-01-12,Pune,86619,299
cust_0000001579,2025-04-14,Bangalore,36725,120
cust_0000001580,2026-04-25,Howrah,42381,219
cust_0000001581,2025-10-23,Mumbai,26017,495
cust_0000001582,2025-03-19,Jaipur,61841,273
cust_0000001583,2025-04-29,Ahmedabad,195488,165
cust_0000001584,2026-04-26,Bangalore,89073,335
cust_0000001585,2026-02-09,Hyderabad,991383,173
cust_0000001586,2026-01-08,Delhi,42985,137
cust_0000001587,2025-06-26,Kolkata,370461,124
cust_0000001588,2025-08-13,Chennai,33415,37
cust_0000001589,2025-02-26,Kolkata,88033,84
cust_0000001590,2025-10-04,Pune,133841,497
cust_0000001591,2025-12-04,Chennai,146670,26
cust_0000001592,2025-04-28,Chennai,199669,326
cust_0000001593,2025-09-26,Jaipur,243943,48
cust_0000001594,2025-07-24,Hyderabad,30162,490
cust_0000001595,2025-11-15,Kolkata,42384,451
cust_0000001596,2024-08-03,Hyderabad,294913,220
cust_0000001597,2024-10-12,Pune,132316,242
cust_0000001598,2024-10-16,Jaipur,116594,94
cust_0000001599,2025-06-28,Bangalore,121641,275
cust_0000001600,2024-05-26,Delhi,131023,329
cust_0000001601,2025-08-03,Chennai,333872,192
cust_0000001602,2026-03-27,Ahmedabad,18623,260
cust_0000001603,2024-07-16,Pune,105776,462
cust_0000001604,2024-07-18,Kolkata,103321,332
cust_0000001605,2025-10-04,Mumbai,112255,360
cust_0000001606,2025-04-14,Jaipur,265690,93
cust_0000001607,2025-01-11,Pune,52009,414
cust_0000001608,2025-07-31,Ahmedabad,174636,158
cust_0000001609,2024-01-24,Kolkata,88401,401
cust_0000001610,2025-03-06,Jaipur,42838,377
cust_0000001611,2025-12-13,Bangalore,43214,63
cust_0000001612,2026-01-04,Hyderabad,135443,369
cust_0000001613,2024-09-05,Ahmedabad,60094,94
cust_0000001614,2024-07-02,Howrah,87266,303
cust_0000001615,2025-05-02,Mumbai,220328,19
cust_0000001616,2024-05-24,Kolkata,79490,220
cust_0000001617,2024-12-19,Jaipur,53095,228
cust_0000001618,2025-12-08,Howrah,162934,150
cust_0000001619,2024-08-06,Kolkata,48431,272
cust_0000001620,2024-03-27,Jaipur,83344,16
cust_0000001621,2024-11-12,Pune,188504,93
cust_0000001622,2025-03-13,Delhi,87905,289
cust_0000001623,2024-05-05,Delhi,35496,113
cust_0000001624,2025-11-09,Howrah,140246,78
cust_0000001625,2024-11-08,Chennai,397114,453
cust_0000001626,2025-04-15,Bangalore,167359,222
cust_0000001627,2025-01-01,Howrah,313272,454
cust_0000001628,2024-09-22,Mumbai,203501,29
cust_0000001629,2024-08-07,Kolkata,127903,261
cust_0000001630,2025-08-02,Howrah,261964,445
cust_0000001631,2024-07-01,Howrah,110176,385
cust_0000001632,2025-07-30,Bangalore,32345,180
cust_0000001633,2024-04-10,Chennai,49341,244
cust_0000001634,2024-08-30,Jaipur,194154,299
cust_0000001635,2024-03-22,Kolkata,130865,498
cust_0000001636,2024-11-17,Delhi,186037,403
cust_0000001637,2025-03-12,Chennai,57128,454
cust_0000001638,2024-10-24,Hyderabad,107940,29
cust_0000001639,2025-04-26,Delhi,93787,257
cust_0000001640,2025-07-07,Mumbai,106611,44
cust_0000001641,2024-04-18,Delhi,46110,398
cust_0000001642,2024-10-27,Howrah,65880,398
cust_0000001643,2026-04-03,Chennai,115853,239
cust_0000001644,2025-04-27,Bangalore,157056,53
cust_0000001645,2024-09-09,Mumbai,183515,210
cust_0000001646,2023-12-27,Bangalore,77383,168
cust_0000001647,2025-04-16,Hyderabad,208414,292
cust_0000001648,2026-03-17,Mumbai,136709,23
cust_0000001649,2026-03-02,Bangalore,60980,107
cust_0000001650,2024-10-01,Chennai,159360,265
cust_0000001651,2024-04-14,Delhi,102527,321
cust_0000001652,2026-04-04,Bangalore,89997,494
cust_0000001653,2025-05-16,Pune,94931,232
cust_0000001654,2024-03-24,Jaipur,52208,153
cust_0000001655,2023-12-18,Hyderabad,71135,395
cust_0000001656,2026-01-11,Chennai,297175,280
cust_0000001657,2023-12-27,Pune,117623,449
cust_0000001658,2025-11-24,Hyderabad,107730,441
cust_0000001659,2024-09-01,Kolkata,23401,459
cust_0000001660,2024-01-10,Ahmedabad,850904,457
cust_0000001661,2026-01-06,Jaipur,55069,249
cust_0000001662,2025-10-09,Mumbai,22404,497
cust_0000001663,2025-01-07,Jaipur,228916,143
cust_0000001664,2023-12-22,Chennai,182337,53
cust_0000001665,2024-03-24,Ahmedabad,54440,55
cust_0000001666,2024-09-16,Bangalore,220432,424
cust_0000001667,2026-01-30,Mumbai,345930,374
cust_0000001668,2024-02-26,Hyderabad,181328,341
cust_0000001669,2026-03-10,Hyderabad,61492,105
cust_0000001670,2024-07-08,Pune,63404,37
cust_0000001671,2025-04-07,Chennai,263645,285
cust_0000001672,2026-02-17,Delhi,61336,172
cust_0000001673,2026-03-02,Bangalore,44586,343
cust_0000001674,2025-03-21,Delhi,101290,374
cust_0000001675,2025-07-16,Ahmedabad,83390,113
cust_0000001676,2024-12-26,Ahmedabad,273930,444
cust_0000001677,2025-11-30,Kolkata,150236,131
cust_0000001678,2024-07-23,Jaipur,63384,237
cust_0000001679,2024-08-03,Hyderabad,131486,38
cust_0000001680,2025-01-02,Delhi,96150,404
cust_0000001681,2024-04-07,Pune,90687,329
cust_0000001682,2024-10-27,Hyderabad,393641,71
cust_0000001683,2025-03-14,Chennai,119378,360
cust_0000001684,2025-05-01,Bangalore,23044,159
cust_0000001685,2026-04-14,Pune,406051,401
cust_0000001686,2025-09-06,Howrah,59186,80
cust_0000001687,2025-11-21,Mumbai,151789,423
cust_0000001688,2024-09-21,Mumbai,165310,282
cust_0000001689,2025-03-24,Jaipur,33190,143
cust_0000001690,2024-12-14,Jaipur,89514,220
cust_0000001691,2025-08-29,Jaipur,39392,344
cust_0000001692,2024-08-26,Chennai,172552,251
cust_0000001693,2024-05-23,Mumbai,189381,379
cust_0000001694,2025-02-15,Jaipur,49549,68
cust_0000001695,2024-05-30,Mumbai,41829,109
cust_0000001696,2024-03-31,Mumbai,148469,470
cust_0000001697,2024-04-17,Chennai,54071,351
cust_0000001698,2024-01-12,Mumbai,30633,68
cust_0000001699,2024-11-13,Mumbai,106843,448
cust_0000001700,2024-02-10,Delhi,78773,498
cust_0000001701,2025-10-26,Jaipur,740201,304
cust_0000001702,2025-11-12,Mumbai,184209,101
cust_0000001703,2026-02-26,Chennai,346260,405
cust_0000001704,2025-05-10,Kolkata,25077,91
cust_0000001705,2024-12-06,Bangalore,146039,345
cust_0000001706,2024-05-19,Kolkata,178388,97
cust_0000001707,2023-12-17,Hyderabad,382993,11
cust_0000001708,2025-11-07,Delhi,243800,93
cust_0000001709,2025-07-07,Mumbai,80498,315
cust_0000001710,2026-04-10,Chennai,180531,120
cust_0000001711,2025-09-20,Kolkata,98429,311
cust_0000001712,2025-04-11,Jaipur,168525,15
cust_0000001713,2024-04-20,Chennai,77448,412
cust_0000001714,2024-03-05,Chennai,2082529,341
cust_0000001715,2026-03-12,Ahmedabad,58968,277
cust_0000001716,2025-07-26,Mumbai,634311,191
cust_0000001717,2024-05-02,Jaipur,247606,55
cust_0000001718,2024-10-17,Jaipur,46178,438
cust_0000001719,2025-03-16,Pune,331559,39
cust_0000001720,2025-09-19,Mumbai,134412,398
cust_0000001721,2025-02-12,Ahmedabad,195218,68
cust_0000001722,2026-04-17,Delhi,39978,46
cust_0000001723,2025-10-11,Howrah,42677,475
cust_0000001724,2023-12-21,Hyderabad,107034,365
cust_0000001725,2025-02-04,Chennai,172112,95
cust_0000001726,2023-12-15,Mumbai,86183,295
cust_0000001727,2026-03-18,Bangalore,169281,347
cust_0000001728,2024-04-15,Jaipur,265172,351
cust_0000001729,2025-03-06,Hyderabad,299834,125
cust_0000001730,2024-07-14,Chennai,142600,446
cust_0000001731,2024-01-02,Howrah,72045,240
cust_0000001732,2024-06-22,Chennai,71348,359
cust_0000001733,2025-04-22,Ahmedabad,149276,63
cust_0000001734,2025-05-14,Chennai,34928,470
cust_0000001735,2024-12-05,Kolkata,156421,363
cust_0000001736,2024-08-05,Delhi,77417,117
cust_0000001737,2026-04-10,Hyderabad,88399,163
cust_0000001738,2025-08-15,Bangalore,389560,57
cust_0000001739,2024-04-30,Chennai,224862,155
cust_0000001740,2025-02-09,Delhi,502953,77
cust_0000001741,2024-12-12,Delhi,59462,381
cust_0000001742,2025-09-15,Chennai,73680,29
cust_0000001743,2025-06-24,Pune,50314,94
cust_0000001744,2025-04-13,Hyderabad,164579,424
cust_0000001745,2024-06-24,Hyderabad,60574,374
cust_0000001746,2025-02-13,Mumbai,73580,387
cust_0000001747,2025-03-21,Chennai,57242,460
cust_0000001748,2025-03-15,Howrah,109689,379
cust_0000001749,2025-12-11,Pune,720479,30
cust_0000001750,2024-08-19,Hyderabad,147095,315
cust_0000001751,2025-09-21,Jaipur,114036,11
cust_0000001752,2025-08-23,Mumbai,104591,147
cust_0000001753,2025-08-10,Chennai,67325,308
cust_0000001754,2025-10-06,Bangalore,57578,130
cust_0000001755,2025-06-07,Chennai,28540,73
cust_0000001756,2025-12-29,Bangalore,73640,480
cust_0000001757,2025-08-07,Ahmedabad,167707,416
cust_0000001758,2026-02-04,Howrah,572848,7
cust_0000001759,2024-12-25,Howrah,434032,121
cust_0000001760,2025-08-06,Bangalore,50801,231
cust_0000001761,2026-03-28,Delhi,71778,439
cust_0000001762,2024-09-22,Jaipur,17508,452
cust_0000001763,2025-03-30,Kolkata,101943,247
cust_0000001764,2025-08-28,Chennai,151415,69
cust_0000001765,2024-04-30,Pune,14407,328
cust_0000001766,2024-03-11,Pune,91628,121
cust_0000001767,2025-07-16,Pune,118801,294
cust_0000001768,2025-08-07,Mumbai,55800,366
cust_0000001769,2025-05-01,Howrah,79127,166
cust_0000001770,2025-10-31,Jaipur,150600,433
cust_0000001771,2025-12-22,Howrah,78624,330
cust_0000001772,2023-12-15,Jaipur,262245,51
cust_0000001773,2024-03-06,Mumbai,93332,325
cust_0000001774,2026-02-25,Mumbai,27063,60
cust_0000001775,2024-10-10,Ahmedabad,39438,122
cust_0000001776,2024-10-17,Ahmedabad,15104,226
cust_0000001777,2025-03-29,Ahmedabad,97349,396
cust_0000001778,2024-08-21,Bangalore,631249,309
cust_0000001779,2025-09-01,Delhi,168132,60
cust_0000001780,2024-07-06,Bangalore,77868,498
cust_0000001781,2025-01-31,Bangalore,190055,498
cust_0000001782,2024-07-23,Delhi,129226,13
cust_0000001783,2025-06-25,Mumbai,41659,249
cust_0000001784,2025-10-24,Ahmedabad,137370,225
cust_0000001785,2026-04-16,Hyderabad,72200,310
cust_0000001786,2024-06-17,Kolkata,104981,232
cust_0000001787,2025-05-22,Ahmedabad,59167,97
cust_0000001788,2025-06-02,Hyderabad,343935,377
cust_0000001789,2024-12-06,Ahmedabad,136689,439
cust_0000001790,2024-01-06,Delhi,396596,118
cust_0000001791,2025-08-14,Ahmedabad,214689,152
cust_0000001792,2024-11-12,Hyderabad,50261,368
cust_0000001793,2026-02-18,Jaipur,145137,387
cust_0000001794,2024-02-16,Ahmedabad,310480,20
cust_0000001795,2025-01-02,Jaipur,30504,342
cust_0000001796,2024-05-02,Bangalore,211071,338
cust_0000001797,2024-07-01,Pune,31373,328
cust_0000001798,2024-04-17,Kolkata,104540,61
cust_0000001799,2026-02-13,Kolkata,176506,433
cust_0000001800,2024-08-30,Delhi,610677,460
cust_0000001801,2026-03-21,Kolkata,74947,494
cust_0000001802,2024-09-15,Kolkata,46117,264
cust_0000001803,2025-09-05,Bangalore,15720,129
cust_0000001804,2026-01-13,Hyderabad,120132,113
cust_0000001805,2026-03-02,Bangalore,160651,5
cust_0000001806,2025-03-17,Pune,110330,81
cust_0000001807,2024-07-22,Chennai,87813,363
cust_0000001808,2025-05-22,Mumbai,186471,325
cust_0000001809,2023-12-23,Mumbai,62662,140
cust_0000001810,2024-03-31,Ahmedabad,132730,283
cust_0000001811,2024-10-05,Bangalore,104519,23
cust_0000001812,2024-10-28,Chennai,266392,253
cust_0000001813,2025-08-12,Ahmedabad,108482,85
cust_0000001814,2024-08-28,Howrah,52567,421
cust_0000001815,2025-11-18,Jaipur,55824,44
cust_0000001816,2024-05-07,Kolkata,59554,341
cust_0000001817,2024-09-20,Jaipur,138288,425
cust_0000001818,2024-07-24,Jaipur,155677,273
cust_0000001819,2024-07-02,Kolkata,105603,456
cust_0000001820,2026-02-28,Pune,115653,426
cust_0000001821,2025-10-10,Jaipur,503611,366
cust_0000001822,2026-04-03,Bangalore,82203,70
cust_0000001823,2024-01-03,Bangalore,48631,94
cust_0000001824,2024-02-26,Howrah,146721,229
cust_0000001825,2024-11-06,Pune,71288,493
cust_0000001826,2025-06-17,Pune,69910,374
cust_0000001827,2025-07-27,Ahmedabad,291331,112
cust_0000001828,2024-08-16,Delhi,58351,80
cust_0000001829,2024-04-11,Mumbai,215295,339
cust_0000001830,2024-08-13,Kolkata,189121,278
cust_0000001831,2025-08-26,Kolkata,94161,276
cust_0000001832,2025-01-03,Kolkata,119054,145
cust_0000001833,2025-10-27,Hyderabad,227152,321
cust_0000001834,2024-02-21,Ahmedabad,22930,318
cust_0000001835,2024-11-07,Ahmedabad,222343,168
cust_0000001836,2025-03-14,Delhi,96865,186
cust_0000001837,2025-09-07,Pune,279427,166
cust_0000001838,2025-01-23,Bangalore,129963,480
cust_0000001839,2026-03-17,Mumbai,397718,346
cust_0000001840,2025-12-04,Delhi,551269,275
cust_0000001841,2025-11-09,Mumbai,108903,239
cust_0000001842,2025-04-20,Mumbai,143747,287
cust_0000001843,2023-12-19,Delhi,204162,111
cust_0000001844,2024-07-18,Howrah,20695,104
cust_0000001845,2024-04-28,Kolkata,182300,67
cust_0000001846,2024-09-17,Delhi,83428,396
cust_0000001847,2024-04-06,Delhi,124015,58
cust_0000001848,2023-12-20,Chennai,59598,148
cust_0000001849,2024-09-13,Kolkata,151401,230
cust_0000001850,2025-12-11,Mumbai,151586,56
cust_0000001851,2025-05-12,Jaipur,223578,173
cust_0000001852,2025-05-27,Ahmedabad,83210,344
cust_0000001853,2025-12-16,Jaipur,56641,22
cust_0000001854,2024-04-17,Bangalore,172173,340
cust_0000001855,2025-12-30,Kolkata,6901,70
cust_0000001856,2024-08-29,Mumbai,163817,174
cust_0000001857,2024-07-10,Hyderabad,480756,498
cust_0000001858,2025-07-20,Howrah,145133,143
cust_0000001859,2025-04-03,Hyderabad,280748,365
cust_0000001860,2026-04-28,Kolkata,12218,215
cust_0000001861,2024-08-08,Kolkata,217514,202
cust_0000001862,2025-06-04,Pune,125370,88
cust_0000001863,2025-03-12,Ahmedabad,84075,388
cust_0000001864,2025-03-13,Jaipur,423628,382
cust_0000001865,2025-07-09,Ahmedabad,72591,151
cust_0000001866,2024-05-25,Mumbai,136112,222
cust_0000001867,2025-12-08,Bangalore,216766,307
cust_0000001868,2025-04-18,Jaipur,147627,36
cust_0000001869,2025-11-15,Kolkata,601140,297
cust_0000001870,2026-03-13,Chennai,104454,212
cust_0000001871,2025-04-09,Hyderabad,98820,137
cust_0000001872,2024-01-13,Pune,352399,384
cust_0000001873,2025-07-14,Bangalore,74329,133
cust_0000001874,2026-03-12,Pune,74963,84
cust_0000001875,2025-07-31,Delhi,66798,174
cust_0000001876,2024-10-24,Bangalore,44476,193
cust_0000001877,2024-07-23,Delhi,186645,29
cust_0000001878,2025-07-04,Delhi,116527,296
cust_0000001879,2025-11-01,Kolkata,574193,390
cust_0000001880,2025-06-19,Bangalore,222692,116
cust_0000001881,2026-04-01,Chennai,43267,310
cust_0000001882,2025-05-24,Ahmedabad,48940,460
cust_0000001883,2025-11-12,Mumbai,145376,185
cust_0000001884,2025-11-14,Kolkata,42858,110
cust_0000001885,2025-01-13,Pune,63593,494
cust_0000001886,2025-05-15,Mumbai,242316,164
cust_0000001887,2025-02-20,Kolkata,105566,461
cust_0000001888,2024-05-11,Chennai,55082,339
cust_0000001889,2025-09-07,Mumbai,88658,286
cust_0000001890,2024-07-30,Bangalore,161026,26
cust_0000001891,2024-10-19,Pune,125005,7
cust_0000001892,2026-04-18,Kolkata,116846,395
cust_0000001893,2026-02-26,Kolkata,46851,45
cust_0000001894,2024-07-16,Bangalore,182671,277
cust_0000001895,2025-08-07,Jaipur,1060030,458
cust_0000001896,2025-10-23,Chennai,224333,475
cust_0000001897,2024-04-07,Hyderabad,54006,376
cust_0000001898,2025-07-02,Delhi,73398,229
cust_0000001899,2025-03-01,Hyderabad,125685,140
cust_0000001900,2024-02-12,Jaipur,154665,120
cust_0000001901,2025-11-26,Kolkata,47078,242
cust_0000001902,2024-09-19,Ahmedabad,120088,285
cust_0000001903,2025-04-17,Kolkata,62687,27
cust_0000001904,2025-07-31,Kolkata,34556,483
cust_0000001905,2024-08-06,Hyderabad,92011,299
cust_0000001906,2025-03-30,Kolkata,142762,93
cust_0000001907,2025-02-06,Ahmedabad,56182,256
cust_0000001908,2025-05-30,Jaipur,208928,19
cust_0000001909,2026-04-19,Hyderabad,289636,252
cust_0000001910,2023-12-15,Chennai,70565,182
cust_0000001911,2024-08-19,Kolkata,139621,334
cust_0000001912,2025-06-10,Hyderabad,160353,151
cust_0000001913,2025-05-18,Jaipur,53055,209
cust_0000001914,2024-04-30,Hyderabad,66195,96
cust_0000001915,2024-12-02,Mumbai,49542,342
cust_0000001916,2024-11-20,Hyderabad,239640,339
cust_0000001917,2024-05-13,Kolkata,142032,10
cust_0000001918,2024-05-20,Delhi,48501,12
cust_0000001919,2024-03-29,Pune,79556,141
cust_0000001920,2024-09-09,Kolkata,82107,8
cust_0000001921,2025-08-13,Delhi,146904,329
cust_0000001922,2025-04-25,Delhi,84336,22
cust_0000001923,2025-11-08,Mumbai,14596,403
cust_0000001924,2025-07-29,Delhi,54292,69
cust_0000001925,2024-01-27,Pune,228000,316
cust_0000001926,2024-11-15,Mumbai,99151,404
cust_0000001927,2025-02-17,Bangalore,102194,139
cust_0000001928,2024-02-08,Hyderabad,216005,455
cust_0000001929,2026-01-22,Howrah,42598,122
cust_0000001930,2025-11-05,Kolkata,137373,177
cust_0000001931,2025-04-20,Chennai,30291,349
cust_0000001932,2025-10-03,Chennai,127587,149
cust_0000001933,2025-01-05,Chennai,45111,341
cust_0000001934,2025-07-27,Howrah,1435316,301
cust_0000001935,2025-12-23,Hyderabad,465512,303
cust_0000001936,2025-06-27,Howrah,45021,68
cust_0000001937,2024-04-27,Delhi,28477,349
cust_0000001938,2024-04-29,Howrah,10096,495
cust_0000001939,2025-08-31,Chennai,197545,138
cust_0000001940,2024-09-19,Pune,51028,33
cust_0000001941,2025-10-22,Pune,102833,444
cust_0000001942,2024-08-20,Hyderabad,330953,318
cust_0000001943,2025-08-25,Ahmedabad,145367,439
cust_0000001944,2025-12-30,Hyderabad,33457,173
cust_0000001945,2024-03-28,Bangalore,652293,342
cust_0000001946,2025-04-01,Bangalore,6672,113
cust_0000001947,2025-03-23,Jaipur,100566,470
cust_0000001948,2024-04-04,Howrah,150295,189
cust_0000001949,2024-07-20,Chennai,164592,460
cust_0000001950,2026-02-03,Kolkata,112185,365
cust_0000001951,2025-09-05,Pune,108257,239
cust_0000001952,2025-11-18,Howrah,33177,329
cust_0000001953,2025-03-07,Howrah,63640,146
cust_0000001954,2025-01-27,Hyderabad,116498,332
cust_0000001955,2024-06-16,Kolkata,107956,317
cust_0000001956,2024-10-17,Delhi,13140,439
cust_0000001957,2024-08-10,Chennai,96048,97
cust_0000001958,2025-05-21,Ahmedabad,71773,126
cust_0000001959,2024-12-01,Jaipur,411647,268
cust_0000001960,2025-01-05,Ahmedabad,61070,239
cust_0000001961,2024-06-20,Pune,87919,347
cust_0000001962,2024-12-14,Bangalore,33559,311
cust_0000001963,2025-10-08,Pune,41209,117
cust_0000001964,2024-02-06,Bangalore,56638,262
cust_0000001965,2025-10-03,Pune,43869,358
cust_0000001966,2025-10-21,Delhi,129818,36
cust_0000001967,2025-03-05,Bangalore,27520,121
cust_0000001968,2025-07-08,Mumbai,239552,14
cust_0000001969,2025-07-30,Pune,193439,312
cust_0000001970,2024-12-20,Pune,82122,88
cust_0000001971,2025-07-31,Jaipur,685967,293
cust_0000001972,2025-05-11,Kolkata,326356,258
cust_0000001973,2025-11-02,Howrah,61438,457
cust_0000001974,2026-01-29,Jaipur,26076,326
cust_0000001975,2025-08-05,Bangalore,199751,157
cust_0000001976,2025-11-10,Howrah,118542,279
cust_0000001977,2025-11-19,Bangalore,81294,56
cust_0000001978,2025-04-03,Mumbai,37661,137
cust_0000001979,2024-08-28,Pune,32485,299
cust_0000001980,2025-07-30,Bangalore,73518,479
cust_0000001981,2025-03-19,Chennai,184559,309
cust_0000001982,2025-07-12,Bangalore,67372,134
cust_0000001983,2024-07-04,Jaipur,62297,26
cust_0000001984,2024-10-11,Kolkata,80119,345
cust_0000001985,2024-10-13,Ahmedabad,459836,204
cust_0000001986,2025-11-07,Bangalore,181426,43
cust_0000001987,2025-11-06,Hyderabad,40670,102
cust_0000001988,2026-03-08,Bangalore,101104,393
cust_0000001989,2025-03-05,Jaipur,339358,221
cust_0000001990,2024-11-30,Jaipur,16833,269
cust_0000001991,2024-03-29,Howrah,112236,319
cust_0000001992,2025-07-23,Pune,334940,217
cust_0000001993,2025-07-26,Chennai,46133,17
cust_0000001994,2026-01-27,Mumbai,54573,38
cust_0000001995,2026-03-23,Howrah,151204,309
cust_0000001996,2025-10-09,Delhi,120240,384
cust_0000001997,2025-11-18,Jaipur,104711,382
cust_0000001998,2026-01-10,Bangalore,80938,91
cust_0000001999,2025-07-31,Kolkata,129780,126
cust_0000002000,2025-12-22,Jaipur,301183,405
cust_0000002001,2024-05-10,Pune,146647,490
cust_0000002002,2024-05-31,Bangalore,202893,247
cust_0000002003,2025-01-02,Chennai,520974,409
cust_0000002004,2025-01-10,Bangalore,60097,353
cust_0000002005,2025-01-09,Chennai,24372,32
cust_0000002006,2025-01-02,Delhi,153080,453
cust_0000002007,2025-08-13,Bangalore,86438,461
cust_0000002008,2025-08-29,Chennai,600556,25
cust_0000002009,2025-06-25,Bangalore,150874,254
cust_0000002010,2025-06-08,Bangalore,303198,118
cust_0000002011,2025-04-04,Chennai,102280,492
cust_0000002012,2024-11-15,Bangalore,703407,240
cust_0000002013,2025-12-23,Jaipur,16198,360
cust_0000002014,2024-04-30,Delhi,60364,219
cust_0000002015,2025-05-05,Ahmedabad,137897,466
cust_0000002016,2026-02-21,Kolkata,122813,493
cust_0000002017,2025-05-05,Ahmedabad,40410,148
cust_0000002018,2024-05-21,Kolkata,93421,418
cust_0000002019,2025-07-08,Delhi,267086,497
cust_0000002020,2026-04-13,Chennai,62754,450
cust_0000002021,2024-10-20,Jaipur,181800,431
cust_0000002022,2025-10-13,Chennai,185924,339
cust_0000002023,2026-04-13,Hyderabad,23500,413
cust_0000002024,2025-10-24,Kolkata,159966,412
cust_0000002025,2025-08-25,Pune,140539,419
cust_0000002026,2025-07-03,Delhi,26925,376
cust_0000002027,2024-07-16,Mumbai,66018,62
cust_0000002028,2026-04-11,Jaipur,289207,407
cust_0000002029,2024-07-04,Kolkata,221412,255
cust_0000002030,2024-09-04,Pune,86943,57
cust_0000002031,2025-04-22,Hyderabad,58581,278
cust_0000002032,2024-12-11,Mumbai,26201,66
cust_0000002033,2025-10-28,Chennai,160714,488
cust_0000002034,2025-11-27,Bangalore,221462,331
cust_0000002035,2025-10-24,Howrah,30785,437
cust_0000002036,2024-01-07,Chennai,150479,120
cust_0000002037,2026-03-29,Howrah,47316,422
cust_0000002038,2024-08-20,Pune,242860,282
cust_0000002039,2025-07-29,Bangalore,293417,168
cust_0000002040,2025-07-26,Ahmedabad,74719,388
cust_0000002041,2025-03-08,Hyderabad,98368,142
cust_0000002042,2026-03-20,Pune,20080,491
cust_0000002043,2025-03-16,Delhi,229511,36
cust_0000002044,2025-06-28,Mumbai,273122,265
cust_0000002045,2024-12-06,Mumbai,208337,154
cust_0000002046,2024-01-02,Jaipur,39872,253
cust_0000002047,2026-01-13,Pune,52224,326
cust_0000002048,2025-08-08,Hyderabad,16167,152
cust_0000002049,2024-07-22,Pune,247357,359
cust_0000002050,2024-05-03,Pune,274505,471
cust_0000002051,2026-03-23,Ahmedabad,125313,29
cust_0000002052,2025-09-30,Delhi,112784,13
cust_0000002053,2025-02-18,Kolkata,85792,330
cust_0000002054,2025-01-07,Howrah,113112,126
cust_0000002055,2024-09-23,Delhi,225660,433
cust_0000002056,2025-07-20,Mumbai,84071,228
cust_0000002057,2024-03-15,Hyderabad,16284,306
cust_0000002058,2025-11-03,Pune,328777,86
cust_0000002059,2024-09-22,Delhi,104947,487
cust_0000002060,2024-09-25,Kolkata,334414,375
cust_0000002061,2024-07-16,Jaipur,159380,132
cust_0000002062,2024-09-06,Delhi,59171,152
cust_0000002063,2025-03-29,Pune,61725,14
cust_0000002064,2023-12-29,Mumbai,207817,81
cust_0000002065,2026-02-28,Ahmedabad,45565,228
cust_0000002066,2024-04-06,Bangalore,681809,382
cust_0000002067,2024-03-01,Chennai,168888,227
cust_0000002068,2025-10-03,Howrah,173423,171
cust_0000002069,2025-08-21,Kolkata,288746,55
cust_0000002070,2025-07-06,Chennai,43708,220
cust_0000002071,2026-02-02,Hyderabad,465445,223
cust_0000002072,2024-02-09,Delhi,113331,181
cust_0000002073,2025-11-16,Jaipur,244310,401
cust_0000002074,2026-04-16,Jaipur,189677,167
cust_0000002075,2025-05-15,Chennai,88760,315
cust_0000002076,2024-08-08,Delhi,482634,353
cust_0000002077,2025-04-17,Bangalore,225968,73
cust_0000002078,2024-01-07,Bangalore,197552,451
cust_0000002079,2025-09-17,Ahmedabad,30479,328
cust_0000002080,2026-03-25,Chennai,69269,277
cust_0000002081,2026-02-02,Mumbai,168893,242
cust_0000002082,2024-10-10,Mumbai,117997,24
cust_0000002083,2024-06-02,Chennai,110847,438
cust_0000002084,2023-12-17,Pune,67480,413
cust_0000002085,2025-04-26,Jaipur,159102,327
cust_0000002086,2025-07-19,Chennai,167234,438
cust_0000002087,2024-03-23,Bangalore,8287,29
cust_0000002088,2024-08-04,Howrah,24138,68
cust_0000002089,2024-02-25,Kolkata,456756,478
cust_0000002090,2024-10-08,Ahmedabad,33913,426
cust_0000002091,2024-04-15,Jaipur,101739,379
cust_0000002092,2024-02-24,Chennai,198888,372
cust_0000002093,2025-11-29,Hyderabad,61243,479
cust_0000002094,2025-07-22,Howrah,16311,94
cust_0000002095,2025-06-07,Hyderabad,28939,60
cust_0000002096,2025-11-28,Hyderabad,48557,429
cust_0000002097,2025-08-08,Hyderabad,20024,169
cust_0000002098,2024-10-28,Kolkata,817313,199
cust_0000002099,2024-09-28,Jaipur,100945,293
cust_0000002100,2025-08-30,Jaipur,700086,162
cust_0000002101,2025-09-16,Hyderabad,736185,279
cust_0000002102,2026-02-28,Pune,60223,266
cust_0000002103,2025-07-15,Howrah,102059,317
cust_0000002104,2026-03-31,Jaipur,155118,481
cust_0000002105,2025-11-23,Howrah,134758,215
cust_0000002106,2023-12-19,Bangalore,215917,146
cust_0000002107,2024-10-24,Delhi,42823,201
cust_0000002108,2025-01-17,Mumbai,147268,22
cust_0000002109,2025-05-14,Kolkata,391021,47
cust_0000002110,2024-06-10,Pune,38199,178
cust_0000002111,2026-03-28,Chennai,89994,77
cust_0000002112,2024-02-20,Pune,47240,385
cust_0000002113,2025-04-17,Chennai,24812,384
cust_0000002114,2025-09-17,Hyderabad,44564,226
cust_0000002115,2025-12-14,Bangalore,32953,388
cust_0000002116,2025-07-18,Pune,66882,138
cust_0000002117,2024-05-11,Ahmedabad,177878,173
cust_0000002118,2024-09-03,Mumbai,321907,355
cust_0000002119,2024-12-12,Howrah,188445,39
cust_0000002120,2024-09-02,Hyderabad,370875,68
cust_0000002121,2024-09-30,Kolkata,272358,457
cust_0000002122,2025-05-07,Hyderabad,85595,315
cust_0000002123,2024-10-13,Bangalore,82834,464
cust_0000002124,2024-11-02,Chennai,67356,327
cust_0000002125,2025-06-20,Kolkata,62423,324
cust_0000002126,2026-04-05,Mumbai,148365,398
cust_0000002127,2024-03-10,Kolkata,92792,476
cust_0000002128,2025-10-08,Kolkata,222998,26
cust_0000002129,2024-05-12,Chennai,283404,76
cust_0000002130,2025-03-02,Jaipur,89115,297
cust_0000002131,2024-11-29,Chennai,146907,342
cust_0000002132,2025-08-17,Bangalore,395879,85
cust_0000002133,2025-10-26,Bangalore,414847,113
cust_0000002134,2024-05-30,Pune,170010,476
cust_0000002135,2025-11-19,Mumbai,28751,390
cust_0000002136,2024-10-04,Mumbai,247263,204
cust_0000002137,2025-04-01,Bangalore,176945,283
cust_0000002138,2025-04-16,Howrah,28247,7
cust_0000002139,2025-03-25,Pune,213576,208
cust_0000002140,2025-08-07,Howrah,297355,190
cust_0000002141,2024-09-11,Chennai,186549,342
cust_0000002142,2025-09-19,Bangalore,122534,369
cust_0000002143,2025-12-26,Howrah,73798,366
cust_0000002144,2025-02-16,Howrah,154779,379
cust_0000002145,2025-10-17,Ahmedabad,248352,137
cust_0000002146,2026-01-27,Hyderabad,46852,298
cust_0000002147,2025-11-19,Bangalore,252633,236
cust_0000002148,2025-07-16,Mumbai,48897,230
cust_0000002149,2025-12-25,Jaipur,974709,195
cust_0000002150,2023-12-15,Kolkata,56323,18
cust_0000002151,2026-04-27,Delhi,191526,324
cust_0000002152,2024-02-19,Jaipur,52923,324
cust_0000002153,2024-02-15,Mumbai,320477,181
cust_0000002154,2026-04-23,Kolkata,123788,161
cust_0000002155,2025-04-26,Bangalore,369927,50
cust_0000002156,2025-02-16,Ahmedabad,43256,27
cust_0000002157,2024-02-01,Mumbai,93491,68
cust_0000002158,2025-06-09,Ahmedabad,217141,5
cust_0000002159,2024-07-29,Kolkata,19279,138
cust_0000002160,2025-10-03,Ahmedabad,27756,369
cust_0000002161,2025-01-20,Mumbai,51468,7
cust_0000002162,2026-03-29,Chennai,677050,447
cust_0000002163,2025-12-02,Pune,176146,267
cust_0000002164,2025-11-30,Delhi,157039,219
cust_0000002165,2025-11-17,Pune,500810,344
cust_0000002166,2024-10-30,Delhi,224430,377
cust_0000002167,2024-07-28,Howrah,145603,405
cust_0000002168,2025-12-29,Hyderabad,131346,467
cust_0000002169,2025-02-06,Howrah,17832,318
cust_0000002170,2024-10-18,Mumbai,37698,394
cust_0000002171,2025-11-03,Mumbai,172638,68
cust_0000002172,2024-02-21,Bangalore,143160,265
cust_0000002173,2024-12-20,Mumbai,52098,5
cust_0000002174,2025-05-24,Howrah,19201,20
cust_0000002175,2024-03-25,Hyderabad,74518,440
cust_0000002176,2024-05-19,Delhi,124123,316
cust_0000002177,2024-07-23,Jaipur,81931,333
cust_0000002178,2024-03-23,Bangalore,66846,232
cust_0000002179,2024-04-14,Jaipur,110189,482
cust_0000002180,2025-08-05,Howrah,144577,278
cust_0000002181,2025-09-23,Pune,62538,255
cust_0000002182,2024-11-16,Delhi,108376,173
cust_0000002183,2024-04-01,Mumbai,382507,88
cust_0000002184,2025-03-14,Kolkata,267908,83
cust_0000002185,2024-12-04,Pune,60158,270
cust_0000002186,2026-02-15,Kolkata,433630,181
cust_0000002187,2026-01-27,Pune,35543,92
cust_0000002188,2025-03-09,Delhi,86198,311
cust_0000002189,2024-12-22,Bangalore,30480,128
cust_0000002190,2025-10-27,Kolkata,52024,30
cust_0000002191,2025-08-30,Jaipur,191731,156
cust_0000002192,2026-01-03,Delhi,185645,442
cust_0000002193,2024-05-27,Kolkata,22435,421
cust_0000002194,2024-05-24,Chennai,211824,209
cust_0000002195,2024-05-02,Kolkata,110153,152
cust_0000002196,2025-10-24,Pune,26329,372
cust_0000002197,2026-05-02,Pune,41293,277
cust_0000002198,2026-04-20,Chennai,349277,25
cust_0000002199,2025-01-08,Mumbai,252628,485
cust_0000002200,2024-08-23,Pune,190285,71
cust_0000002201,2025-04-02,Jaipur,86882,36
cust_0000002202,2025-07-19,Howrah,37257,118
cust_0000002203,2024-10-03,Ahmedabad,105773,154
cust_0000002204,2024-12-31,Howrah,59221,150
cust_0000002205,2025-12-24,Bangalore,271284,185
cust_0000002206,2024-11-01,Delhi,145652,462
cust_0000002207,2024-02-11,Pune,274333,332
cust_0000002208,2024-04-06,Delhi,64526,286
cust_0000002209,2024-03-29,Ahmedabad,146685,14
cust_0000002210,2024-09-13,Chennai,33132,425
cust_0000002211,2025-07-23,Delhi,104559,491
cust_0000002212,2024-11-29,Pune,25929,362
cust_0000002213,2024-07-17,Chennai,352049,195
cust_0000002214,2024-12-01,Howrah,50104,370
cust_0000002215,2024-08-17,Bangalore,43413,286
cust_0000002216,2026-03-03,Bangalore,20635,470
cust_0000002217,2024-11-15,Pune,192325,396
cust_0000002218,2025-09-04,Chennai,94860,456
cust_0000002219,2024-12-23,Pune,96674,458
cust_0000002220,2026-04-03,Kolkata,226674,253
cust_0000002221,2025-03-15,Kolkata,153240,38
cust_0000002222,2025-08-24,Ahmedabad,71304,268
cust_0000002223,2025-01-11,Mumbai,77446,33
cust_0000002224,2025-03-15,Chennai,49597,150
cust_0000002225,2024-08-24,Kolkata,243577,356
cust_0000002226,2024-06-19,Bangalore,67894,221
cust_0000002227,2024-11-03,Delhi,392550,223
cust_0000002228,2026-02-18,Ahmedabad,611140,490
cust_0000002229,2026-03-04,Bangalore,45156,159
cust_0000002230,2025-01-13,Pune,13174,463
cust_0000002231,2026-04-23,Howrah,67175,368
cust_0000002232,2024-11-11,Hyderabad,63866,322
cust_0000002233,2025-08-11,Hyderabad,210261,93
cust_0000002234,2024-01-07,Kolkata,14799,429
cust_0000002235,2026-01-24,Chennai,56215,134
cust_0000002236,2026-01-29,Hyderabad,69082,94
cust_0000002237,2024-12-29,Delhi,127921,399
cust_0000002238,2024-10-31,Hyderabad,110890,137
cust_0000002239,2024-11-07,Hyderabad,354738,292
cust_0000002240,2024-05-16,Mumbai,76008,143
cust_0000002241,2025-11-25,Delhi,117319,225
cust_0000002242,2024-08-02,Chennai,45089,187
cust_0000002243,2025-08-24,Hyderabad,195134,456
cust_0000002244,2024-06-10,Hyderabad,94923,392
cust_0000002245,2024-07-22,Chennai,165190,12
cust_0000002246,2025-08-22,Chennai,106028,27
cust_0000002247,2025-11-01,Jaipur,189906,132
cust_0000002248,2024-11-28,Ahmedabad,151236,347
cust_0000002249,2024-05-08,Chennai,49036,435
cust_0000002250,2024-09-14,Howrah,36834,118
cust_0000002251,2025-02-08,Chennai,153132,86
cust_0000002252,2023-12-25,Chennai,103417,195
cust_0000002253,2025-06-15,Chennai,513011,189
cust_0000002254,2024-04-11,Delhi,44381,427
cust_0000002255,2025-05-02,Hyderabad,95125,39
cust_0000002256,2024-10-21,Delhi,93857,56
cust_0000002257,2024-03-17,Mumbai,136874,57
cust_0000002258,2025-10-05,Chennai,32735,86
cust_0000002259,2024-07-19,Delhi,158869,66
cust_0000002260,2024-12-10,Jaipur,33308,297
cust_0000002261,2026-03-17,Mumbai,173403,53
cust_0000002262,2024-05-07,Mumbai,98053,334
cust_0000002263,2025-01-21,Ahmedabad,238778,452
cust_0000002264,2025-04-09,Ahmedabad,191807,311
cust_0000002265,2024-11-13,Ahmedabad,101807,277
cust_0000002266,2025-07-28,Jaipur,51224,322
cust_0000002267,2026-02-01,Chennai,155424,413
cust_0000002268,2025-10-19,Jaipur,42438,487
cust_0000002269,2026-02-04,Howrah,126413,36
cust_0000002270,2025-08-07,Mumbai,92643,498
cust_0000002271,2024-06-05,Hyderabad,116350,327
cust_0000002272,2023-12-18,Howrah,156216,158
cust_0000002273,2025-08-16,Chennai,146302,443
cust_0000002274,2026-01-04,Pune,142219,376
cust_0000002275,2025-12-18,Jaipur,501826,308
cust_0000002276,2024-01-16,Pune,154166,88
cust_0000002277,2025-06-05,Mumbai,35247,321
cust_0000002278,2024-04-10,Hyderabad,134818,184
cust_0000002279,2024-09-18,Mumbai,251291,95
cust_0000002280,2024-02-09,Jaipur,404716,29
cust_0000002281,2024-01-12,Hyderabad,77147,194
cust_0000002282,2025-08-21,Hyderabad,112824,101
cust_0000002283,2026-02-17,Bangalore,1073745,75
cust_0000002284,2024-07-20,Kolkata,24036,13
cust_0000002285,2026-03-17,Bangalore,331407,455
cust_0000002286,2025-07-07,Hyderabad,263759,411
cust_0000002287,2025-03-20,Jaipur,201146,182
cust_0000002288,2024-05-05,Pune,430464,417
cust_0000002289,2024-07-22,Delhi,255089,438
cust_0000002290,2024-04-30,Bangalore,163847,164
cust_0000002291,2025-10-20,Pune,152157,355
cust_0000002292,2024-09-29,Chennai,20535,436
cust_0000002293,2026-02-15,Ahmedabad,529637,497
cust_0000002294,2025-11-24,Kolkata,28050,261
cust_0000002295,2025-10-03,Ahmedabad,26147,440
cust_0000002296,2024-01-08,Ahmedabad,30270,499
cust_0000002297,2025-03-26,Delhi,188370,346
cust_0000002298,2025-07-12,Delhi,18964,449
cust_0000002299,2024-06-30,Pune,110394,262
cust_0000002300,2024-11-21,Jaipur,136623,287
cust_0000002301,2025-05-23,Hyderabad,141881,304
cust_0000002302,2024-09-14,Hyderabad,145947,309
cust_0000002303,2025-02-14,Ahmedabad,61272,354
cust_0000002304,2024-06-30,Ahmedabad,155236,172
cust_0000002305,2024-07-15,Hyderabad,83418,41
cust_0000002306,2024-10-19,Pune,24933,248
cust_0000002307,2025-02-01,Bangalore,135071,153
cust_0000002308,2025-05-03,Bangalore,603810,160
cust_0000002309,2025-05-11,Howrah,49889,423
cust_0000002310,2025-03-11,Hyderabad,435624,229
cust_0000002311,2025-06-18,Kolkata,188309,344
cust_0000002312,2024-08-07,Bangalore,79907,261
cust_0000002313,2024-06-13,Ahmedabad,399793,152
cust_0000002314,2024-05-17,Howrah,137176,312
cust_0000002315,2025-01-09,Jaipur,63230,437
cust_0000002316,2024-03-22,Chennai,307215,42
cust_0000002317,2025-11-11,Jaipur,111686,169
cust_0000002318,2024-11-16,Bangalore,272856,79
cust_0000002319,2025-03-26,Hyderabad,127418,470
cust_0000002320,2024-04-01,Bangalore,6544,480
cust_0000002321,2024-06-18,Ahmedabad,1108435,432
cust_0000002322,2026-02-04,Mumbai,108885,216
cust_0000002323,2026-03-26,Ahmedabad,278704,292
cust_0000002324,2024-10-04,Chennai,224743,468
cust_0000002325,2025-09-25,Chennai,1918488,20
cust_0000002326,2025-08-26,Pune,23523,495
cust_0000002327,2024-09-24,Howrah,307986,414
cust_0000002328,2025-03-21,Hyderabad,112899,111
cust_0000002329,2025-11-14,Chennai,113927,148
cust_0000002330,2024-12-17,Delhi,164752,42
cust_0000002331,2025-12-09,Chennai,22061,305
cust_0000002332,2025-04-15,Delhi,303839,491
cust_0000002333,2025-08-31,Bangalore,197498,115
cust_0000002334,2025-02-26,Hyderabad,21338,181
cust_0000002335,2025-02-28,Howrah,56543,133
cust_0000002336,2025-03-12,Delhi,146881,480
cust_0000002337,2026-02-18,Ahmedabad,308296,296
cust_0000002338,2025-07-27,Chennai,51129,267
cust_0000002339,2026-04-09,Bangalore,146500,62
cust_0000002340,2025-12-30,Ahmedabad,182578,480
cust_0000002341,2026-03-10,Chennai,621445,18
cust_0000002342,2024-08-29,Delhi,70739,413
cust_0000002343,2025-03-24,Chennai,99776,319
cust_0000002344,2026-01-04,Pune,185682,384
cust_0000002345,2026-01-06,Chennai,297902,56
cust_0000002346,2025-01-06,Chennai,121814,314
cust_0000002347,2025-09-15,Pune,356666,399
cust_0000002348,2024-03-26,Hyderabad,27487,125
cust_0000002349,2025-08-21,Hyderabad,68813,9
cust_0000002350,2026-01-02,Hyderabad,177648,158
cust_0000002351,2024-12-30,Chennai,56953,410
cust_0000002352,2024-08-06,Ahmedabad,112477,128
cust_0000002353,2026-03-24,Pune,301827,127
cust_0000002354,2024-04-19,Howrah,847938,117
cust_0000002355,2025-01-07,Chennai,54563,199
cust_0000002356,2024-10-26,Pune,31271,117
cust_0000002357,2024-09-07,Hyderabad,299905,78
cust_0000002358,2025-06-10,Ahmedabad,46155,238
cust_0000002359,2025-09-15,Chennai,66107,335
cust_0000002360,2025-01-25,Howrah,166877,454
cust_0000002361,2025-07-05,Chennai,242857,231
cust_0000002362,2024-05-08,Mumbai,140149,109
cust_0000002363,2024-10-22,Mumbai,162720,42
cust_0000002364,2025-05-01,Pune,33150,430
cust_0000002365,2026-04-20,Jaipur,91247,251
cust_0000002366,2025-12-16,Howrah,261444,115
cust_0000002367,2025-10-05,Delhi,77118,146
cust_0000002368,2025-07-03,Pune,132315,152
cust_0000002369,2025-06-01,Hyderabad,52838,270
cust_0000002370,2025-03-15,Jaipur,252435,341
cust_0000002371,2025-10-22,Howrah,106295,175
cust_0000002372,2024-05-06,Delhi,85266,453
cust_0000002373,2025-02-21,Bangalore,168877,414
cust_0000002374,2024-11-16,Howrah,260698,340
cust_0000002375,2025-06-18,Kolkata,183121,192
cust_0000002376,2025-01-22,Jaipur,288046,324
cust_0000002377,2026-01-28,Pune,29614,481
cust_0000002378,2025-03-23,Jaipur,221201,50
cust_0000002379,2025-06-09,Jaipur,305086,408
cust_0000002380,2026-03-08,Ahmedabad,324537,256
cust_0000002381,2025-04-01,Chennai,169319,35
cust_0000002382,2025-12-28,Kolkata,84664,491
cust_0000002383,2024-04-19,Mumbai,166015,429
cust_0000002384,2025-05-31,Hyderabad,992708,460
cust_0000002385,2026-04-24,Chennai,111904,64
cust_0000002386,2024-08-16,Mumbai,69790,225
cust_0000002387,2024-05-16,Hyderabad,347415,474
cust_0000002388,2025-03-25,Jaipur,79157,367
cust_0000002389,2026-01-07,Delhi,103912,420
cust_0000002390,2026-01-31,Ahmedabad,152741,364
cust_0000002391,2026-01-21,Bangalore,245891,91
cust_0000002392,2025-04-30,Howrah,509159,133
cust_0000002393,2026-01-14,Jaipur,87472,497
cust_0000002394,2025-06-17,Ahmedabad,90232,90
cust_0000002395,2025-08-28,Ahmedabad,494720,215
cust_0000002396,2025-05-16,Kolkata,114855,376
cust_0000002397,2024-06-24,Ahmedabad,94773,199
cust_0000002398,2024-12-20,Mumbai,88382,220
cust_0000002399,2025-02-20,Delhi,50328,274
cust_0000002400,2026-03-16,Ahmedabad,473173,135
cust_0000002401,2026-04-08,Jaipur,183889,71
cust_0000002402,2024-10-06,Chennai,145471,58
cust_0000002403,2024-03-22,Ahmedabad,124137,204
cust_0000002404,2025-08-30,Delhi,88161,415
cust_0000002405,2025-07-17,Howrah,1257532,245
cust_0000002406,2024-06-11,Bangalore,46338,297
cust_0000002407,2026-01-04,Mumbai,245578,29
cust_0000002408,2025-04-29,Mumbai,176524,55
cust_0000002409,2024-05-27,Hyderabad,88032,314
cust_0000002410,2024-10-11,Howrah,38560,58
cust_0000002411,2024-04-18,Delhi,218134,21
cust_0000002412,2026-01-21,Chennai,20941,471
cust_0000002413,2026-02-08,Chennai,199199,248
cust_0000002414,2026-01-28,Bangalore,21251,22
cust_0000002415,2024-08-06,Mumbai,49288,62
cust_0000002416,2026-03-19,Pune,14176,92
cust_0000002417,2024-01-07,Mumbai,21543,271
cust_0000002418,2026-04-13,Pune,123250,270
cust_0000002419,2025-01-07,Chennai,221384,423
cust_0000002420,2025-09-10,Ahmedabad,75875,442
cust_0000002421,2024-01-12,Mumbai,460751,68
cust_0000002422,2026-03-26,Howrah,329190,310
cust_0000002423,2026-02-18,Kolkata,101587,134
cust_0000002424,2025-11-08,Jaipur,162581,41
cust_0000002425,2024-07-08,Pune,91608,70
cust_0000002426,2025-01-24,Ahmedabad,110029,118
cust_0000002427,2026-03-15,Delhi,65980,345
cust_0000002428,2025-11-30,Howrah,55816,127
cust_0000002429,2025-07-30,Jaipur,91056,269
cust_0000002430,2026-03-30,Delhi,182891,169
cust_0000002431,2024-10-22,Bangalore,71102,135
cust_0000002432,2025-09-05,Howrah,16214,140
cust_0000002433,2024-01-21,Ahmedabad,136473,95
cust_0000002434,2025-12-12,Kolkata,29210,377
cust_0000002435,2025-12-17,Kolkata,468488,321
cust_0000002436,2025-09-13,Pune,134292,201
cust_0000002437,2024-06-29,Hyderabad,238663,459
cust_0000002438,2024-05-22,Hyderabad,179133,148
cust_0000002439,2024-08-13,Jaipur,30504,145
cust_0000002440,2024-04-29,Kolkata,25046,276
cust_0000002441,2025-04-05,Bangalore,217983,6
cust_0000002442,2025-08-12,Jaipur,45421,7
cust_0000002443,2024-12-30,Delhi,28143,287
cust_0000002444,2025-09-02,Ahmedabad,100601,321
cust_0000002445,2024-11-24,Mumbai,96098,350
cust_0000002446,2024-10-03,Jaipur,171775,283
cust_0000002447,2025-05-26,Hyderabad,61438,215
cust_0000002448,2025-10-19,Jaipur,149818,297
cust_0000002449,2025-06-24,Jaipur,400760,218
cust_0000002450,2026-04-13,Mumbai,61879,196
cust_0000002451,2024-05-27,Pune,178902,103
cust_0000002452,2026-02-15,Hyderabad,747892,69
cust_0000002453,2025-09-16,Hyderabad,32702,307
cust_0000002454,2026-03-22,Ahmedabad,103922,439
cust_0000002455,2025-11-14,Hyderabad,67839,26
cust_0000002456,2026-01-30,Kolkata,56721,304
cust_0000002457,2025-12-24,Jaipur,37340,494
cust_0000002458,2026-03-19,Chennai,195875,147
cust_0000002459,2025-12-25,Howrah,42550,200
cust_0000002460,2026-02-23,Bangalore,68631,77
cust_0000002461,2024-04-26,Kolkata,126132,376
cust_0000002462,2025-07-06,Howrah,171835,451
cust_0000002463,2025-09-29,Pune,150775,269
cust_0000002464,2025-07-05,Pune,38849,272
cust_0000002465,2025-04-18,Jaipur,41343,111
cust_0000002466,2025-09-05,Chennai,142374,285
cust_0000002467,2025-02-13,Ahmedabad,10633,245
cust_0000002468,2025-12-19,Howrah,695093,237
cust_0000002469,2025-04-20,Jaipur,52786,247
cust_0000002470,2024-01-16,Ahmedabad,40702,222
cust_0000002471,2025-06-30,Pune,31885,213
cust_0000002472,2024-05-14,Pune,560172,250
cust_0000002473,2024-12-26,Mumbai,133533,92
cust_0000002474,2025-04-27,Mumbai,68748,75
cust_0000002475,2025-12-08,Bangalore,273892,469
cust_0000002476,2024-10-30,Jaipur,269356,123
cust_0000002477,2025-06-07,Delhi,81881,106
cust_0000002478,2025-03-25,Kolkata,526103,151
cust_0000002479,2024-02-28,Jaipur,128324,327
cust_0000002480,2024-05-14,Delhi,354931,358
cust_0000002481,2025-10-01,Kolkata,85726,73
cust_0000002482,2024-10-07,Mumbai,58341,361
cust_0000002483,2025-04-03,Delhi,405164,41
cust_0000002484,2025-12-17,Ahmedabad,70992,88
cust_0000002485,2026-04-08,Mumbai,662509,114
cust_0000002486,2024-11-12,Chennai,86443,39
cust_0000002487,2026-04-02,Pune,29692,109
cust_0000002488,2024-10-08,Pune,348909,198
cust_0000002489,2024-07-02,Hyderabad,96526,197
cust_0000002490,2025-03-28,Mumbai,29201,101
cust_0000002491,2024-12-31,Bangalore,107659,484
cust_0000002492,2025-09-11,Howrah,96988,252
cust_0000002493,2024-08-14,Ahmedabad,495036,454
cust_0000002494,2024-01-29,Jaipur,105506,61
cust_0000002495,2024-06-09,Jaipur,73061,323
cust_0000002496,2024-07-07,Bangalore,17166,409
cust_0000002497,2025-11-06,Howrah,61555,362
cust_0000002498,2024-04-30,Mumbai,91239,226
cust_0000002499,2024-04-24,Mumbai,721848,356
cust_0000002500,2024-04-16,Delhi,43228,25
cust_0000002501,2024-01-25,Delhi,141932,347
cust_0000002502,2026-04-24,Chennai,71360,178
cust_0000002503,2024-08-26,Pune,179410,302
cust_0000002504,2023-12-28,Bangalore,103265,369
cust_0000002505,2024-04-10,Pune,361741,300
cust_0000002506,2025-06-10,Delhi,37190,375
cust_0000002507,2024-12-15,Mumbai,136628,128
cust_0000002508,2025-04-06,Kolkata,54948,137
cust_0000002509,2025-02-13,Ahmedabad,10493,374
cust_0000002510,2024-04-08,Howrah,234750,282
cust_0000002511,2025-07-13,Chennai,77818,358
cust_0000002512,2025-01-29,Ahmedabad,134784,51
cust_0000002513,2024-03-27,Kolkata,513041,145
cust_0000002514,2024-03-30,Pune,236720,212
cust_0000002515,2024-08-08,Pune,89892,460
cust_0000002516,2026-02-02,Hyderabad,235328,391
cust_0000002517,2025-09-06,Delhi,55902,256
cust_0000002518,2024-05-06,Kolkata,51893,72
cust_0000002519,2024-10-23,Kolkata,92164,68
cust_0000002520,2024-02-01,Ahmedabad,390372,314
cust_0000002521,2025-04-21,Howrah,276132,278
cust_0000002522,2026-01-16,Hyderabad,98248,143
cust_0000002523,2026-03-19,Howrah,326759,353
cust_0000002524,2024-04-29,Bangalore,217554,184
cust_0000002525,2025-08-18,Bangalore,108840,149
cust_0000002526,2024-05-18,Kolkata,58753,73
cust_0000002527,2024-04-04,Kolkata,82530,377
cust_0000002528,2024-11-16,Delhi,112044,262
cust_0000002529,2025-09-05,Jaipur,106739,488
cust_0000002530,2025-05-25,Bangalore,97885,277
cust_0000002531,2024-11-04,Delhi,238779,71
cust_0000002532,2025-06-08,Pune,95252,232
cust_0000002533,2024-06-11,Mumbai,94017,280
cust_0000002534,2025-01-18,Ahmedabad,68020,160
cust_0000002535,2025-11-03,Mumbai,106442,264
cust_0000002536,2025-12-21,Delhi,442957,319
cust_0000002537,2024-01-16,Kolkata,50888,326
cust_0000002538,2026-01-09,Bangalore,136243,200
cust_0000002539,2024-07-12,Kolkata,209333,473
cust_0000002540,2025-02-04,Chennai,133608,52
cust_0000002541,2025-04-06,Delhi,38596,439
cust_0000002542,2024-11-14,Pune,45249,312
cust_0000002543,2025-01-28,Kolkata,168480,392
cust_0000002544,2025-09-19,Mumbai,114871,145
cust_0000002545,2026-01-23,Delhi,161311,236
cust_0000002546,2024-02-16,Delhi,91380,298
cust_0000002547,2025-04-13,Chennai,17668,458
cust_0000002548,2025-02-03,Chennai,98200,64
cust_0000002549,2025-02-15,Ahmedabad,214146,427
cust_0000002550,2025-10-02,Chennai,15758,351
cust_0000002551,2024-03-01,Ahmedabad,1110040,407
cust_0000002552,2024-04-21,Bangalore,141324,128
cust_0000002553,2024-09-09,Mumbai,332599,343
cust_0000002554,2025-06-20,Hyderabad,50673,32
cust_0000002555,2025-08-28,Kolkata,417778,140
cust_0000002556,2025-09-14,Pune,39122,369
cust_0000002557,2025-03-18,Ahmedabad,35561,257
cust_0000002558,2026-02-12,Hyderabad,66227,83
cust_0000002559,2024-07-29,Hyderabad,57493,136
cust_0000002560,2026-03-27,Chennai,267494,182
cust_0000002561,2025-09-27,Pune,25563,477
cust_0000002562,2024-06-20,Ahmedabad,80307,35
cust_0000002563,2024-11-20,Pune,29819,286
cust_0000002564,2024-12-18,Delhi,117662,133
cust_0000002565,2025-04-29,Kolkata,534978,177
cust_0000002566,2024-09-05,Hyderabad,67916,495
cust_0000002567,2024-04-07,Mumbai,264193,487
cust_0000002568,2024-08-01,Ahmedabad,120281,11
cust_0000002569,2024-10-06,Bangalore,141069,495
cust_0000002570,2025-06-20,Bangalore,74109,169
cust_0000002571,2024-04-24,Howrah,136052,424
cust_0000002572,2026-02-14,Mumbai,87692,130
cust_0000002573,2025-03-18,Bangalore,25524,295
cust_0000002574,2024-09-23,Jaipur,32181,135
cust_0000002575,2024-12-15,Jaipur,112689,387
cust_0000002576,2025-11-10,Mumbai,191990,128
cust_0000002577,2026-03-23,Ahmedabad,45176,289
cust_0000002578,2024-07-10,Hyderabad,88763,391
cust_0000002579,2025-11-27,Bangalore,110548,79
cust_0000002580,2026-04-21,Kolkata,706818,453
cust_0000002581,2024-10-13,Howrah,444891,155
cust_0000002582,2026-03-07,Jaipur,212345,181
cust_0000002583,2026-03-25,Delhi,51462,174
cust_0000002584,2025-12-28,Jaipur,149937,139
cust_0000002585,2026-04-10,Bangalore,113142,46
cust_0000002586,2025-08-22,Bangalore,511677,156
cust_0000002587,2024-08-27,Chennai,46969,227
cust_0000002588,2025-02-15,Delhi,739332,473
cust_0000002589,2024-12-08,Jaipur,122862,372
cust_0000002590,2025-09-07,Ahmedabad,22214,81
cust_0000002591,2024-02-19,Pune,146722,133
cust_0000002592,2026-03-02,Ahmedabad,49015,30
cust_0000002593,2025-01-01,Jaipur,38222,143
cust_0000002594,2025-08-19,Ahmedabad,417541,46
cust_0000002595,2024-05-02,Ahmedabad,67650,84
cust_0000002596,2026-01-02,Howrah,31123,351
cust_0000002597,2025-12-28,Pune,108679,118
cust_0000002598,2026-01-10,Kolkata,313756,59
cust_0000002599,2026-01-20,Chennai,43475,221
cust_0000002600,2024-02-12,Pune,46328,382
cust_0000002601,2025-02-20,Hyderabad,31626,449
cust_0000002602,2025-08-19,Pune,74139,449
cust_0000002603,2024-10-18,Howrah,39670,219
cust_0000002604,2025-10-16,Pune,247118,469
cust_0000002605,2024-07-12,Mumbai,44493,480
cust_0000002606,2025-06-30,Ahmedabad,44021,307
cust_0000002607,2024-07-20,Howrah,96465,242
cust_0000002608,2024-07-25,Bangalore,106169,20
cust_0000002609,2024-01-12,Howrah,9895,259
cust_0000002610,2024-09-23,Bangalore,417736,206
cust_0000002611,2025-04-19,Jaipur,39531,499
cust_0000002612,2024-06-30,Howrah,335405,448
cust_0000002613,2025-09-12,Mumbai,48589,200
cust_0000002614,2025-01-09,Mumbai,437918,499
cust_0000002615,2025-09-08,Ahmedabad,131961,367
cust_0000002616,2026-02-23,Delhi,221996,59
cust_0000002617,2025-10-22,Howrah,189659,10
cust_0000002618,2025-02-22,Hyderabad,101049,215
cust_0000002619,2025-02-13,Delhi,516375,492
cust_0000002620,2024-08-12,Delhi,72909,94
cust_0000002621,2024-04-22,Mumbai,225380,137
cust_0000002622,2024-12-12,Ahmedabad,147812,128
cust_0000002623,2026-04-30,Pune,60310,11
cust_0000002624,2025-11-09,Jaipur,78222,263
cust_0000002625,2024-12-11,Howrah,349800,351
cust_0000002626,2024-10-03,Pune,216513,315
cust_0000002627,2024-03-27,Bangalore,36062,397
cust_0000002628,2025-04-05,Bangalore,1131849,463
cust_0000002629,2024-08-29,Mumbai,207981,196
cust_0000002630,2024-10-13,Mumbai,44437,299
cust_0000002631,2025-11-04,Hyderabad,50004,315
cust_0000002632,2026-02-10,Mumbai,67190,153
cust_0000002633,2026-04-10,Delhi,90335,159
cust_0000002634,2024-07-26,Pune,517453,316
cust_0000002635,2024-09-27,Bangalore,66230,262
cust_0000002636,2024-02-24,Howrah,54940,393
cust_0000002637,2024-01-19,Bangalore,272295,214
cust_0000002638,2025-05-03,Howrah,105487,166
cust_0000002639,2026-01-04,Jaipur,18578,131
cust_0000002640,2024-08-15,Hyderabad,164600,476
cust_0000002641,2025-03-14,Ahmedabad,338124,423
cust_0000002642,2026-04-23,Howrah,216969,321
cust_0000002643,2025-02-13,Pune,263428,343
cust_0000002644,2026-03-26,Delhi,61219,498
cust_0000002645,2024-03-18,Delhi,60989,231
cust_0000002646,2024-12-08,Pune,96880,249
cust_0000002647,2024-12-02,Chennai,29589,115
cust_0000002648,2025-07-29,Howrah,159237,402
cust_0000002649,2024-03-23,Kolkata,286049,240
cust_0000002650,2024-12-06,Kolkata,189610,100
cust_0000002651,2024-03-17,Howrah,294957,230
cust_0000002652,2026-04-11,Bangalore,344253,242
cust_0000002653,2026-01-15,Chennai,84436,280
cust_0000002654,2024-02-27,Bangalore,451091,242
cust_0000002655,2024-01-02,Howrah,390514,231
cust_0000002656,2024-03-19,Kolkata,88815,219
cust_0000002657,2025-01-25,Kolkata,26973,82
cust_0000002658,2025-12-21,Delhi,283171,442
cust_0000002659,2025-08-05,Mumbai,105825,315
cust_0000002660,2025-06-03,Ahmedabad,8555,205
cust_0000002661,2024-05-01,Howrah,110211,227
cust_0000002662,2024-05-02,Howrah,97900,199
cust_0000002663,2025-05-03,Howrah,116214,214
cust_0000002664,2026-04-07,Howrah,72932,128
cust_0000002665,2025-09-05,Mumbai,108931,291
cust_0000002666,2024-10-01,Ahmedabad,73077,381
cust_0000002667,2024-04-19,Kolkata,186673,53
cust_0000002668,2024-11-16,Jaipur,78505,458
cust_0000002669,2024-11-29,Howrah,58133,169
cust_0000002670,2025-08-23,Chennai,39020,156
cust_0000002671,2026-03-11,Jaipur,102395,51
cust_0000002672,2025-06-25,Mumbai,25912,48
cust_0000002673,2025-01-30,Delhi,18977,347
cust_0000002674,2025-11-21,Mumbai,159415,19
cust_0000002675,2024-06-25,Kolkata,78904,221
cust_0000002676,2024-04-29,Mumbai,61258,149
cust_0000002677,2024-03-23,Ahmedabad,154820,125
cust_0000002678,2024-01-11,Mumbai,327181,299
cust_0000002679,2024-03-02,Pune,68418,162
cust_0000002680,2024-06-01,Pune,44264,183
cust_0000002681,2025-03-15,Bangalore,242846,198
cust_0000002682,2026-03-29,Howrah,134024,447
cust_0000002683,2025-03-24,Mumbai,32705,260
cust_0000002684,2025-01-28,Howrah,192230,32
cust_0000002685,2025-01-11,Chennai,11559,362
cust_0000002686,2025-09-03,Howrah,116153,292
cust_0000002687,2024-11-12,Chennai,185283,329
cust_0000002688,2026-02-17,Chennai,296242,322
cust_0000002689,2024-08-15,Bangalore,96656,423
cust_0000002690,2025-07-02,Howrah,959680,42
cust_0000002691,2024-08-19,Delhi,58011,317
cust_0000002692,2025-11-11,Chennai,87511,488
cust_0000002693,2025-11-18,Jaipur,60859,83
cust_0000002694,2025-03-04,Kolkata,72895,151
cust_0000002695,2025-02-28,Mumbai,117600,443
cust_0000002696,2025-09-06,Hyderabad,131145,48
cust_0000002697,2024-01-27,Ahmedabad,206195,395
cust_0000002698,2024-07-10,Delhi,65832,43
cust_0000002699,2025-07-12,Hyderabad,64300,253
cust_0000002700,2025-05-21,Delhi,119565,294
cust_0000002701,2025-11-18,Mumbai,24594,484
cust_0000002702,2025-06-17,Pune,51629,163
cust_0000002703,2025-03-02,Hyderabad,160476,289
cust_0000002704,2025-06-13,Chennai,90324,324
cust_0000002705,2024-04-13,Mumbai,21499,373
cust_0000002706,2024-07-18,Kolkata,9599,64
cust_0000002707,2025-09-21,Bangalore,57418,203
cust_0000002708,2024-02-26,Delhi,227692,121
cust_0000002709,2024-10-26,Ahmedabad,48308,448
cust_0000002710,2024-08-09,Hyderabad,37790,52
cust_0000002711,2024-08-12,Bangalore,659105,302
cust_0000002712,2024-06-17,Mumbai,981129,43
cust_0000002713,2025-05-04,Howrah,179593,476
cust_0000002714,2025-07-05,Jaipur,27963,290
cust_0000002715,2024-08-23,Howrah,76580,74
cust_0000002716,2026-04-11,Howrah,229251,93
cust_0000002717,2025-07-21,Bangalore,420475,60
cust_0000002718,2025-07-17,Bangalore,162794,188
cust_0000002719,2026-02-17,Kolkata,192235,266
cust_0000002720,2025-08-11,Howrah,84522,349
cust_0000002721,2026-03-26,Pune,81840,283
cust_0000002722,2025-01-31,Pune,522662,163
cust_0000002723,2025-04-17,Delhi,469328,117
cust_0000002724,2025-05-03,Chennai,70544,449
cust_0000002725,2025-07-21,Jaipur,225571,58
cust_0000002726,2024-01-12,Mumbai,76175,243
cust_0000002727,2025-05-21,Hyderabad,54246,468
cust_0000002728,2024-08-05,Jaipur,73965,353
cust_0000002729,2025-09-15,Kolkata,19624,315
cust_0000002730,2025-09-03,Pune,301007,487
cust_0000002731,2026-03-08,Bangalore,31194,81
cust_0000002732,2026-02-02,Delhi,297839,294
cust_0000002733,2026-04-20,Chennai,569970,473
cust_0000002734,2025-05-11,Howrah,100178,359
cust_0000002735,2024-09-04,Mumbai,31962,241
cust_0000002736,2024-10-16,Ahmedabad,546770,416
cust_0000002737,2024-05-29,Pune,64258,188
cust_0000002738,2025-04-18,Hyderabad,412945,288
cust_0000002739,2024-09-30,Mumbai,415557,376
cust_0000002740,2024-05-26,Ahmedabad,175911,27
cust_0000002741,2024-10-11,Hyderabad,83198,299
cust_0000002742,2024-11-21,Hyderabad,78659,295
cust_0000002743,2025-05-02,Chennai,96335,170
cust_0000002744,2025-10-20,Delhi,103526,260
cust_0000002745,2024-02-29,Mumbai,72889,487
cust_0000002746,2024-08-31,Bangalore,441141,479
cust_0000002747,2024-12-19,Pune,77353,323
cust_0000002748,2026-03-24,Hyderabad,79755,441
cust_0000002749,2024-12-28,Ahmedabad,591360,139
cust_0000002750,2025-09-16,Hyderabad,31151,256
cust_0000002751,2025-01-10,Jaipur,707253,194
cust_0000002752,2024-06-29,Hyderabad,38337,461
cust_0000002753,2024-08-19,Ahmedabad,54833,445
cust_0000002754,2023-12-29,Chennai,445242,193
cust_0000002755,2026-01-19,Kolkata,106589,359
cust_0000002756,2026-04-04,Kolkata,78891,484
cust_0000002757,2025-01-09,Bangalore,22454,455
cust_0000002758,2025-08-22,Howrah,62606,391
cust_0000002759,2024-12-17,Pune,78222,52
cust_0000002760,2024-02-12,Chennai,116287,264
cust_0000002761,2024-11-29,Hyderabad,80140,387
cust_0000002762,2024-03-18,Howrah,430742,422
cust_0000002763,2024-01-26,Ahmedabad,282278,18
cust_0000002764,2024-08-27,Ahmedabad,200602,379
cust_0000002765,2024-06-18,Pune,292987,484
cust_0000002766,2026-03-26,Jaipur,77186,196
cust_0000002767,2024-07-05,Jaipur,72357,316
cust_0000002768,2025-11-16,Chennai,137032,44
cust_0000002769,2026-04-28,Jaipur,67442,68
cust_0000002770,2026-03-01,Bangalore,62972,129
cust_0000002771,2025-02-05,Delhi,44363,419
cust_0000002772,2024-04-08,Hyderabad,140218,445
cust_0000002773,2024-04-11,Howrah,18468,372
cust_0000002774,2026-02-14,Jaipur,31712,98
cust_0000002775,2025-01-28,Hyderabad,131960,229
cust_0000002776,2024-05-05,Ahmedabad,157131,130
cust_0000002777,2026-05-01,Chennai,149930,41
cust_0000002778,2024-02-24,Jaipur,99908,201
cust_0000002779,2024-08-16,Ahmedabad,53842,483
cust_0000002780,2025-02-14,Howrah,81650,264
cust_0000002781,2026-04-09,Chennai,83777,493
cust_0000002782,2025-02-15,Jaipur,344672,463
cust_0000002783,2025-03-09,Mumbai,599455,129
cust_0000002784,2024-10-01,Pune,75172,406
cust_0000002785,2026-05-02,Bangalore,44304,108
cust_0000002786,2025-04-01,Delhi,168657,252
cust_0000002787,2024-11-04,Ahmedabad,34190,370
cust_0000002788,2025-09-17,Ahmedabad,84535,61
cust_0000002789,2024-10-05,Kolkata,64733,47
cust_0000002790,2025-03-31,Bangalore,29939,491
cust_0000002791,2024-01-16,Howrah,99827,166
cust_0000002792,2025-05-05,Chennai,97012,490
cust_0000002793,2024-01-01,Chennai,217282,187
cust_0000002794,2023-12-26,Kolkata,109766,41
cust_0000002795,2025-06-03,Ahmedabad,23616,74
cust_0000002796,2024-02-01,Chennai,78015,223
cust_0000002797,2025-12-05,Mumbai,126922,140
cust_0000002798,2025-12-29,Mumbai,106134,67
cust_0000002799,2024-05-28,Chennai,42578,473
cust_0000002800,2025-07-02,Kolkata,255867,50
cust_0000002801,2024-10-01,Pune,51020,155
cust_0000002802,2025-05-21,Chennai,37120,200
cust_0000002803,2025-03-27,Kolkata,29467,496
cust_0000002804,2025-05-20,Delhi,56690,380
cust_0000002805,2024-05-29,Howrah,51663,398
cust_0000002806,2024-03-27,Bangalore,113604,366
cust_0000002807,2024-07-13,Bangalore,891084,139
cust_0000002808,2026-01-21,Delhi,203152,196
cust_0000002809,2025-03-11,Chennai,25298,419
cust_0000002810,2025-02-25,Hyderabad,75341,22
cust_0000002811,2025-09-15,Bangalore,33906,171
cust_0000002812,2026-02-23,Bangalore,91580,419
cust_0000002813,2025-07-11,Ahmedabad,106724,288
cust_0000002814,2024-04-22,Mumbai,89158,182
cust_0000002815,2026-03-25,Jaipur,131910,286
cust_0000002816,2025-12-16,Howrah,121681,466
cust_0000002817,2024-01-20,Hyderabad,401169,341
cust_0000002818,2026-03-09,Chennai,66982,300
cust_0000002819,2024-03-14,Kolkata,101043,346
cust_0000002820,2024-03-22,Bangalore,66193,382
cust_0000002821,2025-05-20,Bangalore,123970,477
cust_0000002822,2024-12-17,Ahmedabad,217199,487
cust_0000002823,2023-12-16,Ahmedabad,218658,232
cust_0000002824,2024-04-28,Ahmedabad,258130,487
cust_0000002825,2025-04-06,Jaipur,91168,69
cust_0000002826,2023-12-28,Kolkata,191816,233
cust_0000002827,2024-09-21,Kolkata,92334,120
cust_0000002828,2025-09-10,Hyderabad,89926,303
cust_0000002829,2025-04-30,Bangalore,407248,383
cust_0000002830,2025-05-19,Mumbai,35868,283
cust_0000002831,2024-08-11,Howrah,291725,383
cust_0000002832,2025-06-30,Hyderabad,38307,108
cust_0000002833,2025-01-02,Mumbai,402316,499
cust_0000002834,2024-05-03,Chennai,177039,75
cust_0000002835,2024-07-24,Ahmedabad,26383,477
cust_0000002836,2025-04-05,Delhi,73340,495
cust_0000002837,2024-12-08,Delhi,41196,287
cust_0000002838,2025-04-27,Hyderabad,213507,35
cust_0000002839,2025-05-04,Pune,36806,102
cust_0000002840,2025-03-02,Chennai,85438,93
cust_0000002841,2025-02-18,Delhi,205203,369
cust_0000002842,2025-11-20,Pune,42846,74
cust_0000002843,2026-04-28,Ahmedabad,167502,486
cust_0000002844,2023-12-31,Jaipur,57405,226
cust_0000002845,2025-09-19,Howrah,55284,346
cust_0000002846,2025-06-11,Howrah,26460,23
cust_0000002847,2025-05-17,Pune,93627,165
cust_0000002848,2025-08-12,Delhi,76437,178
cust_0000002849,2025-01-29,Pune,125726,279
cust_0000002850,2026-03-06,Kolkata,170170,156
cust_0000002851,2024-01-22,Kolkata,119399,442
cust_0000002852,2025-09-23,Hyderabad,63884,49
cust_0000002853,2025-06-11,Ahmedabad,28400,7
cust_0000002854,2025-01-19,Jaipur,350449,498
cust_0000002855,2025-05-17,Mumbai,86605,25
cust_0000002856,2024-03-13,Delhi,497547,289
cust_0000002857,2025-02-09,Jaipur,76121,331
cust_0000002858,2024-01-02,Pune,180967,435
cust_0000002859,2026-03-04,Ahmedabad,294638,359
cust_0000002860,2024-02-16,Bangalore,308776,129
cust_0000002861,2025-10-28,Delhi,674420,264
cust_0000002862,2024-06-11,Delhi,183409,354
cust_0000002863,2026-01-31,Bangalore,140317,163
cust_0000002864,2024-04-20,Delhi,534968,480
cust_0000002865,2025-08-12,Hyderabad,642641,102
cust_0000002866,2024-10-18,Howrah,1149873,294
cust_0000002867,2024-06-21,Chennai,421325,314
cust_0000002868,2024-05-16,Kolkata,59014,476
cust_0000002869,2024-12-23,Kolkata,87316,353
cust_0000002870,2024-09-27,Ahmedabad,254617,352
cust_0000002871,2023-12-26,Mumbai,101534,102
cust_0000002872,2024-04-26,Hyderabad,260461,309
cust_0000002873,2025-01-22,Bangalore,114585,427
cust_0000002874,2025-06-26,Pune,186387,307
cust_0000002875,2026-03-21,Howrah,48246,454
cust_0000002876,2024-03-13,Hyderabad,279399,378
cust_0000002877,2024-03-24,Jaipur,241189,275
cust_0000002878,2025-11-01,Mumbai,58770,81
cust_0000002879,2026-03-16,Howrah,233103,316
cust_0000002880,2025-06-19,Jaipur,24071,136
cust_0000002881,2024-04-14,Howrah,67041,15
cust_0000002882,2024-03-11,Bangalore,33763,119
cust_0000002883,2024-07-13,Howrah,94046,330
cust_0000002884,2025-01-22,Pune,33145,84
cust_0000002885,2024-08-15,Hyderabad,277490,83
cust_0000002886,2024-07-01,Delhi,159815,92
cust_0000002887,2024-02-28,Jaipur,185217,62
cust_0000002888,2025-07-19,Chennai,267375,97
cust_0000002889,2025-06-16,Delhi,129656,415
cust_0000002890,2024-06-08,Delhi,130631,315
cust_0000002891,2023-12-29,Mumbai,79304,44
cust_0000002892,2024-11-10,Jaipur,127329,108
cust_0000002893,2025-04-01,Delhi,150465,440
cust_0000002894,2024-02-16,Kolkata,77094,401
cust_0000002895,2025-04-04,Ahmedabad,54798,394
cust_0000002896,2024-06-30,Delhi,125283,119
cust_0000002897,2025-05-31,Delhi,74920,204
cust_0000002898,2024-08-12,Pune,54803,293
cust_0000002899,2025-12-03,Mumbai,2125757,485
cust_0000002900,2026-04-12,Kolkata,234119,105
cust_0000002901,2026-03-22,Kolkata,248531,199
cust_0000002902,2024-01-12,Jaipur,466689,273
cust_0000002903,2025-07-03,Howrah,263250,217
cust_0000002904,2025-12-31,Bangalore,190115,295
cust_0000002905,2025-10-30,Kolkata,123801,183
cust_0000002906,2025-08-27,Pune,132714,465
cust_0000002907,2024-03-09,Jaipur,124080,246
cust_0000002908,2026-04-06,Delhi,133818,68
cust_0000002909,2025-01-12,Pune,148609,439
cust_0000002910,2025-10-06,Mumbai,199181,364
cust_0000002911,2025-01-20,Hyderabad,32038,240
cust_0000002912,2024-12-29,Bangalore,101963,45
cust_0000002913,2026-03-31,Chennai,70657,476
cust_0000002914,2024-09-03,Chennai,163590,446
cust_0000002915,2025-06-02,Bangalore,191448,74
cust_0000002916,2026-04-18,Bangalore,148667,288
cust_0000002917,2025-03-12,Hyderabad,137614,449
cust_0000002918,2025-06-24,Ahmedabad,62814,77
cust_0000002919,2026-02-12,Ahmedabad,48508,392
cust_0000002920,2025-04-15,Jaipur,41786,250
cust_0000002921,2025-08-16,Ahmedabad,45845,270
cust_0000002922,2026-03-02,Ahmedabad,65620,331
cust_0000002923,2025-12-27,Jaipur,44105,478
cust_0000002924,2025-04-26,Kolkata,213250,274
cust_0000002925,2025-06-27,Pune,117172,472
cust_0000002926,2025-11-04,Mumbai,350138,119
cust_0000002927,2024-06-15,Hyderabad,58758,68
cust_0000002928,2025-03-12,Mumbai,39726,456
cust_0000002929,2025-09-18,Delhi,75450,111
cust_0000002930,2025-10-16,Hyderabad,26842,478
cust_0000002931,2024-03-12,Pune,101578,163
cust_0000002932,2024-11-23,Jaipur,122653,468
cust_0000002933,2025-01-20,Delhi,103381,164
cust_0000002934,2024-07-22,Chennai,54001,405
cust_0000002935,2026-04-21,Hyderabad,35198,289
cust_0000002936,2024-03-05,Chennai,250591,406
cust_0000002937,2024-07-06,Hyderabad,285343,52
cust_0000002938,2025-12-14,Chennai,154509,189
cust_0000002939,2024-05-06,Delhi,491451,439
cust_0000002940,2024-08-25,Kolkata,84497,80
cust_0000002941,2026-01-31,Delhi,46967,144
cust_0000002942,2024-09-01,Kolkata,39964,247
cust_0000002943,2025-11-21,Chennai,33656,84
cust_0000002944,2025-08-06,Chennai,69841,466
cust_0000002945,2024-05-08,Hyderabad,71567,359
cust_0000002946,2024-10-24,Delhi,120216,215
cust_0000002947,2025-04-20,Kolkata,494891,182
cust_0000002948,2026-02-06,Bangalore,42961,197
cust_0000002949,2024-03-28,Ahmedabad,318050,358
cust_0000002950,2024-08-02,Delhi,180725,370
cust_0000002951,2024-10-11,Howrah,67455,187
cust_0000002952,2024-11-30,Kolkata,190903,270
cust_0000002953,2025-10-06,Bangalore,167661,212
cust_0000002954,2026-02-02,Pune,29445,145
cust_0000002955,2025-01-19,Pune,43918,404
cust_0000002956,2024-04-22,Delhi,87311,274
cust_0000002957,2025-03-09,Hyderabad,309432,24
cust_0000002958,2024-12-04,Jaipur,337498,179
cust_0000002959,2026-04-29,Mumbai,26895,94
cust_0000002960,2024-02-10,Hyderabad,438465,172
cust_0000002961,2025-11-29,Howrah,282454,179
cust_0000002962,2024-05-23,Kolkata,92159,226
cust_0000002963,2025-02-03,Kolkata,50693,140
cust_0000002964,2025-06-27,Kolkata,87957,266
cust_0000002965,2025-02-19,Delhi,116927,385
cust_0000002966,2025-06-07,Bangalore,66537,201
cust_0000002967,2025-09-15,Kolkata,105333,84
cust_0000002968,2026-01-12,Mumbai,21415,225
cust_0000002969,2023-12-15,Mumbai,124869,58
cust_0000002970,2026-04-18,Ahmedabad,50749,464
cust_0000002971,2025-07-17,Chennai,111540,332
cust_0000002972,2025-03-20,Mumbai,108116,287
cust_0000002973,2024-08-03,Howrah,94120,224
cust_0000002974,2023-12-28,Chennai,10951,184
cust_0000002975,2024-01-14,Hyderabad,409504,312
cust_0000002976,2026-04-06,Chennai,382360,352
cust_0000002977,2025-01-13,Pune,72954,350
cust_0000002978,2025-03-13,Hyderabad,116224,28
cust_0000002979,2024-04-05,Jaipur,78950,184
cust_0000002980,2024-11-07,Mumbai,364985,272
cust_0000002981,2025-06-30,Jaipur,43674,87
cust_0000002982,2025-08-21,Delhi,36250,288
cust_0000002983,2024-06-22,Hyderabad,91876,194
cust_0000002984,2024-03-10,Delhi,20609,383
cust_0000002985,2026-02-16,Pune,80096,27
cust_0000002986,2025-09-21,Howrah,376580,309
cust_0000002987,2025-02-15,Delhi,16218,68
cust_0000002988,2025-11-08,Bangalore,43231,326
cust_0000002989,2025-06-03,Bangalore,79241,488
cust_0000002990,2025-03-13,Chennai,66026,238
cust_0000002991,2025-01-25,Bangalore,72319,60
cust_0000002992,2024-09-22,Mumbai,117754,286
cust_0000002993,2024-09-25,Pune,166333,114
cust_0000002994,2024-10-27,Pune,203485,16
cust_0000002995,2025-08-15,Pune,31664,427
cust_0000002996,2025-09-20,Ahmedabad,57061,41
cust_0000002997,2025-08-20,Mumbai,20337,222
cust_0000002998,2026-02-16,Bangalore,103020,468
cust_0000002999,2026-04-01,Delhi,117736,453
cust_0000003000,2025-05-16,Jaipur,94817,69
cust_0000003001,2024-01-27,Bangalore,131671,182
cust_0000003002,2026-04-21,Mumbai,36066,270
cust_0000003003,2024-03-08,Hyderabad,56081,13
cust_0000003004,2024-05-22,Howrah,111123,287
cust_0000003005,2025-12-14,Kolkata,248203,279
cust_0000003006,2024-01-15,Howrah,129430,302
cust_0000003007,2023-12-17,Howrah,28910,222
cust_0000003008,2026-03-30,Howrah,85766,461
cust_0000003009,2024-05-18,Bangalore,64917,310
cust_0000003010,2024-01-30,Ahmedabad,227288,262
cust_0000003011,2024-08-28,Kolkata,71791,301
cust_0000003012,2026-04-01,Jaipur,33381,22
cust_0000003013,2025-02-11,Kolkata,55718,449
cust_0000003014,2026-04-18,Jaipur,132993,74
cust_0000003015,2026-03-07,Hyderabad,179771,448
cust_0000003016,2025-04-26,Hyderabad,29836,54
cust_0000003017,2024-09-28,Bangalore,81421,204
cust_0000003018,2024-04-02,Ahmedabad,57393,257
cust_0000003019,2024-09-14,Jaipur,402398,423
cust_0000003020,2025-01-11,Howrah,15329,230
cust_0000003021,2026-01-30,Jaipur,121226,211
cust_0000003022,2025-07-09,Mumbai,50501,270
cust_0000003023,2024-03-09,Howrah,175882,419
cust_0000003024,2025-02-25,Chennai,292258,469
cust_0000003025,2024-03-22,Howrah,337005,62
cust_0000003026,2024-08-24,Mumbai,13387,394
cust_0000003027,2024-01-28,Kolkata,217982,189
cust_0000003028,2026-02-14,Mumbai,148717,31
cust_0000003029,2025-07-22,Hyderabad,65359,348
cust_0000003030,2026-02-19,Bangalore,150390,174
cust_0000003031,2025-06-02,Jaipur,281957,351
cust_0000003032,2024-09-07,Ahmedabad,26126,213
cust_0000003033,2025-01-28,Kolkata,76493,111
cust_0000003034,2025-11-04,Hyderabad,223045,496
cust_0000003035,2024-06-26,Kolkata,153880,277
cust_0000003036,2024-06-24,Kolkata,330092,452
cust_0000003037,2024-10-10,Kolkata,43673,76
cust_0000003038,2024-11-21,Kolkata,65422,238
cust_0000003039,2025-06-16,Pune,97982,258
cust_0000003040,2025-01-25,Jaipur,77044,400
cust_0000003041,2024-02-09,Howrah,166696,236
cust_0000003042,2026-03-18,Chennai,94474,282
cust_0000003043,2024-01-15,Chennai,91226,486
cust_0000003044,2025-06-04,Jaipur,41295,283
cust_0000003045,2025-04-05,Hyderabad,85962,16
cust_0000003046,2024-09-05,Ahmedabad,21887,171
cust_0000003047,2024-09-24,Kolkata,15524,187
cust_0000003048,2026-03-24,Mumbai,63339,257
cust_0000003049,2025-05-12,Howrah,57030,127
cust_0000003050,2025-08-15,Chennai,55898,337
cust_0000003051,2024-05-10,Bangalore,262556,290
cust_0000003052,2024-01-19,Delhi,126454,495
cust_0000003053,2025-01-07,Mumbai,97280,216
cust_0000003054,2024-07-02,Chennai,162125,333
cust_0000003055,2025-03-26,Howrah,10205,334
cust_0000003056,2026-04-26,Kolkata,168235,365
cust_0000003057,2025-04-27,Bangalore,419123,140
cust_0000003058,2024-07-10,Mumbai,187276,115
cust_0000003059,2024-05-10,Kolkata,82441,221
cust_0000003060,2025-04-27,Delhi,443432,132
cust_0000003061,2026-03-14,Hyderabad,164872,429
cust_0000003062,2024-01-26,Howrah,33964,189
cust_0000003063,2025-09-13,Howrah,45609,80
cust_0000003064,2024-06-20,Pune,64656,79
cust_0000003065,2025-07-16,Mumbai,459742,412
cust_0000003066,2025-01-26,Howrah,216868,5
cust_0000003067,2025-04-14,Mumbai,140546,223
cust_0000003068,2025-01-14,Chennai,200459,296
cust_0000003069,2024-05-22,Bangalore,126958,394
cust_0000003070,2024-09-03,Chennai,71329,429
cust_0000003071,2024-10-19,Chennai,159163,406
cust_0000003072,2025-04-10,Ahmedabad,79754,101
cust_0000003073,2024-03-08,Jaipur,29520,215
cust_0000003074,2026-03-24,Jaipur,342668,267
cust_0000003075,2026-04-08,Kolkata,10568,284
cust_0000003076,2024-05-02,Howrah,164874,375
cust_0000003077,2025-09-23,Kolkata,92203,319
cust_0000003078,2025-08-20,Mumbai,367741,65
cust_0000003079,2025-06-08,Jaipur,291312,347
cust_0000003080,2025-04-14,Mumbai,21965,395
cust_0000003081,2026-02-15,Howrah,72624,343
cust_0000003082,2024-03-29,Kolkata,37744,216
cust_0000003083,2024-04-02,Chennai,46345,354
cust_0000003084,2026-02-24,Hyderabad,75136,211
cust_0000003085,2025-02-17,Bangalore,34002,192
cust_0000003086,2024-04-17,Jaipur,76823,459
cust_0000003087,2024-04-26,Jaipur,137852,123
cust_0000003088,2025-06-21,Hyderabad,108964,427
cust_0000003089,2025-11-30,Ahmedabad,214739,319
cust_0000003090,2025-12-17,Hyderabad,578502,444
cust_0000003091,2024-03-31,Mumbai,101917,139
cust_0000003092,2024-01-12,Delhi,68376,441
cust_0000003093,2025-06-28,Delhi,59537,115
cust_0000003094,2024-07-21,Pune,87173,347
cust_0000003095,2025-07-11,Jaipur,214983,20
cust_0000003096,2024-06-14,Delhi,147495,345
cust_0000003097,2024-08-30,Ahmedabad,110108,279
cust_0000003098,2025-01-13,Howrah,92483,175
cust_0000003099,2024-10-06,Pune,276628,230
cust_0000003100,2024-08-24,Pune,71082,466
cust_0000003101,2025-07-30,Chennai,105448,493
cust_0000003102,2024-11-19,Bangalore,75808,222
cust_0000003103,2025-12-26,Chennai,79738,96
cust_0000003104,2025-12-16,Jaipur,52252,183
cust_0000003105,2026-02-13,Howrah,330496,303
cust_0000003106,2025-04-16,Howrah,96669,131
cust_0000003107,2024-08-15,Howrah,7358,166
cust_0000003108,2024-02-18,Ahmedabad,103348,359
cust_0000003109,2026-03-03,Pune,66878,57
cust_0000003110,2026-04-30,Bangalore,113031,460
cust_0000003111,2025-08-26,Mumbai,53901,353
cust_0000003112,2025-09-21,Chennai,50132,96
cust_0000003113,2024-12-13,Mumbai,288521,134
cust_0000003114,2024-06-10,Hyderabad,252373,149
cust_0000003115,2025-10-04,Mumbai,132439,371
cust_0000003116,2024-07-17,Pune,63582,351
cust_0000003117,2026-01-12,Howrah,34574,13
cust_0000003118,2024-03-04,Delhi,76311,344
cust_0000003119,2024-09-06,Jaipur,84692,26
cust_0000003120,2023-12-15,Bangalore,20480,233
cust_0000003121,2025-01-16,Mumbai,27937,325
cust_0000003122,2026-03-21,Hyderabad,138145,268
cust_0000003123,2024-01-28,Kolkata,136945,19
cust_0000003124,2026-02-02,Howrah,213823,47
cust_0000003125,2026-03-11,Hyderabad,257603,152
cust_0000003126,2025-06-21,Bangalore,70329,238
cust_0000003127,2024-10-06,Kolkata,69241,455
cust_0000003128,2025-04-29,Delhi,83570,454
cust_0000003129,2025-06-03,Kolkata,75820,294
cust_0000003130,2025-11-25,Mumbai,66035,431
cust_0000003131,2025-08-10,Hyderabad,66023,313
cust_0000003132,2024-06-09,Jaipur,58364,252
cust_0000003133,2024-01-23,Howrah,38706,311
cust_0000003134,2024-01-24,Ahmedabad,99686,83
cust_0000003135,2025-06-21,Delhi,33832,74
cust_0000003136,2024-09-04,Kolkata,17079,460
cust_0000003137,2024-03-10,Hyderabad,470540,442
cust_0000003138,2025-01-17,Mumbai,196675,159
cust_0000003139,2025-04-25,Pune,84268,200
cust_0000003140,2024-04-19,Ahmedabad,45811,43
cust_0000003141,2024-04-27,Bangalore,45503,96
cust_0000003142,2024-08-11,Kolkata,107161,112
cust_0000003143,2024-09-07,Mumbai,63989,280
cust_0000003144,2024-06-20,Mumbai,162902,132
cust_0000003145,2024-11-07,Delhi,89411,111
cust_0000003146,2024-06-29,Bangalore,34084,47
cust_0000003147,2024-11-07,Hyderabad,59004,184
cust_0000003148,2026-03-01,Pune,129672,256
cust_0000003149,2024-11-29,Hyderabad,108365,466
cust_0000003150,2026-04-22,Kolkata,175950,226
cust_0000003151,2024-03-07,Pune,67351,308
cust_0000003152,2025-08-29,Ahmedabad,46509,302
cust_0000003153,2024-05-04,Howrah,168785,183
cust_0000003154,2025-04-27,Bangalore,180561,163
cust_0000003155,2024-02-04,Bangalore,136781,133
cust_0000003156,2025-08-30,Pune,67424,246
cust_0000003157,2025-12-14,Pune,284390,257
cust_0000003158,2024-12-16,Ahmedabad,1089947,200
cust_0000003159,2026-03-26,Bangalore,103459,79
cust_0000003160,2025-03-01,Chennai,92447,127
cust_0000003161,2024-06-23,Ahmedabad,88763,420
cust_0000003162,2025-02-12,Jaipur,89965,198
cust_0000003163,2025-04-11,Delhi,81144,448
cust_0000003164,2025-04-03,Jaipur,27181,303
cust_0000003165,2024-07-03,Ahmedabad,76028,472
cust_0000003166,2024-10-04,Jaipur,65234,241
cust_0000003167,2024-04-17,Ahmedabad,192138,472
cust_0000003168,2025-09-12,Mumbai,50146,264
cust_0000003169,2026-03-15,Howrah,262581,71
cust_0000003170,2025-02-27,Kolkata,32126,333
cust_0000003171,2024-01-25,Mumbai,35264,449
cust_0000003172,2024-01-27,Bangalore,153981,401
cust_0000003173,2024-06-27,Kolkata,47328,275
cust_0000003174,2025-10-25,Ahmedabad,62240,78
cust_0000003175,2024-12-07,Chennai,196624,361
cust_0000003176,2026-02-17,Pune,384119,115
cust_0000003177,2026-05-01,Chennai,268702,383
cust_0000003178,2025-11-29,Hyderabad,42161,290
cust_0000003179,2024-11-04,Chennai,200991,135
cust_0000003180,2025-09-04,Jaipur,74334,222
cust_0000003181,2025-10-01,Hyderabad,740549,196
cust_0000003182,2024-03-13,Hyderabad,320511,433
cust_0000003183,2024-12-04,Pune,33670,185
cust_0000003184,2025-12-28,Chennai,89439,230
cust_0000003185,2026-05-02,Hyderabad,12806,217
cust_0000003186,2026-03-24,Kolkata,250555,110
cust_0000003187,2024-05-04,Mumbai,184274,208
cust_0000003188,2024-12-01,Ahmedabad,186604,214
cust_0000003189,2024-02-12,Pune,336328,359
cust_0000003190,2025-10-11,Jaipur,77307,249
cust_0000003191,2024-09-07,Howrah,128082,376
cust_0000003192,2024-01-25,Jaipur,276513,385
cust_0000003193,2024-02-08,Mumbai,42965,290
cust_0000003194,2025-05-24,Howrah,36295,285
cust_0000003195,2024-03-26,Delhi,94488,120
cust_0000003196,2025-11-22,Chennai,103945,223
cust_0000003197,2024-02-05,Mumbai,92007,68
cust_0000003198,2025-04-10,Kolkata,108970,134
cust_0000003199,2024-01-01,Delhi,75733,269
cust_0000003200,2024-01-06,Bangalore,217143,400
cust_0000003201,2023-12-28,Hyderabad,236022,9
cust_0000003202,2024-05-31,Bangalore,38812,319
cust_0000003203,2023-12-24,Pune,62980,309
cust_0000003204,2025-08-05,Mumbai,191868,387
cust_0000003205,2026-01-13,Ahmedabad,71214,470
cust_0000003206,2025-10-30,Delhi,484320,120
cust_0000003207,2026-02-03,Hyderabad,33364,37
cust_0000003208,2026-01-31,Bangalore,686984,222
cust_0000003209,2026-03-25,Kolkata,234815,43
cust_0000003210,2024-05-07,Chennai,56192,116
cust_0000003211,2024-02-12,Hyderabad,183978,93
cust_0000003212,2025-04-03,Hyderabad,11185,116
cust_0000003213,2024-09-01,Hyderabad,86640,133
cust_0000003214,2024-01-25,Ahmedabad,40817,184
cust_0000003215,2024-11-25,Pune,59878,133
cust_0000003216,2024-03-04,Jaipur,845616,465
cust_0000003217,2026-01-12,Bangalore,299249,293
cust_0000003218,2024-06-07,Howrah,79865,171
cust_0000003219,2024-08-09,Jaipur,111121,291
cust_0000003220,2024-02-14,Hyderabad,523133,469
cust_0000003221,2024-02-01,Kolkata,25117,212
cust_0000003222,2024-06-24,Pune,292529,487
cust_0000003223,2025-04-15,Jaipur,67397,451
cust_0000003224,2026-04-18,Ahmedabad,218995,404
cust_0000003225,2025-09-20,Howrah,176473,279
cust_0000003226,2026-02-20,Mumbai,96449,160
cust_0000003227,2025-07-25,Bangalore,188043,133
cust_0000003228,2025-07-07,Bangalore,346334,378
cust_0000003229,2024-11-22,Jaipur,481568,131
cust_0000003230,2023-12-30,Bangalore,76851,448
cust_0000003231,2026-02-11,Bangalore,96714,262
cust_0000003232,2024-09-13,Chennai,91760,116
cust_0000003233,2024-11-06,Bangalore,27382,436
cust_0000003234,2024-10-30,Bangalore,396136,134
cust_0000003235,2025-07-07,Chennai,93056,278
cust_0000003236,2025-11-12,Bangalore,459623,459
cust_0000003237,2025-06-05,Hyderabad,166032,345
cust_0000003238,2025-01-08,Jaipur,454104,84
cust_0000003239,2025-05-26,Hyderabad,520170,346
cust_0000003240,2025-10-11,Chennai,170309,100
cust_0000003241,2026-02-26,Pune,132932,314
cust_0000003242,2025-10-06,Chennai,151353,144
cust_0000003243,2025-05-27,Jaipur,102728,378
cust_0000003244,2024-03-19,Chennai,78766,269
cust_0000003245,2025-05-20,Jaipur,61429,190
cust_0000003246,2024-09-28,Kolkata,30846,211
cust_0000003247,2024-06-04,Jaipur,69563,425
cust_0000003248,2026-03-24,Delhi,160893,422
cust_0000003249,2024-03-07,Hyderabad,148065,314
cust_0000003250,2024-06-25,Bangalore,327556,470
cust_0000003251,2025-11-07,Delhi,130585,490
cust_0000003252,2024-04-25,Bangalore,53668,453
cust_0000003253,2025-08-14,Hyderabad,24060,201
cust_0000003254,2024-09-25,Howrah,125320,147
cust_0000003255,2024-01-17,Delhi,51046,486
cust_0000003256,2024-07-15,Pune,308492,119
cust_0000003257,2025-10-08,Hyderabad,54699,426
cust_0000003258,2025-12-11,Chennai,214627,396
cust_0000003259,2024-05-26,Jaipur,47472,392
cust_0000003260,2025-07-12,Howrah,249923,105
cust_0000003261,2025-09-11,Ahmedabad,123492,350
cust_0000003262,2025-12-17,Delhi,178508,220
cust_0000003263,2024-10-09,Chennai,234140,108
cust_0000003264,2024-11-15,Jaipur,31561,458
cust_0000003265,2024-03-16,Jaipur,480656,463
cust_0000003266,2025-07-26,Chennai,216643,376
cust_0000003267,2025-06-12,Mumbai,68546,479
cust_0000003268,2025-11-29,Jaipur,45526,18
cust_0000003269,2024-02-01,Kolkata,270456,81
cust_0000003270,2024-06-14,Mumbai,133087,23
cust_0000003271,2026-03-18,Delhi,82543,73
cust_0000003272,2024-06-01,Hyderabad,341910,39
cust_0000003273,2024-09-11,Chennai,379682,384
cust_0000003274,2024-11-23,Bangalore,130525,9
cust_0000003275,2024-12-25,Mumbai,346087,46
cust_0000003276,2024-07-19,Ahmedabad,62000,464
cust_0000003277,2024-09-30,Pune,41291,467
cust_0000003278,2024-01-02,Delhi,475970,410
cust_0000003279,2025-07-03,Howrah,31613,82
cust_0000003280,2025-07-27,Jaipur,50182,448
cust_0000003281,2025-09-12,Ahmedabad,391343,214
cust_0000003282,2024-04-19,Hyderabad,56703,396
cust_0000003283,2025-07-27,Mumbai,330011,298
cust_0000003284,2025-04-17,Howrah,103371,291
cust_0000003285,2026-01-31,Delhi,190615,203
cust_0000003286,2025-05-29,Jaipur,327313,368
cust_0000003287,2025-09-27,Jaipur,277988,474
cust_0000003288,2026-01-28,Kolkata,119955,228
cust_0000003289,2024-09-11,Ahmedabad,61786,338
cust_0000003290,2026-03-24,Bangalore,108087,58
cust_0000003291,2025-07-07,Delhi,336926,199
cust_0000003292,2024-02-05,Bangalore,365419,381
cust_0000003293,2024-07-17,Kolkata,23186,347
cust_0000003294,2025-05-03,Pune,12355,54
cust_0000003295,2024-01-09,Bangalore,99286,161
cust_0000003296,2025-07-25,Mumbai,51856,493
cust_0000003297,2025-11-05,Howrah,71946,459
cust_0000003298,2026-02-10,Ahmedabad,32469,385
cust_0000003299,2025-04-25,Mumbai,137645,274
cust_0000003300,2024-02-12,Mumbai,53614,245
cust_0000003301,2024-04-08,Ahmedabad,27847,351
cust_0000003302,2026-04-22,Chennai,237815,386
cust_0000003303,2025-03-15,Mumbai,52590,321
cust_0000003304,2024-01-18,Mumbai,46149,90
cust_0000003305,2025-10-29,Bangalore,196729,414
cust_0000003306,2025-06-15,Delhi,165056,206
cust_0000003307,2024-08-02,Bangalore,183027,285
cust_0000003308,2025-07-16,Pune,264899,278
cust_0000003309,2024-05-09,Howrah,98282,315
cust_0000003310,2024-07-25,Delhi,163516,10
cust_0000003311,2026-03-19,Kolkata,156092,441
cust_0000003312,2024-08-06,Ahmedabad,294383,264
cust_0000003313,2025-01-30,Delhi,43845,338
cust_0000003314,2024-05-08,Delhi,113210,402
cust_0000003315,2025-12-04,Kolkata,65391,244
cust_0000003316,2025-04-24,Howrah,207093,448
cust_0000003317,2023-12-31,Howrah,289153,379
cust_0000003318,2025-01-13,Howrah,32186,169
cust_0000003319,2025-04-30,Bangalore,59093,106
cust_0000003320,2024-03-21,Kolkata,100022,273
cust_0000003321,2024-12-17,Delhi,35995,419
cust_0000003322,2025-04-29,Kolkata,91971,334
cust_0000003323,2025-02-24,Bangalore,135156,58
cust_0000003324,2024-05-02,Howrah,179201,172
cust_0000003325,2025-06-01,Howrah,36794,293
cust_0000003326,2024-12-26,Kolkata,198762,44
cust_0000003327,2024-09-27,Howrah,188320,226
cust_0000003328,2026-03-01,Hyderabad,66328,6
cust_0000003329,2025-01-18,Hyderabad,62142,379
cust_0000003330,2024-04-04,Jaipur,43270,218
cust_0000003331,2025-02-18,Pune,152733,296
cust_0000003332,2025-02-04,Ahmedabad,52453,488
cust_0000003333,2024-05-14,Bangalore,79889,357
cust_0000003334,2024-04-11,Ahmedabad,48076,476
cust_0000003335,2024-09-13,Howrah,109715,320
cust_0000003336,2024-10-26,Bangalore,44387,150
cust_0000003337,2024-05-12,Jaipur,158369,429
cust_0000003338,2025-11-27,Howrah,232873,119
cust_0000003339,2025-09-01,Chennai,35479,329
cust_0000003340,2024-10-11,Jaipur,542453,157
cust_0000003341,2025-01-08,Chennai,75087,120
cust_0000003342,2024-12-27,Jaipur,59861,92
cust_0000003343,2026-04-26,Kolkata,164748,441
cust_0000003344,2025-04-09,Pune,117673,327
cust_0000003345,2024-06-19,Howrah,84005,400
cust_0000003346,2025-05-12,Jaipur,158721,359
cust_0000003347,2024-07-07,Mumbai,37965,164
cust_0000003348,2025-03-23,Kolkata,412369,388
cust_0000003349,2026-04-13,Pune,75710,341
cust_0000003350,2025-08-18,Delhi,46915,493
cust_0000003351,2024-02-03,Jaipur,356189,80
cust_0000003352,2025-09-11,Jaipur,94377,253
cust_0000003353,2026-02-23,Bangalore,357065,446
cust_0000003354,2025-01-15,Pune,183785,21
cust_0000003355,2024-02-23,Chennai,130549,330
cust_0000003356,2025-06-28,Ahmedabad,137667,291
cust_0000003357,2025-02-18,Mumbai,123270,254
cust_0000003358,2024-09-11,Chennai,365411,156
cust_0000003359,2025-04-08,Ahmedabad,80598,211
cust_0000003360,2024-06-12,Mumbai,165816,197
cust_0000003361,2025-10-13,Kolkata,190592,227
cust_0000003362,2026-03-11,Bangalore,44871,56
cust_0000003363,2026-04-16,Chennai,208133,414
cust_0000003364,2024-06-17,Chennai,90423,348
cust_0000003365,2024-05-03,Hyderabad,93274,36
cust_0000003366,2025-08-20,Hyderabad,44336,173
cust_0000003367,2025-11-03,Ahmedabad,61054,205
cust_0000003368,2026-04-29,Ahmedabad,448821,316
cust_0000003369,2025-01-29,Delhi,128787,457
cust_0000003370,2026-03-20,Chennai,102703,460
cust_0000003371,2026-04-17,Hyderabad,69060,85
cust_0000003372,2024-03-27,Chennai,63989,174
cust_0000003373,2025-09-01,Pune,145554,123
cust_0000003374,2025-10-01,Jaipur,30730,168
cust_0000003375,2025-08-25,Hyderabad,69473,252
cust_0000003376,2025-08-19,Jaipur,122432,9
cust_0000003377,2024-12-29,Bangalore,53045,85
cust_0000003378,2023-12-15,Chennai,168860,240
cust_0000003379,2024-11-11,Hyderabad,672687,483
cust_0000003380,2025-03-01,Kolkata,96373,31
cust_0000003381,2024-05-07,Bangalore,201273,348
cust_0000003382,2024-01-26,Hyderabad,88654,301
cust_0000003383,2024-10-21,Jaipur,135863,102
cust_0000003384,2024-01-07,Jaipur,37632,318
cust_0000003385,2025-10-14,Bangalore,821858,474
cust_0000003386,2024-07-25,Delhi,101628,39
cust_0000003387,2025-11-25,Bangalore,100570,160
cust_0000003388,2024-01-09,Jaipur,302886,266
cust_0000003389,2025-02-18,Jaipur,36406,277
cust_0000003390,2024-02-23,Hyderabad,256720,171
cust_0000003391,2024-11-19,Bangalore,141962,400
cust_0000003392,2024-12-21,Hyderabad,135902,402
cust_0000003393,2025-12-27,Ahmedabad,233174,369
cust_0000003394,2025-03-18,Bangalore,12788,221
cust_0000003395,2025-10-02,Delhi,553237,127
cust_0000003396,2025-01-07,Kolkata,52246,338
cust_0000003397,2024-03-12,Ahmedabad,240719,348
cust_0000003398,2025-11-12,Hyderabad,108411,361
cust_0000003399,2024-02-01,Chennai,68295,203
cust_0000003400,2025-04-14,Jaipur,164674,341
cust_0000003401,2026-04-13,Bangalore,122982,312
cust_0000003402,2026-04-25,Delhi,250946,59
cust_0000003403,2025-06-22,Howrah,71814,5
cust_0000003404,2025-01-26,Ahmedabad,18792,243
cust_0000003405,2026-01-01,Chennai,406846,245
cust_0000003406,2024-01-16,Pune,147817,293
cust_0000003407,2026-03-26,Howrah,448813,230
cust_0000003408,2025-10-22,Mumbai,79313,491
cust_0000003409,2024-10-05,Pune,89502,216
cust_0000003410,2026-03-10,Kolkata,77488,382
cust_0000003411,2026-03-19,Howrah,171778,494
cust_0000003412,2025-03-27,Pune,71301,483
cust_0000003413,2025-10-21,Ahmedabad,77011,85
cust_0000003414,2025-09-26,Delhi,214203,353
cust_0000003415,2024-10-20,Pune,24541,61
cust_0000003416,2024-01-22,Pune,223180,194
cust_0000003417,2024-09-13,Ahmedabad,54677,364
cust_0000003418,2026-02-17,Jaipur,83470,69
cust_0000003419,2025-11-13,Pune,93413,174
cust_0000003420,2024-05-19,Mumbai,142108,312
cust_0000003421,2024-03-06,Ahmedabad,135178,433
cust_0000003422,2025-10-10,Chennai,176880,192
cust_0000003423,2026-04-28,Kolkata,122677,58
cust_0000003424,2026-03-01,Kolkata,117787,373
cust_0000003425,2025-05-26,Delhi,58307,12
cust_0000003426,2026-01-09,Bangalore,235796,113
cust_0000003427,2026-03-14,Bangalore,40410,164
cust_0000003428,2024-01-10,Howrah,45110,69
cust_0000003429,2025-09-29,Mumbai,409266,324
cust_0000003430,2025-08-14,Howrah,218791,433
cust_0000003431,2024-01-01,Bangalore,211172,175
cust_0000003432,2025-08-14,Bangalore,286147,330
cust_0000003433,2025-03-01,Ahmedabad,43412,215
cust_0000003434,2025-07-29,Bangalore,147585,462
cust_0000003435,2023-12-21,Ahmedabad,65865,42
cust_0000003436,2025-03-01,Pune,67854,249
cust_0000003437,2024-09-10,Bangalore,32734,445
cust_0000003438,2026-02-18,Mumbai,189190,305
cust_0000003439,2023-12-27,Howrah,38320,68
cust_0000003440,2025-03-18,Hyderabad,157917,118
cust_0000003441,2024-09-25,Pune,143374,348
cust_0000003442,2025-11-20,Delhi,25218,310
cust_0000003443,2024-06-26,Kolkata,690196,126
cust_0000003444,2024-08-01,Delhi,89452,386
cust_0000003445,2025-09-21,Mumbai,130613,413
cust_0000003446,2024-06-20,Chennai,346176,100
cust_0000003447,2026-04-23,Delhi,80021,397
cust_0000003448,2024-12-11,Kolkata,140557,235
cust_0000003449,2025-06-25,Bangalore,165641,60
cust_0000003450,2025-04-28,Bangalore,88015,251
cust_0000003451,2025-11-01,Howrah,668635,241
cust_0000003452,2026-01-02,Kolkata,113188,284
cust_0000003453,2026-03-30,Delhi,55659,178
cust_0000003454,2024-11-14,Hyderabad,114690,196
cust_0000003455,2024-06-17,Howrah,29221,6
cust_0000003456,2024-09-05,Mumbai,38162,294
cust_0000003457,2026-03-15,Jaipur,82150,24
cust_0000003458,2025-03-28,Ahmedabad,19782,420
cust_0000003459,2024-08-07,Pune,109988,255
cust_0000003460,2025-04-14,Jaipur,67514,339
cust_0000003461,2025-06-24,Jaipur,108943,184
cust_0000003462,2026-01-26,Bangalore,81909,297
cust_0000003463,2025-06-07,Jaipur,1017690,382
cust_0000003464,2026-02-26,Bangalore,196191,377
cust_0000003465,2025-07-15,Hyderabad,142302,321
cust_0000003466,2025-05-16,Mumbai,65301,335
cust_0000003467,2025-12-05,Ahmedabad,680750,285
cust_0000003468,2024-08-04,Kolkata,236905,390
cust_0000003469,2024-04-17,Hyderabad,86743,274
cust_0000003470,2025-02-04,Hyderabad,54796,402
cust_0000003471,2024-06-15,Howrah,781060,72
cust_0000003472,2024-03-29,Bangalore,132103,248
cust_0000003473,2025-12-09,Bangalore,83302,100
cust_0000003474,2024-02-29,Chennai,43203,407
cust_0000003475,2025-09-10,Ahmedabad,249881,202
cust_0000003476,2024-07-25,Kolkata,272054,459
cust_0000003477,2023-12-28,Pune,73166,44
cust_0000003478,2024-01-26,Delhi,48983,280
cust_0000003479,2024-09-19,Mumbai,112807,339
cust_0000003480,2026-03-06,Delhi,42050,80
cust_0000003481,2024-06-07,Mumbai,18662,122
cust_0000003482,2025-08-17,Chennai,159897,287
cust_0000003483,2024-01-20,Kolkata,112840,364
cust_0000003484,2026-01-04,Bangalore,21587,45
cust_0000003485,2024-10-06,Ahmedabad,45030,410
cust_0000003486,2024-06-03,Ahmedabad,331251,92
cust_0000003487,2025-07-19,Chennai,57615,281
cust_0000003488,2025-06-09,Chennai,55687,294
cust_0000003489,2024-11-26,Bangalore,117672,207
cust_0000003490,2025-12-13,Delhi,93706,370
cust_0000003491,2026-01-11,Howrah,178311,392
cust_0000003492,2025-11-08,Chennai,157431,17
cust_0000003493,2024-06-15,Jaipur,66486,440
cust_0000003494,2023-12-17,Ahmedabad,40647,176
cust_0000003495,2024-12-08,Chennai,32857,474
cust_0000003496,2025-06-30,Howrah,785679,276
cust_0000003497,2024-06-12,Hyderabad,69871,448
cust_0000003498,2026-03-13,Howrah,81599,380
cust_0000003499,2024-10-23,Jaipur,4577,440
cust_0000003500,2024-12-08,Ahmedabad,279255,263
cust_0000003501,2024-01-21,Hyderabad,92617,475
cust_0000003502,2026-04-18,Mumbai,218770,276
cust_0000003503,2026-02-13,Ahmedabad,37757,198
cust_0000003504,2025-07-04,Mumbai,129065,143
cust_0000003505,2024-08-04,Chennai,55899,348
cust_0000003506,2026-04-16,Delhi,134318,180
cust_0000003507,2025-12-25,Howrah,198891,390
cust_0000003508,2026-04-16,Chennai,242182,115
cust_0000003509,2024-12-04,Delhi,64844,488
cust_0000003510,2025-09-06,Howrah,81398,131
cust_0000003511,2026-01-05,Howrah,180905,275
cust_0000003512,2024-11-23,Delhi,100213,10
cust_0000003513,2024-01-21,Howrah,112671,107
cust_0000003514,2024-12-31,Bangalore,124302,483
cust_0000003515,2024-04-20,Mumbai,26878,38
cust_0000003516,2025-02-16,Kolkata,78735,420
cust_0000003517,2025-05-14,Kolkata,129894,325
cust_0000003518,2024-07-07,Chennai,10508,24
cust_0000003519,2024-06-28,Ahmedabad,174780,155
cust_0000003520,2024-01-03,Ahmedabad,215518,303
cust_0000003521,2025-12-04,Delhi,34103,362
cust_0000003522,2025-09-03,Jaipur,98564,64
cust_0000003523,2026-04-11,Hyderabad,8432,28
cust_0000003524,2025-09-13,Chennai,133823,268
cust_0000003525,2026-04-01,Mumbai,205138,354
cust_0000003526,2024-08-28,Hyderabad,853879,103
cust_0000003527,2025-05-25,Chennai,33724,123
cust_0000003528,2024-12-29,Howrah,186854,436
cust_0000003529,2025-12-01,Kolkata,83867,451
cust_0000003530,2025-11-30,Hyderabad,227622,171
cust_0000003531,2024-01-29,Jaipur,313351,206
cust_0000003532,2026-02-22,Ahmedabad,32130,353
cust_0000003533,2025-10-10,Bangalore,36781,252
cust_0000003534,2025-09-12,Pune,63783,392
cust_0000003535,2025-04-22,Hyderabad,90287,269
cust_0000003536,2024-02-02,Bangalore,67852,451
cust_0000003537,2024-07-21,Pune,65553,374
cust_0000003538,2025-09-04,Mumbai,56347,342
cust_0000003539,2025-04-14,Bangalore,64762,375
cust_0000003540,2024-08-11,Jaipur,115333,353
cust_0000003541,2025-07-01,Ahmedabad,860888,144
cust_0000003542,2026-04-20,Delhi,259285,315
cust_0000003543,2024-05-28,Jaipur,356829,112
cust_0000003544,2024-04-12,Mumbai,37717,154
cust_0000003545,2024-02-10,Howrah,107421,39
cust_0000003546,2025-09-15,Hyderabad,87490,250
cust_0000003547,2024-09-05,Jaipur,223363,363
cust_0000003548,2025-05-31,Kolkata,180476,119
cust_0000003549,2025-08-19,Kolkata,110465,168
cust_0000003550,2025-11-30,Jaipur,54300,362
cust_0000003551,2025-06-13,Hyderabad,389413,327
cust_0000003552,2024-12-26,Mumbai,15274,209
cust_0000003553,2025-10-02,Bangalore,109432,354
cust_0000003554,2025-03-09,Chennai,238610,80
cust_0000003555,2025-12-08,Kolkata,115253,163
cust_0000003556,2024-08-13,Jaipur,58928,240
cust_0000003557,2024-04-09,Jaipur,114253,414
cust_0000003558,2024-04-26,Mumbai,388938,381
cust_0000003559,2026-02-23,Delhi,162182,459
cust_0000003560,2024-08-13,Hyderabad,109497,390
cust_0000003561,2025-01-24,Howrah,260084,321
cust_0000003562,2024-02-02,Ahmedabad,24189,488
cust_0000003563,2024-07-20,Jaipur,191251,488
cust_0000003564,2026-03-02,Mumbai,124006,84
cust_0000003565,2024-03-26,Ahmedabad,162711,74
cust_0000003566,2024-06-17,Howrah,81953,412
cust_0000003567,2024-02-10,Bangalore,479944,234
cust_0000003568,2026-01-28,Jaipur,80050,364
cust_0000003569,2024-04-02,Mumbai,430656,247
cust_0000003570,2025-02-27,Mumbai,127345,397
cust_0000003571,2024-08-27,Ahmedabad,326231,276
cust_0000003572,2024-04-11,Pune,80086,347
cust_0000003573,2025-04-07,Mumbai,228572,445
cust_0000003574,2026-03-09,Bangalore,304112,80
cust_0000003575,2024-04-28,Mumbai,55866,199
cust_0000003576,2024-11-06,Hyderabad,169924,261
cust_0000003577,2025-08-12,Pune,597397,454
cust_0000003578,2025-04-20,Kolkata,534007,104
cust_0000003579,2025-02-01,Mumbai,101273,414
cust_0000003580,2024-02-14,Mumbai,28713,183
cust_0000003581,2025-07-14,Kolkata,160038,202
cust_0000003582,2026-02-11,Ahmedabad,217616,50
cust_0000003583,2025-08-24,Howrah,131784,282
cust_0000003584,2024-04-01,Howrah,203132,454
cust_0000003585,2026-01-26,Hyderabad,98650,185
cust_0000003586,2024-08-27,Pune,38706,7
cust_0000003587,2026-03-06,Mumbai,123647,207
cust_0000003588,2025-04-04,Jaipur,176028,239
cust_0000003589,2026-02-14,Mumbai,43154,460
cust_0000003590,2025-02-08,Hyderabad,351896,186
cust_0000003591,2024-02-15,Bangalore,95532,497
cust_0000003592,2025-11-16,Mumbai,411962,460
cust_0000003593,2024-04-17,Kolkata,166345,241
cust_0000003594,2025-11-26,Hyderabad,625060,187
cust_0000003595,2024-11-24,Howrah,39031,300
cust_0000003596,2024-08-19,Pune,37857,326
cust_0000003597,2025-10-26,Pune,166062,333
cust_0000003598,2026-01-10,Pune,692342,285
cust_0000003599,2026-01-12,Kolkata,385680,345
cust_0000003600,2024-07-21,Mumbai,69114,397
cust_0000003601,2025-03-22,Ahmedabad,408985,63
cust_0000003602,2024-03-14,Bangalore,98329,11
cust_0000003603,2026-02-11,Chennai,138793,410
cust_0000003604,2026-04-09,Chennai,53452,462
cust_0000003605,2024-10-03,Jaipur,102830,115
cust_0000003606,2026-02-19,Bangalore,170949,410
cust_0000003607,2025-03-27,Delhi,94949,280
cust_0000003608,2025-09-10,Jaipur,65180,492
cust_0000003609,2025-02-04,Bangalore,209653,359
cust_0000003610,2024-12-19,Hyderabad,185383,173
cust_0000003611,2025-11-08,Howrah,244314,406
cust_0000003612,2024-03-02,Howrah,50451,10
cust_0000003613,2025-06-19,Hyderabad,27754,239
cust_0000003614,2026-03-07,Kolkata,473381,77
cust_0000003615,2025-12-18,Jaipur,269559,311
cust_0000003616,2024-05-22,Ahmedabad,20304,125
cust_0000003617,2024-01-18,Jaipur,27245,177
cust_0000003618,2025-12-28,Ahmedabad,285161,348
cust_0000003619,2025-09-21,Howrah,183198,144
cust_0000003620,2025-11-01,Pune,40942,26
cust_0000003621,2024-08-02,Delhi,190414,295
cust_0000003622,2026-04-03,Mumbai,38312,59
cust_0000003623,2025-02-25,Hyderabad,109527,161
cust_0000003624,2024-02-03,Delhi,58920,20
cust_0000003625,2024-02-01,Mumbai,30603,339
cust_0000003626,2025-01-13,Mumbai,468619,234
cust_0000003627,2025-10-07,Mumbai,25044,187
cust_0000003628,2025-10-25,Delhi,38122,194
cust_0000003629,2025-07-02,Delhi,102761,486
cust_0000003630,2024-08-05,Kolkata,50082,373
cust_0000003631,2025-03-27,Bangalore,14765,118
cust_0000003632,2025-11-01,Kolkata,309363,436
cust_0000003633,2024-04-09,Jaipur,258841,291
cust_0000003634,2025-05-28,Kolkata,173391,468
cust_0000003635,2024-11-16,Hyderabad,17066,155
cust_0000003636,2025-09-02,Delhi,34492,211
cust_0000003637,2026-04-11,Kolkata,152178,451
cust_0000003638,2024-01-16,Jaipur,598493,27
cust_0000003639,2025-02-26,Howrah,81091,22
cust_0000003640,2025-04-02,Kolkata,39676,308
cust_0000003641,2025-05-19,Bangalore,33107,378
cust_0000003642,2026-01-11,Jaipur,40090,389
cust_0000003643,2024-11-19,Kolkata,115667,331
cust_0000003644,2024-11-15,Kolkata,64078,469
cust_0000003645,2025-02-04,Hyderabad,130599,245
cust_0000003646,2025-10-24,Delhi,152523,143
cust_0000003647,2025-10-01,Hyderabad,60807,252
cust_0000003648,2025-03-20,Delhi,40856,374
cust_0000003649,2025-04-09,Mumbai,9510,19
cust_0000003650,2024-06-26,Ahmedabad,110377,464
cust_0000003651,2025-05-05,Bangalore,25023,373
cust_0000003652,2026-04-24,Jaipur,120122,352
cust_0000003653,2026-01-05,Delhi,40088,8
cust_0000003654,2024-06-09,Hyderabad,319129,482
cust_0000003655,2023-12-21,Hyderabad,169518,85
cust_0000003656,2026-01-03,Jaipur,24080,42
cust_0000003657,2025-07-16,Howrah,43429,29
cust_0000003658,2024-01-01,Ahmedabad,416328,12
cust_0000003659,2024-06-27,Bangalore,76188,198
cust_0000003660,2024-02-14,Mumbai,65429,400
cust_0000003661,2024-11-29,Hyderabad,129564,62
cust_0000003662,2025-10-02,Howrah,309032,113
cust_0000003663,2024-09-15,Pune,175924,480
cust_0000003664,2026-04-27,Bangalore,203787,282
cust_0000003665,2026-04-07,Jaipur,113263,190
cust_0000003666,2025-11-19,Chennai,316377,475
cust_0000003667,2025-06-19,Delhi,536163,415
cust_0000003668,2025-10-14,Bangalore,44938,293
cust_0000003669,2024-08-27,Howrah,181756,413
cust_0000003670,2025-11-14,Bangalore,69139,105
cust_0000003671,2024-03-10,Pune,92729,217
cust_0000003672,2025-05-16,Jaipur,159940,366
cust_0000003673,2024-08-27,Howrah,34142,79
cust_0000003674,2025-12-03,Hyderabad,167036,368
cust_0000003675,2024-04-20,Howrah,72281,436
cust_0000003676,2025-09-27,Mumbai,98487,463
cust_0000003677,2024-02-21,Hyderabad,244756,302
cust_0000003678,2026-04-16,Mumbai,282375,93
cust_0000003679,2026-03-23,Jaipur,250557,463
cust_0000003680,2025-01-02,Jaipur,24430,226
cust_0000003681,2025-03-14,Delhi,230037,246
cust_0000003682,2025-11-18,Delhi,284643,39
cust_0000003683,2024-12-31,Delhi,74458,44
cust_0000003684,2024-02-08,Kolkata,70393,401
cust_0000003685,2024-08-29,Bangalore,56458,84
cust_0000003686,2025-01-25,Howrah,592371,365
cust_0000003687,2024-02-10,Chennai,149478,51
cust_0000003688,2025-08-21,Hyderabad,23652,57
cust_0000003689,2025-10-01,Kolkata,37007,11
cust_0000003690,2024-06-21,Kolkata,21964,283
cust_0000003691,2024-02-15,Jaipur,32047,323
cust_0000003692,2024-07-10,Bangalore,73348,57
cust_0000003693,2025-09-23,Hyderabad,406311,90
cust_0000003694,2025-10-25,Jaipur,126524,405
cust_0000003695,2025-07-13,Delhi,160108,52
cust_0000003696,2026-01-12,Hyderabad,128387,220
cust_0000003697,2026-01-04,Jaipur,179042,237
cust_0000003698,2024-07-22,Chennai,83474,479
cust_0000003699,2026-03-12,Ahmedabad,49981,302
cust_0000003700,2026-03-22,Pune,159128,489
cust_0000003701,2025-06-07,Howrah,52353,330
cust_0000003702,2025-12-12,Ahmedabad,61249,402
cust_0000003703,2025-01-11,Pune,43404,159
cust_0000003704,2025-11-26,Mumbai,106472,293
cust_0000003705,2024-05-05,Hyderabad,258509,316
cust_0000003706,2026-04-20,Chennai,72615,155
cust_0000003707,2024-05-07,Hyderabad,43741,16
cust_0000003708,2026-03-08,Hyderabad,99921,347
cust_0000003709,2025-07-05,Bangalore,20711,344
cust_0000003710,2025-12-06,Howrah,21855,36
cust_0000003711,2024-10-15,Hyderabad,290696,39
cust_0000003712,2024-07-28,Bangalore,46911,18
cust_0000003713,2024-10-31,Mumbai,137060,382
cust_0000003714,2026-04-02,Bangalore,41389,206
cust_0000003715,2024-05-22,Mumbai,167533,386
cust_0000003716,2025-11-04,Ahmedabad,497074,53
cust_0000003717,2024-09-03,Chennai,347479,288
cust_0000003718,2024-04-14,Bangalore,332768,15
cust_0000003719,2025-12-02,Delhi,488960,90
cust_0000003720,2024-04-21,Kolkata,78309,485
cust_0000003721,2025-03-01,Mumbai,251683,241
cust_0000003722,2024-07-21,Chennai,131707,171
cust_0000003723,2024-05-21,Jaipur,915467,11
cust_0000003724,2025-06-29,Pune,320275,129
cust_0000003725,2025-01-07,Delhi,271537,371
cust_0000003726,2025-11-07,Pune,281907,437
cust_0000003727,2024-04-11,Jaipur,54677,335
cust_0000003728,2025-11-21,Pune,62594,217
cust_0000003729,2025-01-31,Hyderabad,241333,356
cust_0000003730,2025-08-12,Pune,34002,358
cust_0000003731,2026-01-12,Ahmedabad,20498,324
cust_0000003732,2024-10-02,Howrah,479795,30
cust_0000003733,2025-09-30,Ahmedabad,42310,203
cust_0000003734,2025-04-12,Hyderabad,83015,219
cust_0000003735,2024-01-05,Kolkata,72052,21
cust_0000003736,2025-07-10,Chennai,307656,145
cust_0000003737,2024-11-23,Chennai,73618,73
cust_0000003738,2025-10-03,Kolkata,238556,186
cust_0000003739,2024-05-07,Hyderabad,30771,107
cust_0000003740,2024-07-09,Chennai,349737,467
cust_0000003741,2024-06-30,Jaipur,69691,143
cust_0000003742,2025-01-21,Hyderabad,132289,278
cust_0000003743,2025-11-29,Delhi,88842,474
cust_0000003744,2025-02-01,Hyderabad,52553,245
cust_0000003745,2024-08-22,Delhi,75134,273
cust_0000003746,2024-09-18,Chennai,648281,191
cust_0000003747,2025-07-04,Howrah,167305,129
cust_0000003748,2024-11-21,Ahmedabad,208978,52
cust_0000003749,2025-01-24,Chennai,128098,106
cust_0000003750,2026-04-01,Delhi,20215,193
cust_0000003751,2024-01-07,Howrah,107399,17
cust_0000003752,2026-01-27,Bangalore,95024,194
cust_0000003753,2024-01-05,Jaipur,2013357,104
cust_0000003754,2024-05-10,Pune,193295,298
cust_0000003755,2025-10-18,Jaipur,47692,53
cust_0000003756,2025-12-17,Mumbai,226864,458
cust_0000003757,2025-06-19,Hyderabad,57317,275
cust_0000003758,2024-03-20,Hyderabad,392313,493
cust_0000003759,2024-08-15,Chennai,910836,182
cust_0000003760,2024-01-29,Jaipur,104000,303
cust_0000003761,2024-07-20,Jaipur,105904,323
cust_0000003762,2026-02-20,Chennai,51379,382
cust_0000003763,2024-03-06,Kolkata,82418,473
cust_0000003764,2025-12-22,Ahmedabad,46027,335
cust_0000003765,2026-02-20,Hyderabad,93926,43
cust_0000003766,2024-11-17,Delhi,176289,209
cust_0000003767,2025-10-30,Hyderabad,390875,320
cust_0000003768,2024-12-12,Pune,43212,465
cust_0000003769,2024-12-14,Kolkata,109376,287
cust_0000003770,2024-09-08,Delhi,24116,48
cust_0000003771,2026-02-28,Bangalore,40014,220
cust_0000003772,2026-01-06,Bangalore,281884,235
cust_0000003773,2025-11-30,Ahmedabad,183941,442
cust_0000003774,2025-05-14,Howrah,155118,460
cust_0000003775,2026-01-03,Ahmedabad,62253,315
cust_0000003776,2024-04-18,Mumbai,95497,479
cust_0000003777,2026-02-17,Delhi,33884,256
cust_0000003778,2026-03-31,Mumbai,43777,58
cust_0000003779,2025-09-16,Mumbai,212308,321
cust_0000003780,2025-02-23,Jaipur,65575,45
cust_0000003781,2024-02-24,Kolkata,12684,429
cust_0000003782,2025-08-18,Bangalore,30678,109
cust_0000003783,2026-02-14,Ahmedabad,773191,477
cust_0000003784,2025-09-03,Kolkata,151154,18
cust_0000003785,2024-11-28,Bangalore,126279,338
cust_0000003786,2024-03-14,Pune,126057,258
cust_0000003787,2025-12-25,Bangalore,239795,61
cust_0000003788,2025-12-10,Pune,49711,325
cust_0000003789,2025-12-26,Hyderabad,144254,184
cust_0000003790,2025-08-28,Pune,90586,244
cust_0000003791,2024-09-23,Bangalore,71801,74
cust_0000003792,2025-01-23,Mumbai,110365,411
cust_0000003793,2024-10-11,Kolkata,63260,126
cust_0000003794,2024-09-24,Ahmedabad,77709,10
cust_0000003795,2024-10-29,Mumbai,43522,328
cust_0000003796,2025-05-21,Kolkata,35705,373
cust_0000003797,2026-03-18,Pune,69572,76
cust_0000003798,2025-12-16,Pune,1572774,306
cust_0000003799,2026-02-27,Bangalore,17040,36
cust_0000003800,2024-01-18,Bangalore,365118,495
cust_0000003801,2024-05-28,Mumbai,346703,166
cust_0000003802,2025-11-10,Chennai,86748,499
cust_0000003803,2026-01-03,Kolkata,241561,53
cust_0000003804,2026-02-01,Jaipur,93749,473
cust_0000003805,2025-02-27,Ahmedabad,137483,176
cust_0000003806,2024-09-14,Hyderabad,140251,94
cust_0000003807,2025-01-27,Bangalore,245934,346
cust_0000003808,2023-12-30,Howrah,58734,287
cust_0000003809,2024-02-01,Delhi,103245,266
cust_0000003810,2024-12-09,Jaipur,27447,325
cust_0000003811,2024-02-02,Ahmedabad,50451,318
cust_0000003812,2025-04-26,Bangalore,46121,80
cust_0000003813,2025-04-17,Delhi,107948,299
cust_0000003814,2024-02-21,Hyderabad,67784,371
cust_0000003815,2024-08-03,Ahmedabad,33153,372
cust_0000003816,2024-07-21,Hyderabad,26729,470
cust_0000003817,2025-10-19,Bangalore,27676,474
cust_0000003818,2025-04-10,Pune,64695,375
cust_0000003819,2024-01-11,Hyderabad,687720,164
cust_0000003820,2025-07-19,Pune,90843,499
cust_0000003821,2024-12-22,Pune,284928,307
cust_0000003822,2024-06-13,Bangalore,52106,95
cust_0000003823,2025-12-26,Jaipur,89405,54
cust_0000003824,2024-03-14,Ahmedabad,674326,256
cust_0000003825,2025-04-25,Bangalore,108803,104
cust_0000003826,2026-03-15,Kolkata,49920,445
cust_0000003827,2024-06-05,Chennai,75534,338
cust_0000003828,2026-04-15,Ahmedabad,45437,43
cust_0000003829,2025-04-27,Hyderabad,54202,465
cust_0000003830,2025-01-17,Howrah,267995,183
cust_0000003831,2024-07-11,Kolkata,100252,418
cust_0000003832,2025-01-28,Mumbai,34703,137
cust_0000003833,2024-01-13,Ahmedabad,176782,436
cust_0000003834,2025-01-12,Bangalore,52177,253
cust_0000003835,2024-02-15,Mumbai,165949,204
cust_0000003836,2025-01-04,Delhi,337896,127
cust_0000003837,2024-08-31,Delhi,200664,205
cust_0000003838,2025-01-16,Chennai,80115,467
cust_0000003839,2024-01-20,Pune,157790,74
cust_0000003840,2024-03-06,Mumbai,525134,364
cust_0000003841,2024-04-12,Mumbai,573566,80
cust_0000003842,2026-03-13,Kolkata,55724,212
cust_0000003843,2024-07-31,Jaipur,197493,277
cust_0000003844,2025-07-03,Howrah,304359,126
cust_0000003845,2025-04-28,Howrah,86152,114
cust_0000003846,2025-07-03,Mumbai,1112134,112
cust_0000003847,2024-01-03,Chennai,86414,156
cust_0000003848,2025-07-28,Delhi,123280,296
cust_0000003849,2024-02-18,Kolkata,176702,308
cust_0000003850,2024-12-16,Ahmedabad,153023,39
cust_0000003851,2024-04-15,Pune,211353,5
cust_0000003852,2024-10-13,Kolkata,121021,320
cust_0000003853,2026-02-16,Mumbai,204678,8
cust_0000003854,2026-03-11,Hyderabad,287607,19
cust_0000003855,2025-03-09,Howrah,17792,304
cust_0000003856,2024-03-03,Ahmedabad,567124,141
cust_0000003857,2025-09-26,Hyderabad,254040,470
cust_0000003858,2024-08-29,Bangalore,106489,400
cust_0000003859,2023-12-20,Mumbai,145165,43
cust_0000003860,2024-10-25,Chennai,84257,221
cust_0000003861,2025-11-27,Bangalore,8592,331
cust_0000003862,2025-08-24,Chennai,119982,67
cust_0000003863,2024-12-17,Hyderabad,65347,402
cust_0000003864,2026-03-30,Hyderabad,194926,492
cust_0000003865,2024-03-16,Pune,257613,70
cust_0000003866,2025-10-06,Jaipur,131103,195
cust_0000003867,2025-07-27,Ahmedabad,135214,303
cust_0000003868,2024-10-29,Kolkata,17824,430
cust_0000003869,2026-02-25,Chennai,466886,441
cust_0000003870,2025-02-28,Mumbai,910958,465
cust_0000003871,2025-08-22,Mumbai,55076,267
cust_0000003872,2024-01-06,Bangalore,62041,201
cust_0000003873,2024-09-06,Ahmedabad,266172,190
cust_0000003874,2024-12-26,Hyderabad,52513,185
cust_0000003875,2025-01-14,Delhi,188028,58
cust_0000003876,2025-05-10,Delhi,72118,410
cust_0000003877,2024-09-06,Kolkata,186257,94
cust_0000003878,2024-07-14,Chennai,75480,363
cust_0000003879,2025-10-20,Mumbai,122526,321
cust_0000003880,2025-04-15,Bangalore,110206,197
cust_0000003881,2025-10-26,Pune,86931,122
cust_0000003882,2024-05-07,Delhi,194293,424
cust_0000003883,2026-03-24,Bangalore,251557,306
cust_0000003884,2024-06-02,Mumbai,71482,472
cust_0000003885,2026-03-13,Howrah,200918,29
cust_0000003886,2025-01-18,Pune,78738,33
cust_0000003887,2024-08-04,Delhi,42846,434
cust_0000003888,2025-02-20,Pune,28308,23
cust_0000003889,2025-04-14,Hyderabad,120132,158
cust_0000003890,2025-04-20,Howrah,115337,327
cust_0000003891,2026-03-15,Howrah,60402,91
cust_0000003892,2025-11-10,Mumbai,106810,300
cust_0000003893,2025-05-20,Hyderabad,101789,410
cust_0000003894,2024-02-08,Jaipur,71707,350
cust_0000003895,2025-04-07,Kolkata,105561,27
cust_0000003896,2024-04-25,Jaipur,120881,139
cust_0000003897,2024-06-11,Pune,211774,356
cust_0000003898,2024-01-23,Hyderabad,450516,209
cust_0000003899,2026-04-25,Kolkata,33217,238
cust_0000003900,2026-02-27,Ahmedabad,450523,235
cust_0000003901,2024-12-01,Jaipur,631652,96
cust_0000003902,2023-12-18,Pune,31529,286
cust_0000003903,2025-01-06,Kolkata,66697,197
cust_0000003904,2025-05-31,Howrah,167666,376
cust_0000003905,2025-09-23,Pune,254406,183
cust_0000003906,2024-07-17,Delhi,323647,268
cust_0000003907,2026-02-09,Bangalore,211913,308
cust_0000003908,2025-07-02,Chennai,109946,57
cust_0000003909,2025-12-20,Bangalore,109348,34
cust_0000003910,2025-04-29,Jaipur,40305,469
cust_0000003911,2025-04-29,Howrah,110793,394
cust_0000003912,2025-07-19,Delhi,66278,407
cust_0000003913,2026-03-25,Howrah,172770,330
cust_0000003914,2025-09-20,Bangalore,28353,180
cust_0000003915,2025-06-25,Pune,258908,431
cust_0000003916,2025-02-01,Delhi,469953,471
cust_0000003917,2025-10-08,Howrah,213044,116
cust_0000003918,2024-11-27,Ahmedabad,13416,285
cust_0000003919,2024-06-28,Mumbai,235346,457
cust_0000003920,2025-12-18,Chennai,105847,8
cust_0000003921,2026-04-23,Howrah,85644,274
cust_0000003922,2024-02-10,Ahmedabad,139975,480
cust_0000003923,2024-06-08,Howrah,258604,460
cust_0000003924,2026-02-10,Bangalore,39701,299
cust_0000003925,2024-08-21,Pune,109250,301
cust_0000003926,2026-04-30,Hyderabad,66580,499
cust_0000003927,2024-06-16,Ahmedabad,211081,430
cust_0000003928,2025-06-16,Delhi,94323,467
cust_0000003929,2024-03-19,Jaipur,112036,166
cust_0000003930,2025-03-30,Howrah,23597,149
cust_0000003931,2025-05-08,Hyderabad,17428,446
cust_0000003932,2025-02-28,Bangalore,184675,277
cust_0000003933,2024-12-01,Mumbai,191661,52
cust_0000003934,2025-12-19,Jaipur,156919,350
cust_0000003935,2026-04-03,Kolkata,259442,256
cust_0000003936,2024-07-19,Mumbai,68011,204
cust_0000003937,2025-02-22,Bangalore,187024,439
cust_0000003938,2026-01-24,Bangalore,138733,10
cust_0000003939,2025-09-07,Howrah,91033,354
cust_0000003940,2024-11-10,Jaipur,24108,296
cust_0000003941,2024-06-17,Kolkata,36081,157
cust_0000003942,2025-11-10,Mumbai,233427,327
cust_0000003943,2025-10-05,Delhi,100962,276
cust_0000003944,2024-01-09,Mumbai,367631,170
cust_0000003945,2024-05-24,Howrah,17344,341
cust_0000003946,2024-11-10,Kolkata,22527,109
cust_0000003947,2026-01-06,Delhi,331927,171
cust_0000003948,2025-10-04,Kolkata,51589,280
cust_0000003949,2025-12-29,Pune,36605,12
cust_0000003950,2024-12-27,Mumbai,28699,329
cust_0000003951,2024-11-09,Delhi,70218,268
cust_0000003952,2024-04-07,Hyderabad,561293,439
cust_0000003953,2023-12-28,Pune,37201,322
cust_0000003954,2024-02-14,Delhi,246891,177
cust_0000003955,2024-05-01,Hyderabad,53225,67
cust_0000003956,2025-05-03,Bangalore,86710,181
cust_0000003957,2023-12-27,Jaipur,210256,305
cust_0000003958,2024-07-15,Jaipur,506156,256
cust_0000003959,2024-05-24,Chennai,523848,170
cust_0000003960,2025-05-22,Bangalore,277612,314
cust_0000003961,2025-06-15,Howrah,92011,181
cust_0000003962,2024-01-17,Kolkata,36585,366
cust_0000003963,2025-12-10,Howrah,11186,243
cust_0000003964,2026-04-03,Hyderabad,303337,284
cust_0000003965,2025-11-07,Hyderabad,71556,155
cust_0000003966,2025-06-03,Delhi,136337,116
cust_0000003967,2024-01-01,Chennai,192031,162
cust_0000003968,2025-04-03,Hyderabad,98266,15
cust_0000003969,2026-03-25,Howrah,140118,467
cust_0000003970,2024-03-05,Delhi,126717,279
cust_0000003971,2024-06-12,Chennai,130964,363
cust_0000003972,2024-09-16,Delhi,163241,410
cust_0000003973,2025-08-04,Chennai,21226,111
cust_0000003974,2026-05-02,Delhi,91790,92
cust_0000003975,2025-12-13,Bangalore,111656,326
cust_0000003976,2025-01-23,Chennai,108607,441
cust_0000003977,2024-08-09,Pune,155335,499
cust_0000003978,2025-01-21,Jaipur,150038,469
cust_0000003979,2024-11-07,Howrah,77652,270
cust_0000003980,2024-01-16,Mumbai,24936,183
cust_0000003981,2024-10-06,Pune,28393,238
cust_0000003982,2024-08-20,Pune,181577,482
cust_0000003983,2024-01-16,Kolkata,188628,5
cust_0000003984,2024-10-28,Mumbai,41748,407
cust_0000003985,2025-05-08,Kolkata,33388,90
cust_0000003986,2024-10-06,Mumbai,98631,381
cust_0000003987,2024-07-31,Hyderabad,32661,442
cust_0000003988,2026-02-10,Kolkata,77355,229
cust_0000003989,2026-03-02,Pune,234582,462
cust_0000003990,2026-02-11,Howrah,74450,87
cust_0000003991,2025-10-23,Pune,60978,264
cust_0000003992,2025-01-02,Jaipur,181357,190
cust_0000003993,2024-06-05,Pune,87396,374
cust_0000003994,2025-09-27,Chennai,58621,9
cust_0000003995,2024-08-16,Howrah,358601,260
cust_0000003996,2023-12-30,Bangalore,108027,37
cust_0000003997,2024-01-21,Chennai,82553,405
cust_0000003998,2025-01-12,Pune,171611,362
cust_0000003999,2025-12-12,Pune,24748,335
cust_0000004000,2024-06-17,Delhi,132996,272
cust_0000004001,2024-10-28,Howrah,20032,331
cust_0000004002,2024-07-18,Mumbai,194581,479
cust_0000004003,2026-01-01,Kolkata,18503,487
cust_0000004004,2024-07-08,Hyderabad,37130,460
cust_0000004005,2024-05-31,Mumbai,135032,145
cust_0000004006,2024-07-03,Howrah,230531,246
cust_0000004007,2024-04-14,Howrah,42914,189
cust_0000004008,2025-04-17,Bangalore,426104,223
cust_0000004009,2024-04-14,Mumbai,135442,220
cust_0000004010,2024-10-15,Jaipur,167908,148
cust_0000004011,2025-04-06,Mumbai,65507,41
cust_0000004012,2025-02-02,Bangalore,55884,29
cust_0000004013,2026-01-12,Bangalore,141491,154
cust_0000004014,2025-08-22,Mumbai,189532,335
cust_0000004015,2026-01-15,Jaipur,97885,440
cust_0000004016,2024-07-01,Delhi,66897,320
cust_0000004017,2024-04-28,Bangalore,137364,109
cust_0000004018,2025-08-03,Hyderabad,100494,477
cust_0000004019,2026-03-23,Howrah,104051,413
cust_0000004020,2024-09-14,Howrah,87982,337
cust_0000004021,2025-02-05,Hyderabad,58526,9
cust_0000004022,2026-02-16,Mumbai,161896,363
cust_0000004023,2024-09-21,Hyderabad,24928,449
cust_0000004024,2025-08-21,Mumbai,573579,224
cust_0000004025,2025-07-01,Bangalore,657888,246
cust_0000004026,2026-02-23,Hyderabad,240152,453
cust_0000004027,2024-07-24,Mumbai,79714,282
cust_0000004028,2025-06-28,Howrah,123064,5
cust_0000004029,2026-01-29,Ahmedabad,195919,453
cust_0000004030,2025-03-25,Ahmedabad,135506,78
cust_0000004031,2025-12-26,Jaipur,105243,162
cust_0000004032,2024-05-09,Ahmedabad,29598,124
cust_0000004033,2025-10-23,Kolkata,52947,49
cust_0000004034,2025-02-03,Hyderabad,141516,298
cust_0000004035,2024-10-04,Howrah,16086,306
cust_0000004036,2024-04-19,Bangalore,73057,190
cust_0000004037,2026-03-25,Pune,280369,292
cust_0000004038,2023-12-25,Howrah,9044,270
cust_0000004039,2025-10-24,Pune,194450,63
cust_0000004040,2024-11-11,Howrah,22427,394
cust_0000004041,2026-05-02,Howrah,85590,54
cust_0000004042,2025-04-25,Pune,101377,30
cust_0000004043,2024-05-29,Ahmedabad,175539,385
cust_0000004044,2025-10-12,Kolkata,278895,321
cust_0000004045,2024-08-30,Mumbai,290901,258
cust_0000004046,2025-04-30,Bangalore,95969,32
cust_0000004047,2025-06-25,Kolkata,97579,211
cust_0000004048,2024-04-09,Mumbai,43037,93
cust_0000004049,2024-08-28,Mumbai,329585,348
cust_0000004050,2025-02-06,Mumbai,258909,27
cust_0000004051,2024-09-02,Bangalore,224253,360
cust_0000004052,2024-11-13,Pune,377357,374
cust_0000004053,2024-07-28,Ahmedabad,20987,370
cust_0000004054,2024-11-20,Mumbai,62366,56
cust_0000004055,2025-06-22,Jaipur,103601,382
cust_0000004056,2025-04-30,Howrah,93023,442
cust_0000004057,2024-06-22,Chennai,246318,182
cust_0000004058,2024-08-23,Kolkata,231285,183
cust_0000004059,2026-04-30,Hyderabad,410762,172
cust_0000004060,2025-11-06,Howrah,219232,489
cust_0000004061,2026-03-22,Ahmedabad,92156,23
cust_0000004062,2024-11-04,Jaipur,52717,61
cust_0000004063,2023-12-30,Ahmedabad,130082,161
cust_0000004064,2025-05-06,Pune,91767,54
cust_0000004065,2024-03-21,Kolkata,159744,191
cust_0000004066,2024-06-25,Jaipur,337351,59
cust_0000004067,2024-01-13,Mumbai,84312,125
cust_0000004068,2024-05-04,Howrah,174492,56
cust_0000004069,2025-03-17,Chennai,188101,396
cust_0000004070,2024-12-08,Bangalore,55943,122
cust_0000004071,2024-04-21,Bangalore,42602,180
cust_0000004072,2025-04-15,Delhi,119308,81
cust_0000004073,2024-07-24,Kolkata,438389,27
cust_0000004074,2024-05-09,Jaipur,79573,120
cust_0000004075,2024-04-28,Hyderabad,282951,477
cust_0000004076,2024-11-24,Delhi,175127,169
cust_0000004077,2024-03-19,Bangalore,92347,252
cust_0000004078,2025-01-28,Delhi,270618,34
cust_0000004079,2024-07-15,Ahmedabad,51946,177
cust_0000004080,2024-05-22,Mumbai,156102,235
cust_0000004081,2024-07-28,Bangalore,173939,293
cust_0000004082,2024-04-07,Jaipur,160040,204
cust_0000004083,2024-11-17,Howrah,203888,435
cust_0000004084,2025-04-15,Pune,125872,216
cust_0000004085,2026-01-15,Delhi,215194,70
cust_0000004086,2026-03-13,Mumbai,22678,314
cust_0000004087,2024-12-20,Bangalore,11445,357
cust_0000004088,2026-02-22,Ahmedabad,156171,71
cust_0000004089,2025-02-14,Delhi,27139,211
cust_0000004090,2024-03-10,Ahmedabad,123431,437
cust_0000004091,2025-10-20,Howrah,22536,112
cust_0000004092,2025-02-03,Mumbai,22563,197
cust_0000004093,2025-11-15,Delhi,34730,444
cust_0000004094,2024-07-11,Howrah,69722,349
cust_0000004095,2025-01-04,Kolkata,117723,98
cust_0000004096,2024-10-13,Jaipur,1699701,335
cust_0000004097,2024-02-14,Bangalore,48638,359
cust_0000004098,2025-04-08,Hyderabad,23332,384
cust_0000004099,2026-04-17,Mumbai,19739,198
cust_0000004100,2024-01-09,Ahmedabad,77808,19
cust_0000004101,2024-12-27,Howrah,872226,415
cust_0000004102,2025-04-07,Bangalore,57170,133
cust_0000004103,2024-12-31,Bangalore,57623,238
cust_0000004104,2025-01-14,Pune,830307,160
cust_0000004105,2024-10-06,Ahmedabad,44185,356
cust_0000004106,2025-04-20,Ahmedabad,78836,426
cust_0000004107,2025-11-15,Chennai,225309,43
cust_0000004108,2024-07-05,Bangalore,64394,184
cust_0000004109,2025-04-19,Mumbai,332676,493
cust_0000004110,2024-10-23,Bangalore,101780,276
cust_0000004111,2026-01-26,Bangalore,39148,364
cust_0000004112,2024-03-18,Hyderabad,44358,188
cust_0000004113,2025-09-23,Chennai,122129,12
cust_0000004114,2025-03-30,Pune,231894,405
cust_0000004115,2026-04-14,Kolkata,73670,382
cust_0000004116,2026-03-06,Howrah,91893,428
cust_0000004117,2024-11-25,Jaipur,129203,100
cust_0000004118,2025-01-30,Pune,274645,301
cust_0000004119,2024-12-17,Pune,218772,325
cust_0000004120,2024-12-03,Kolkata,344444,213
cust_0000004121,2025-05-23,Hyderabad,98915,403
cust_0000004122,2024-12-16,Jaipur,57469,321
cust_0000004123,2025-02-16,Mumbai,22878,108
cust_0000004124,2026-01-10,Bangalore,70160,249
cust_0000004125,2024-09-25,Kolkata,71741,137
cust_0000004126,2024-07-15,Chennai,80489,85
cust_0000004127,2026-01-09,Howrah,103933,158
cust_0000004128,2024-11-21,Jaipur,290249,336
cust_0000004129,2026-02-19,Howrah,91128,364
cust_0000004130,2024-01-10,Delhi,29623,29
cust_0000004131,2025-04-29,Jaipur,100012,310
cust_0000004132,2025-04-16,Kolkata,37798,305
cust_0000004133,2024-06-19,Jaipur,243437,307
cust_0000004134,2025-08-16,Mumbai,108766,314
cust_0000004135,2025-08-29,Hyderabad,1240899,152
cust_0000004136,2025-01-29,Jaipur,17869,121
cust_0000004137,2024-02-28,Jaipur,176335,213
cust_0000004138,2026-03-16,Howrah,104395,6
cust_0000004139,2023-12-24,Jaipur,39151,274
cust_0000004140,2024-09-05,Mumbai,12492,459
cust_0000004141,2026-02-19,Jaipur,53278,141
cust_0000004142,2025-01-25,Kolkata,96529,165
cust_0000004143,2024-06-14,Delhi,36308,189
cust_0000004144,2024-12-31,Hyderabad,152009,207
cust_0000004145,2025-12-02,Hyderabad,71113,314
cust_0000004146,2024-02-12,Jaipur,165929,72
cust_0000004147,2026-04-18,Hyderabad,647882,129
cust_0000004148,2025-02-19,Ahmedabad,104769,472
cust_0000004149,2025-11-10,Pune,162171,131
cust_0000004150,2024-06-12,Bangalore,25159,10
cust_0000004151,2024-07-04,Bangalore,380778,201
cust_0000004152,2024-03-12,Mumbai,272855,226
cust_0000004153,2025-04-20,Ahmedabad,52687,448
cust_0000004154,2025-11-27,Jaipur,176675,202
cust_0000004155,2024-06-09,Ahmedabad,72321,134
cust_0000004156,2024-03-29,Pune,104711,137
cust_0000004157,2026-03-03,Bangalore,13262,320
cust_0000004158,2024-01-03,Bangalore,31914,146
cust_0000004159,2024-01-27,Ahmedabad,57132,450
cust_0000004160,2024-06-22,Ahmedabad,272160,120
cust_0000004161,2024-09-04,Chennai,154487,386
cust_0000004162,2025-11-26,Howrah,225735,455
cust_0000004163,2025-12-05,Ahmedabad,31103,388
cust_0000004164,2025-02-08,Hyderabad,30306,457
cust_0000004165,2026-02-18,Chennai,86081,392
cust_0000004166,2026-03-30,Chennai,63432,113
cust_0000004167,2025-12-12,Kolkata,70056,459
cust_0000004168,2025-03-23,Delhi,303472,175
cust_0000004169,2024-10-11,Kolkata,377138,476
cust_0000004170,2025-08-25,Jaipur,7913,366
cust_0000004171,2025-03-11,Howrah,80611,219
cust_0000004172,2024-08-10,Jaipur,75496,59
cust_0000004173,2026-01-27,Delhi,126638,349
cust_0000004174,2024-02-03,Mumbai,83022,201
cust_0000004175,2024-08-17,Jaipur,181791,177
cust_0000004176,2025-12-06,Pune,86663,39
cust_0000004177,2025-02-05,Chennai,185499,463
cust_0000004178,2025-09-28,Kolkata,53078,464
cust_0000004179,2024-06-29,Ahmedabad,199019,422
cust_0000004180,2025-08-21,Chennai,64058,79
cust_0000004181,2025-01-03,Pune,224227,462
cust_0000004182,2025-11-12,Bangalore,30772,50
cust_0000004183,2026-04-05,Chennai,94836,460
cust_0000004184,2025-11-06,Howrah,302387,459
cust_0000004185,2024-06-01,Kolkata,51414,171
cust_0000004186,2024-01-30,Chennai,200375,359
cust_0000004187,2025-11-16,Bangalore,106230,218
cust_0000004188,2024-05-02,Delhi,312160,468
cust_0000004189,2025-07-24,Kolkata,37731,286
cust_0000004190,2025-02-10,Chennai,55583,199
cust_0000004191,2025-05-19,Chennai,231697,340
cust_0000004192,2025-05-08,Hyderabad,233064,32
cust_0000004193,2025-09-17,Bangalore,65479,389
cust_0000004194,2024-04-03,Kolkata,101814,386
cust_0000004195,2025-03-20,Bangalore,235064,343
cust_0000004196,2025-12-29,Pune,31022,321
cust_0000004197,2026-01-02,Pune,58406,36
cust_0000004198,2025-11-20,Ahmedabad,539652,493
cust_0000004199,2025-04-25,Mumbai,53778,230
cust_0000004200,2024-04-19,Bangalore,67666,41
cust_0000004201,2026-03-02,Bangalore,89637,366
cust_0000004202,2025-04-27,Hyderabad,276544,335
cust_0000004203,2026-01-19,Jaipur,19933,467
cust_0000004204,2024-06-20,Jaipur,125031,298
cust_0000004205,2025-11-06,Delhi,498424,440
cust_0000004206,2026-01-23,Delhi,459830,27
cust_0000004207,2025-06-07,Delhi,157226,340
cust_0000004208,2025-03-17,Jaipur,63312,455
cust_0000004209,2025-03-06,Chennai,193859,454
cust_0000004210,2025-01-26,Chennai,249021,90
cust_0000004211,2024-09-15,Hyderabad,26764,36
cust_0000004212,2025-07-28,Ahmedabad,605176,312
cust_0000004213,2025-12-10,Hyderabad,59777,495
cust_0000004214,2025-10-05,Pune,126878,223
cust_0000004215,2026-03-01,Mumbai,248900,446
cust_0000004216,2024-04-29,Chennai,58372,361
cust_0000004217,2024-09-02,Ahmedabad,69470,394
cust_0000004218,2024-12-07,Jaipur,116668,98
cust_0000004219,2025-07-27,Chennai,26683,409
cust_0000004220,2025-07-23,Bangalore,29918,258
cust_0000004221,2024-08-10,Bangalore,78276,409
cust_0000004222,2025-01-31,Delhi,276967,433
cust_0000004223,2025-09-11,Delhi,67715,380
cust_0000004224,2024-08-14,Kolkata,321011,306
cust_0000004225,2026-01-08,Chennai,24894,496
cust_0000004226,2025-10-26,Hyderabad,13373,475
cust_0000004227,2024-11-06,Ahmedabad,187664,19
cust_0000004228,2026-01-22,Delhi,276641,399
cust_0000004229,2025-11-13,Ahmedabad,43860,149
cust_0000004230,2026-02-27,Hyderabad,191738,98
cust_0000004231,2024-12-19,Mumbai,280869,376
cust_0000004232,2024-11-22,Mumbai,59950,338
cust_0000004233,2025-02-23,Chennai,59943,408
cust_0000004234,2024-03-23,Ahmedabad,46246,283
cust_0000004235,2025-01-26,Pune,191603,437
cust_0000004236,2024-08-30,Kolkata,34413,368
cust_0000004237,2024-04-01,Mumbai,131520,39
cust_0000004238,2024-08-26,Bangalore,91191,312
cust_0000004239,2026-01-26,Mumbai,209029,304
cust_0000004240,2025-05-22,Ahmedabad,52605,8
cust_0000004241,2024-07-07,Bangalore,88896,75
cust_0000004242,2025-07-11,Pune,252118,10
cust_0000004243,2024-12-30,Hyderabad,278535,277
cust_0000004244,2024-12-04,Pune,69517,101
cust_0000004245,2024-05-10,Kolkata,166752,251
cust_0000004246,2024-05-21,Delhi,205477,348
cust_0000004247,2025-08-18,Pune,100306,384
cust_0000004248,2026-04-30,Mumbai,175295,6
cust_0000004249,2025-12-03,Hyderabad,144803,22
cust_0000004250,2024-03-21,Delhi,33340,333
cust_0000004251,2023-12-16,Mumbai,67380,307
cust_0000004252,2025-07-23,Hyderabad,144138,242
cust_0000004253,2025-02-05,Howrah,53968,356
cust_0000004254,2024-01-18,Jaipur,121507,241
cust_0000004255,2025-03-25,Ahmedabad,381393,198
cust_0000004256,2026-04-07,Hyderabad,114196,316
cust_0000004257,2024-02-04,Chennai,92803,18
cust_0000004258,2025-02-11,Ahmedabad,81863,493
cust_0000004259,2025-02-07,Howrah,733473,418
cust_0000004260,2024-06-25,Kolkata,87305,26
cust_0000004261,2025-08-03,Jaipur,85398,342
cust_0000004262,2025-01-08,Delhi,129648,259
cust_0000004263,2025-03-23,Hyderabad,343560,245
cust_0000004264,2024-09-29,Jaipur,171128,305
cust_0000004265,2025-11-22,Howrah,52633,111
cust_0000004266,2024-02-26,Ahmedabad,116779,61
cust_0000004267,2025-08-20,Chennai,37856,217
cust_0000004268,2024-12-13,Ahmedabad,369415,115
cust_0000004269,2026-04-03,Delhi,42001,214
cust_0000004270,2024-04-07,Chennai,66990,42
cust_0000004271,2025-07-15,Delhi,120022,240
cust_0000004272,2025-05-23,Hyderabad,76016,425
cust_0000004273,2025-03-24,Chennai,16210,133
cust_0000004274,2023-12-21,Bangalore,309338,258
cust_0000004275,2024-04-06,Mumbai,49212,72
cust_0000004276,2026-03-03,Mumbai,59265,8
cust_0000004277,2024-02-07,Jaipur,34176,263
cust_0000004278,2024-02-16,Jaipur,90362,188
cust_0000004279,2025-01-01,Delhi,277156,156
cust_0000004280,2025-09-08,Jaipur,34216,32
cust_0000004281,2026-02-03,Kolkata,179138,277
cust_0000004282,2025-01-29,Chennai,81767,175
cust_0000004283,2025-08-20,Pune,250730,468
cust_0000004284,2024-10-05,Howrah,27180,363
cust_0000004285,2025-08-13,Pune,272018,55
cust_0000004286,2024-11-03,Mumbai,13456,12
cust_0000004287,2024-08-08,Hyderabad,93990,180
cust_0000004288,2024-01-03,Jaipur,200599,92
cust_0000004289,2025-11-24,Hyderabad,57287,144
cust_0000004290,2025-11-10,Pune,28906,159
cust_0000004291,2025-01-30,Jaipur,345819,219
cust_0000004292,2026-03-24,Hyderabad,121410,73
cust_0000004293,2025-08-03,Pune,219770,168
cust_0000004294,2026-02-18,Mumbai,358571,58
cust_0000004295,2024-08-21,Jaipur,51354,363
cust_0000004296,2025-09-25,Hyderabad,115827,67
cust_0000004297,2025-10-02,Mumbai,171166,111
cust_0000004298,2024-11-20,Jaipur,59678,197
cust_0000004299,2026-03-16,Kolkata,143635,255
cust_0000004300,2025-10-10,Kolkata,188474,71
cust_0000004301,2024-11-21,Chennai,39587,448
cust_0000004302,2025-10-22,Bangalore,100347,57
cust_0000004303,2024-09-12,Delhi,263282,249
cust_0000004304,2025-01-23,Howrah,99325,418
cust_0000004305,2025-08-14,Kolkata,23014,275
cust_0000004306,2024-08-20,Bangalore,172901,51
cust_0000004307,2026-03-19,Hyderabad,35752,486
cust_0000004308,2025-01-13,Kolkata,142423,316
cust_0000004309,2024-05-21,Pune,97876,497
cust_0000004310,2025-10-09,Chennai,29310,384
cust_0000004311,2025-02-25,Delhi,261634,390
cust_0000004312,2024-02-02,Delhi,283162,189
cust_0000004313,2024-03-15,Mumbai,29529,262
cust_0000004314,2024-07-12,Ahmedabad,111304,385
cust_0000004315,2026-03-11,Mumbai,44246,124
cust_0000004316,2024-07-26,Ahmedabad,389206,104
cust_0000004317,2024-09-15,Howrah,339010,153
cust_0000004318,2025-08-06,Hyderabad,141990,474
cust_0000004319,2026-02-01,Chennai,146112,159
cust_0000004320,2024-09-12,Kolkata,24255,485
cust_0000004321,2025-10-01,Hyderabad,231741,340
cust_0000004322,2024-11-19,Mumbai,231659,472
cust_0000004323,2024-02-14,Kolkata,177408,300
cust_0000004324,2025-07-17,Pune,143941,460
cust_0000004325,2024-02-12,Ahmedabad,34483,216
cust_0000004326,2024-11-26,Pune,64701,55
cust_0000004327,2026-05-02,Ahmedabad,53872,328
cust_0000004328,2026-01-04,Hyderabad,296200,386
cust_0000004329,2025-08-18,Howrah,71866,281
cust_0000004330,2024-11-06,Jaipur,87588,409
cust_0000004331,2025-06-23,Pune,120075,395
cust_0000004332,2024-11-16,Hyderabad,102657,437
cust_0000004333,2025-05-29,Jaipur,655273,191
cust_0000004334,2025-12-10,Jaipur,67479,136
cust_0000004335,2024-02-14,Chennai,29587,230
cust_0000004336,2025-04-28,Jaipur,63620,326
cust_0000004337,2024-01-18,Kolkata,63201,233
cust_0000004338,2025-09-20,Bangalore,106975,493
cust_0000004339,2024-02-06,Chennai,176865,379
cust_0000004340,2026-05-01,Jaipur,574419,51
cust_0000004341,2024-01-29,Delhi,46253,248
cust_0000004342,2025-06-20,Jaipur,303034,473
cust_0000004343,2025-11-20,Howrah,16038,346
cust_0000004344,2024-06-08,Chennai,103271,260
cust_0000004345,2025-02-10,Ahmedabad,68470,303
cust_0000004346,2025-05-17,Kolkata,185904,129
cust_0000004347,2024-03-23,Jaipur,175799,203
cust_0000004348,2025-04-25,Pune,153418,355
cust_0000004349,2025-04-05,Kolkata,310145,268
cust_0000004350,2024-03-04,Chennai,52837,443
cust_0000004351,2025-09-08,Hyderabad,130051,74
cust_0000004352,2025-06-17,Hyderabad,39672,169
cust_0000004353,2026-01-20,Howrah,6618,448
cust_0000004354,2025-01-12,Pune,552534,301
cust_0000004355,2024-12-31,Kolkata,125502,424
cust_0000004356,2026-03-29,Ahmedabad,37325,61
cust_0000004357,2024-07-07,Delhi,93055,454
cust_0000004358,2025-11-25,Ahmedabad,80981,361
cust_0000004359,2024-03-29,Hyderabad,40975,372
cust_0000004360,2025-07-14,Delhi,196711,295
cust_0000004361,2024-10-16,Mumbai,20356,442
cust_0000004362,2024-11-15,Chennai,488703,385
cust_0000004363,2024-09-27,Hyderabad,202506,487
cust_0000004364,2025-10-10,Chennai,117431,484
cust_0000004365,2025-05-16,Ahmedabad,121681,344
cust_0000004366,2024-12-16,Kolkata,180557,341
cust_0000004367,2024-01-14,Chennai,150192,125
cust_0000004368,2024-10-11,Hyderabad,150094,480
cust_0000004369,2024-05-14,Delhi,203768,468
cust_0000004370,2025-10-14,Howrah,127100,319
cust_0000004371,2023-12-19,Delhi,70531,432
cust_0000004372,2025-09-21,Jaipur,91103,221
cust_0000004373,2025-04-01,Kolkata,172070,424
cust_0000004374,2025-03-13,Jaipur,275202,23
cust_0000004375,2024-07-29,Jaipur,76489,307
cust_0000004376,2025-01-01,Ahmedabad,118909,334
cust_0000004377,2025-04-07,Hyderabad,23396,130
cust_0000004378,2024-09-26,Delhi,586107,118
cust_0000004379,2024-04-04,Kolkata,77791,162
cust_0000004380,2024-02-24,Hyderabad,302498,45
cust_0000004381,2025-09-22,Kolkata,66513,45
cust_0000004382,2026-03-22,Kolkata,71592,63
cust_0000004383,2025-10-14,Howrah,86882,114
cust_0000004384,2026-03-19,Howrah,126085,446
cust_0000004385,2025-04-22,Pune,66448,196
cust_0000004386,2024-07-14,Jaipur,739374,64
cust_0000004387,2024-04-04,Pune,48154,478
cust_0000004388,2025-04-28,Howrah,76610,422
cust_0000004389,2025-02-04,Pune,661616,377
cust_0000004390,2025-11-13,Pune,175176,352
cust_0000004391,2025-11-15,Delhi,284479,159
cust_0000004392,2024-03-26,Jaipur,64631,253
cust_0000004393,2024-12-05,Kolkata,41172,296
cust_0000004394,2024-09-27,Chennai,12295,474
cust_0000004395,2024-09-20,Jaipur,69424,408
cust_0000004396,2025-08-18,Mumbai,58005,266
cust_0000004397,2025-12-17,Hyderabad,88788,430
cust_0000004398,2025-01-10,Mumbai,57376,447
cust_0000004399,2024-11-16,Bangalore,28892,90
cust_0000004400,2025-12-14,Hyderabad,347894,395
cust_0000004401,2025-04-25,Mumbai,948441,195
cust_0000004402,2024-07-31,Chennai,34028,376
cust_0000004403,2025-04-28,Delhi,122009,251
cust_0000004404,2025-04-30,Delhi,39338,25
cust_0000004405,2025-04-12,Pune,131906,450
cust_0000004406,2026-02-18,Chennai,319835,427
cust_0000004407,2026-02-24,Kolkata,40370,161
cust_0000004408,2025-12-21,Howrah,200169,95
cust_0000004409,2026-02-18,Jaipur,68370,124
cust_0000004410,2025-08-25,Bangalore,233300,121
cust_0000004411,2024-01-05,Bangalore,79351,465
cust_0000004412,2024-09-06,Ahmedabad,161741,184
cust_0000004413,2025-03-12,Hyderabad,71754,166
cust_0000004414,2026-02-03,Bangalore,47990,49
cust_0000004415,2026-04-10,Kolkata,88749,343
cust_0000004416,2025-02-09,Delhi,59594,119
cust_0000004417,2026-01-27,Pune,77818,73
cust_0000004418,2025-07-08,Delhi,807337,371
cust_0000004419,2024-07-18,Mumbai,293525,22
cust_0000004420,2024-04-29,Jaipur,110909,267
cust_0000004421,2025-11-23,Hyderabad,91292,98
cust_0000004422,2025-11-24,Hyderabad,109672,404
cust_0000004423,2024-02-12,Ahmedabad,52216,296
cust_0000004424,2024-05-11,Mumbai,94519,74
cust_0000004425,2024-08-07,Pune,78348,40
cust_0000004426,2025-07-13,Hyderabad,182822,446
cust_0000004427,2024-01-21,Howrah,36937,256
cust_0000004428,2024-06-09,Kolkata,49326,108
cust_0000004429,2024-02-21,Delhi,212172,117
cust_0000004430,2024-05-02,Mumbai,45139,120
cust_0000004431,2024-04-10,Howrah,193657,201
cust_0000004432,2025-10-21,Jaipur,113465,269
cust_0000004433,2025-10-23,Mumbai,380472,207
cust_0000004434,2024-12-11,Delhi,54227,158
cust_0000004435,2024-12-03,Delhi,118305,307
cust_0000004436,2026-03-16,Mumbai,69348,247
cust_0000004437,2025-12-09,Ahmedabad,653114,369
cust_0000004438,2025-10-25,Delhi,88912,443
cust_0000004439,2025-11-28,Kolkata,30693,85
cust_0000004440,2026-04-29,Chennai,103761,379
cust_0000004441,2024-05-26,Bangalore,117194,310
cust_0000004442,2024-05-18,Hyderabad,315511,185
cust_0000004443,2026-02-22,Jaipur,61585,50
cust_0000004444,2025-06-20,Ahmedabad,114684,235
cust_0000004445,2025-02-01,Chennai,116722,188
cust_0000004446,2025-06-13,Pune,32132,385
cust_0000004447,2025-03-10,Howrah,457094,127
cust_0000004448,2026-02-01,Bangalore,44265,108
cust_0000004449,2024-09-23,Bangalore,630045,35
cust_0000004450,2025-08-03,Jaipur,277151,487
cust_0000004451,2024-05-14,Delhi,488192,297
cust_0000004452,2024-02-28,Kolkata,115014,366
cust_0000004453,2024-07-28,Delhi,112449,397
cust_0000004454,2024-04-19,Mumbai,108365,178
cust_0000004455,2024-10-18,Delhi,46049,234
cust_0000004456,2024-02-08,Bangalore,592485,263
cust_0000004457,2025-09-27,Chennai,141285,233
cust_0000004458,2026-02-14,Hyderabad,534375,392
cust_0000004459,2025-11-10,Hyderabad,166485,29
cust_0000004460,2024-06-28,Bangalore,481040,8
cust_0000004461,2025-03-04,Hyderabad,88879,282
cust_0000004462,2024-08-24,Ahmedabad,62085,33
cust_0000004463,2025-08-26,Howrah,200690,72
cust_0000004464,2024-04-17,Chennai,72255,116
cust_0000004465,2026-03-20,Howrah,51378,162
cust_0000004466,2024-06-21,Howrah,264801,29
cust_0000004467,2025-11-06,Ahmedabad,65214,179
cust_0000004468,2024-06-21,Delhi,112677,119
cust_0000004469,2025-05-13,Hyderabad,304034,50
cust_0000004470,2025-09-26,Pune,112317,340
cust_0000004471,2026-02-24,Hyderabad,620240,145
cust_0000004472,2025-07-01,Jaipur,394986,457
cust_0000004473,2025-04-20,Bangalore,390351,418
cust_0000004474,2025-09-04,Howrah,185118,333
cust_0000004475,2025-01-08,Chennai,1153819,425
cust_0000004476,2023-12-22,Hyderabad,111388,489
cust_0000004477,2024-08-01,Bangalore,98437,252
cust_0000004478,2025-04-11,Jaipur,145237,405
cust_0000004479,2024-04-24,Bangalore,135883,290
cust_0000004480,2025-03-06,Bangalore,109215,289
cust_0000004481,2026-04-23,Jaipur,297752,204
cust_0000004482,2026-03-23,Chennai,66110,224
cust_0000004483,2025-12-01,Jaipur,301607,115
cust_0000004484,2026-01-02,Howrah,123342,97
cust_0000004485,2024-09-07,Pune,29618,178
cust_0000004486,2025-04-21,Howrah,103661,255
cust_0000004487,2024-04-14,Delhi,144115,173
cust_0000004488,2026-02-06,Pune,68858,203
cust_0000004489,2024-05-10,Jaipur,727955,305
cust_0000004490,2024-02-16,Jaipur,77074,483
cust_0000004491,2025-05-06,Chennai,439504,22
cust_0000004492,2026-01-19,Bangalore,968995,258
cust_0000004493,2025-02-15,Kolkata,149373,308
cust_0000004494,2025-09-06,Delhi,214783,130
cust_0000004495,2025-11-13,Ahmedabad,36255,260
cust_0000004496,2026-03-06,Hyderabad,61215,286
cust_0000004497,2025-04-27,Mumbai,329090,31
cust_0000004498,2024-12-07,Kolkata,78381,212
cust_0000004499,2025-12-26,Hyderabad,26606,82
cust_0000004500,2024-04-30,Chennai,134065,167
cust_0000004501,2025-11-09,Ahmedabad,574136,413
cust_0000004502,2024-01-04,Kolkata,95923,70
cust_0000004503,2025-08-09,Pune,111442,462
cust_0000004504,2025-03-03,Delhi,192133,233
cust_0000004505,2024-10-30,Bangalore,222647,89
cust_0000004506,2024-08-02,Kolkata,106548,139
cust_0000004507,2024-01-18,Ahmedabad,50683,37
cust_0000004508,2026-01-18,Ahmedabad,175079,72
cust_0000004509,2024-11-29,Howrah,69673,326
cust_0000004510,2025-02-25,Delhi,162053,180
cust_0000004511,2025-01-23,Hyderabad,57187,129
cust_0000004512,2025-07-20,Delhi,51097,340
cust_0000004513,2025-12-07,Hyderabad,167055,171
cust_0000004514,2025-05-06,Kolkata,27508,410
cust_0000004515,2025-04-25,Chennai,33476,341
cust_0000004516,2024-03-02,Ahmedabad,31711,225
cust_0000004517,2025-12-24,Jaipur,747316,394
cust_0000004518,2023-12-23,Chennai,95222,152
cust_0000004519,2025-12-03,Jaipur,504521,211
cust_0000004520,2025-05-17,Pune,31705,162
cust_0000004521,2025-02-10,Mumbai,30947,81
cust_0000004522,2025-11-11,Mumbai,288335,95
cust_0000004523,2025-01-04,Bangalore,156750,375
cust_0000004524,2024-10-22,Hyderabad,123441,387
cust_0000004525,2024-05-23,Jaipur,74763,362
cust_0000004526,2024-02-14,Delhi,97694,464
cust_0000004527,2026-01-18,Howrah,48122,347
cust_0000004528,2025-08-22,Ahmedabad,88048,132
cust_0000004529,2026-02-27,Pune,138236,70
cust_0000004530,2025-12-02,Mumbai,293027,79
cust_0000004531,2024-04-25,Pune,147168,272
cust_0000004532,2025-03-13,Howrah,55915,150
cust_0000004533,2024-07-14,Howrah,193359,164
cust_0000004534,2026-03-13,Bangalore,82482,368
cust_0000004535,2026-03-19,Kolkata,147584,17
cust_0000004536,2025-05-03,Hyderabad,100777,217
cust_0000004537,2024-09-09,Howrah,66026,419
cust_0000004538,2024-10-30,Jaipur,7201,167
cust_0000004539,2026-02-15,Ahmedabad,38909,115
cust_0000004540,2024-12-12,Mumbai,66205,337
cust_0000004541,2026-04-28,Pune,64172,214
cust_0000004542,2024-04-03,Pune,75006,342
cust_0000004543,2024-04-02,Ahmedabad,295603,218
cust_0000004544,2024-07-05,Howrah,38822,159
cust_0000004545,2024-07-13,Pune,144510,173
cust_0000004546,2024-05-30,Mumbai,218122,131
cust_0000004547,2026-03-17,Hyderabad,143640,80
cust_0000004548,2024-01-08,Ahmedabad,83600,388
cust_0000004549,2024-04-27,Kolkata,27570,313
cust_0000004550,2025-06-05,Delhi,47716,353
cust_0000004551,2025-09-01,Mumbai,81926,477
cust_0000004552,2023-12-22,Ahmedabad,18680,10
cust_0000004553,2024-07-31,Pune,145263,18
cust_0000004554,2024-06-26,Mumbai,166770,203
cust_0000004555,2024-09-05,Jaipur,51448,12
cust_0000004556,2025-03-18,Jaipur,83525,225
cust_0000004557,2025-05-25,Hyderabad,83512,262
cust_0000004558,2023-12-17,Kolkata,21276,401
cust_0000004559,2024-03-23,Howrah,83705,246
cust_0000004560,2025-03-01,Mumbai,84096,414
cust_0000004561,2025-09-08,Jaipur,15740,294
cust_0000004562,2025-12-06,Delhi,116089,342
cust_0000004563,2025-06-29,Chennai,77289,218
cust_0000004564,2025-05-06,Bangalore,303217,52
cust_0000004565,2025-05-15,Jaipur,156639,431
cust_0000004566,2024-10-25,Mumbai,89567,16
cust_0000004567,2024-06-13,Bangalore,69533,363
cust_0000004568,2024-02-29,Hyderabad,310853,264
cust_0000004569,2024-12-16,Bangalore,163609,34
cust_0000004570,2024-06-09,Hyderabad,25656,136
cust_0000004571,2025-10-04,Pune,222472,395
cust_0000004572,2024-10-22,Ahmedabad,59607,327
cust_0000004573,2026-03-20,Hyderabad,98344,424
cust_0000004574,2024-10-22,Howrah,224044,400
cust_0000004575,2024-12-06,Howrah,364767,141
cust_0000004576,2025-09-21,Pune,97640,22
cust_0000004577,2024-04-14,Jaipur,93682,60
cust_0000004578,2024-02-07,Hyderabad,178883,354
cust_0000004579,2025-11-06,Bangalore,25306,361
cust_0000004580,2024-02-13,Chennai,37297,413
cust_0000004581,2025-01-14,Kolkata,355798,98
cust_0000004582,2025-05-18,Delhi,53734,366
cust_0000004583,2025-04-01,Delhi,303924,223
cust_0000004584,2024-07-19,Chennai,156734,103
cust_0000004585,2023-12-20,Delhi,35776,451
cust_0000004586,2025-02-01,Ahmedabad,66317,343
cust_0000004587,2025-07-16,Mumbai,257300,333
cust_0000004588,2025-01-07,Chennai,62002,482
cust_0000004589,2024-07-07,Ahmedabad,32898,194
cust_0000004590,2024-02-08,Ahmedabad,26738,305
cust_0000004591,2024-06-26,Jaipur,929848,60
cust_0000004592,2024-05-29,Bangalore,133288,122
cust_0000004593,2025-10-09,Hyderabad,131547,337
cust_0000004594,2024-11-01,Kolkata,69259,471
cust_0000004595,2025-06-05,Hyderabad,60639,358
cust_0000004596,2024-07-04,Mumbai,244301,490
cust_0000004597,2026-01-12,Jaipur,90392,496
cust_0000004598,2024-10-25,Delhi,322531,170
cust_0000004599,2024-10-24,Hyderabad,140889,50
cust_0000004600,2025-06-17,Mumbai,31895,144
cust_0000004601,2025-02-02,Ahmedabad,153084,389
cust_0000004602,2026-02-21,Ahmedabad,80605,453
cust_0000004603,2025-07-13,Ahmedabad,90660,146
cust_0000004604,2024-12-03,Bangalore,46596,253
cust_0000004605,2025-07-06,Jaipur,38791,338
cust_0000004606,2026-04-09,Ahmedabad,69275,220
cust_0000004607,2025-11-01,Delhi,18616,163
cust_0000004608,2025-06-14,Pune,41577,20
cust_0000004609,2025-02-09,Hyderabad,29038,75
cust_0000004610,2026-04-05,Kolkata,102230,84
cust_0000004611,2024-06-29,Bangalore,37565,456
cust_0000004612,2025-08-29,Jaipur,33611,253
cust_0000004613,2026-02-25,Delhi,79301,306
cust_0000004614,2026-01-02,Chennai,249798,186
cust_0000004615,2024-12-11,Howrah,422160,172
cust_0000004616,2025-05-16,Ahmedabad,278770,376
cust_0000004617,2025-01-29,Bangalore,31828,283
cust_0000004618,2024-06-28,Bangalore,53157,442
cust_0000004619,2025-07-15,Pune,74452,77
cust_0000004620,2025-05-24,Jaipur,63432,16
cust_0000004621,2025-05-04,Ahmedabad,134350,196
cust_0000004622,2025-12-07,Hyderabad,70523,405
cust_0000004623,2024-08-30,Howrah,129265,230
cust_0000004624,2024-12-29,Pune,98923,66
cust_0000004625,2025-03-15,Kolkata,166230,7
cust_0000004626,2025-02-16,Bangalore,42187,87
cust_0000004627,2024-01-31,Ahmedabad,118262,185
cust_0000004628,2024-02-07,Kolkata,66292,12
cust_0000004629,2024-04-07,Delhi,39135,422
cust_0000004630,2025-07-09,Ahmedabad,51605,188
cust_0000004631,2025-09-11,Kolkata,453929,329
cust_0000004632,2024-09-23,Bangalore,434342,94
cust_0000004633,2025-11-10,Delhi,139242,156
cust_0000004634,2025-02-02,Ahmedabad,205459,449
cust_0000004635,2025-01-26,Howrah,205006,407
cust_0000004636,2023-12-16,Howrah,75680,392
cust_0000004637,2025-11-04,Mumbai,105407,63
cust_0000004638,2024-08-07,Kolkata,97773,301
cust_0000004639,2026-02-22,Hyderabad,224094,327
cust_0000004640,2026-02-16,Pune,45291,493
cust_0000004641,2026-02-09,Hyderabad,35412,422
cust_0000004642,2024-04-21,Ahmedabad,57067,235
cust_0000004643,2024-08-15,Chennai,65719,491
cust_0000004644,2026-03-20,Mumbai,53655,277
cust_0000004645,2024-12-03,Kolkata,327248,28
cust_0000004646,2024-07-17,Mumbai,391326,499
cust_0000004647,2024-09-07,Delhi,47944,94
cust_0000004648,2025-02-22,Ahmedabad,111332,145
cust_0000004649,2024-01-14,Bangalore,22034,419
cust_0000004650,2024-03-12,Jaipur,40164,60
cust_0000004651,2024-05-29,Delhi,17390,358
cust_0000004652,2026-03-04,Chennai,72312,413
cust_0000004653,2023-12-20,Ahmedabad,86250,209
cust_0000004654,2025-11-10,Jaipur,88573,83
cust_0000004655,2025-12-21,Pune,141170,380
cust_0000004656,2026-04-28,Ahmedabad,248993,363
cust_0000004657,2024-11-08,Kolkata,153027,336
cust_0000004658,2024-07-09,Pune,31808,154
cust_0000004659,2025-07-05,Bangalore,149445,292
cust_0000004660,2024-08-06,Kolkata,236540,236
cust_0000004661,2026-03-03,Delhi,128080,468
cust_0000004662,2025-02-05,Mumbai,275835,9
cust_0000004663,2024-07-15,Pune,98709,115
cust_0000004664,2024-08-02,Howrah,117393,224
cust_0000004665,2025-07-09,Kolkata,100422,117
cust_0000004666,2024-12-24,Mumbai,105904,350
cust_0000004667,2025-07-06,Mumbai,222965,474
cust_0000004668,2024-07-05,Mumbai,144675,478
cust_0000004669,2024-12-16,Kolkata,68402,321
cust_0000004670,2025-07-02,Mumbai,115589,319
cust_0000004671,2025-07-26,Delhi,184147,98
cust_0000004672,2025-04-04,Hyderabad,108678,480
cust_0000004673,2024-10-12,Mumbai,223135,336
cust_0000004674,2024-01-05,Hyderabad,290607,60
cust_0000004675,2025-07-10,Kolkata,153911,148
cust_0000004676,2025-03-01,Hyderabad,154389,414
cust_0000004677,2024-08-29,Chennai,364023,338
cust_0000004678,2025-07-30,Pune,597050,55
cust_0000004679,2025-02-05,Hyderabad,40965,422
cust_0000004680,2025-01-19,Jaipur,566740,442
cust_0000004681,2024-02-11,Mumbai,359528,245
cust_0000004682,2024-02-06,Hyderabad,147459,111
cust_0000004683,2025-10-08,Jaipur,212688,229
cust_0000004684,2026-03-07,Hyderabad,407552,124
cust_0000004685,2024-06-19,Mumbai,82722,349
cust_0000004686,2024-08-22,Bangalore,33524,335
cust_0000004687,2025-11-25,Mumbai,73080,67
cust_0000004688,2024-02-02,Bangalore,346019,48
cust_0000004689,2025-04-14,Pune,88300,431
cust_0000004690,2024-03-25,Chennai,183195,48
cust_0000004691,2024-10-27,Pune,120977,457
cust_0000004692,2025-09-11,Ahmedabad,105608,316
cust_0000004693,2025-01-22,Chennai,45113,243
cust_0000004694,2024-05-14,Hyderabad,131716,111
cust_0000004695,2025-11-30,Ahmedabad,75770,67
cust_0000004696,2025-07-22,Bangalore,48172,361
cust_0000004697,2024-03-17,Kolkata,24856,163
cust_0000004698,2024-06-06,Bangalore,194926,193
cust_0000004699,2024-11-12,Kolkata,53739,476
cust_0000004700,2023-12-30,Jaipur,214468,449
cust_0000004701,2024-06-01,Hyderabad,321384,291
cust_0000004702,2024-05-09,Howrah,51145,417
cust_0000004703,2025-12-04,Jaipur,40704,24
cust_0000004704,2025-10-20,Pune,263898,204
cust_0000004705,2026-04-30,Chennai,120083,191
cust_0000004706,2024-03-19,Hyderabad,59964,94
cust_0000004707,2026-03-21,Kolkata,30959,297
cust_0000004708,2024-05-29,Ahmedabad,184439,290
cust_0000004709,2024-01-28,Ahmedabad,34231,201
cust_0000004710,2024-07-12,Jaipur,45364,106
cust_0000004711,2024-06-09,Bangalore,120588,245
cust_0000004712,2026-01-11,Delhi,74384,345
cust_0000004713,2025-12-11,Hyderabad,26972,131
cust_0000004714,2024-03-15,Howrah,33455,257
cust_0000004715,2026-02-03,Howrah,286347,231
cust_0000004716,2025-08-15,Bangalore,89553,232
cust_0000004717,2024-08-19,Ahmedabad,20436,407
cust_0000004718,2026-04-08,Kolkata,29973,165
cust_0000004719,2024-03-16,Howrah,312306,460
cust_0000004720,2025-11-10,Bangalore,20927,368
cust_0000004721,2024-05-22,Pune,125106,335
cust_0000004722,2024-05-04,Jaipur,52200,328
cust_0000004723,2024-07-26,Jaipur,42491,367
cust_0000004724,2024-01-26,Hyderabad,36720,496
cust_0000004725,2025-07-03,Kolkata,79699,375
cust_0000004726,2025-01-17,Hyderabad,75726,207
cust_0000004727,2024-06-15,Chennai,55421,74
cust_0000004728,2025-03-16,Pune,131522,195
cust_0000004729,2024-10-20,Ahmedabad,102764,499
cust_0000004730,2025-03-05,Howrah,43275,109
cust_0000004731,2025-01-18,Howrah,76877,123
cust_0000004732,2025-05-09,Bangalore,75213,191
cust_0000004733,2024-10-30,Ahmedabad,83464,218
cust_0000004734,2024-12-11,Chennai,88794,379
cust_0000004735,2024-04-19,Howrah,559506,46
cust_0000004736,2025-04-12,Jaipur,87165,379
cust_0000004737,2024-10-05,Mumbai,104883,68
cust_0000004738,2025-11-13,Hyderabad,51152,27
cust_0000004739,2025-03-03,Mumbai,132074,378
cust_0000004740,2024-06-23,Bangalore,115986,207
cust_0000004741,2026-01-27,Jaipur,64970,151
cust_0000004742,2024-04-03,Chennai,595427,406
cust_0000004743,2024-06-28,Pune,403823,470
cust_0000004744,2026-03-21,Howrah,583374,498
cust_0000004745,2025-10-05,Jaipur,53518,237
cust_0000004746,2024-06-13,Bangalore,133718,337
cust_0000004747,2025-02-07,Chennai,64121,228
cust_0000004748,2026-03-23,Delhi,203398,279
cust_0000004749,2025-08-14,Chennai,26477,98
cust_0000004750,2024-10-31,Jaipur,182279,404
cust_0000004751,2024-02-21,Chennai,101533,429
cust_0000004752,2024-09-28,Howrah,116920,191
cust_0000004753,2024-06-01,Jaipur,67413,205
cust_0000004754,2025-05-28,Ahmedabad,19538,460
cust_0000004755,2025-02-06,Ahmedabad,36857,42
cust_0000004756,2025-09-04,Jaipur,45152,209
cust_0000004757,2025-09-22,Howrah,10871,454
cust_0000004758,2026-02-20,Hyderabad,32267,335
cust_0000004759,2024-01-22,Hyderabad,64225,447
cust_0000004760,2024-12-27,Mumbai,101901,228
cust_0000004761,2026-03-17,Mumbai,1015492,457
cust_0000004762,2025-02-06,Chennai,513987,492
cust_0000004763,2025-09-04,Pune,450627,164
cust_0000004764,2024-06-11,Mumbai,150313,269
cust_0000004765,2024-11-15,Bangalore,142639,241
cust_0000004766,2024-12-29,Howrah,130452,298
cust_0000004767,2025-11-14,Kolkata,108963,386
cust_0000004768,2026-01-04,Delhi,48603,408
cust_0000004769,2024-04-08,Bangalore,101200,268
cust_0000004770,2024-08-26,Hyderabad,93402,173
cust_0000004771,2026-03-03,Chennai,262584,461
cust_0000004772,2025-07-31,Mumbai,45042,46
cust_0000004773,2024-08-30,Hyderabad,31132,194
cust_0000004774,2024-11-17,Chennai,54101,193
cust_0000004775,2025-02-18,Bangalore,89924,49
cust_0000004776,2025-11-11,Kolkata,65347,382
cust_0000004777,2025-01-02,Hyderabad,39395,454
cust_0000004778,2024-01-16,Howrah,115208,32
cust_0000004779,2026-01-21,Bangalore,363684,351
cust_0000004780,2025-06-10,Hyderabad,134356,106
cust_0000004781,2025-04-18,Pune,147279,482
cust_0000004782,2026-03-26,Mumbai,174315,460
cust_0000004783,2024-08-27,Chennai,64750,185
cust_0000004784,2024-05-07,Mumbai,71019,485
cust_0000004785,2023-12-19,Bangalore,220621,495
cust_0000004786,2025-11-24,Delhi,83290,250
cust_0000004787,2024-03-09,Bangalore,107742,165
cust_0000004788,2026-04-29,Pune,83983,87
cust_0000004789,2024-07-04,Hyderabad,110588,80
cust_0000004790,2026-01-26,Mumbai,199559,64
cust_0000004791,2025-02-21,Pune,1091003,149
cust_0000004792,2025-09-17,Howrah,1399278,106
cust_0000004793,2025-05-28,Pune,103187,62
cust_0000004794,2026-01-03,Ahmedabad,38637,371
cust_0000004795,2025-12-26,Ahmedabad,71608,211
cust_0000004796,2025-05-15,Pune,367318,491
cust_0000004797,2024-10-18,Mumbai,36738,56
cust_0000004798,2025-08-28,Howrah,148199,395
cust_0000004799,2025-04-02,Pune,168013,368
cust_0000004800,2025-08-25,Delhi,100169,491
cust_0000004801,2025-08-09,Howrah,99409,361
cust_0000004802,2024-08-17,Mumbai,32119,309
cust_0000004803,2025-05-27,Hyderabad,126223,473
cust_0000004804,2025-04-11,Jaipur,404982,494
cust_0000004805,2025-08-15,Ahmedabad,74510,46
cust_0000004806,2024-10-22,Ahmedabad,140049,43
cust_0000004807,2025-11-30,Mumbai,322736,401
cust_0000004808,2025-11-07,Ahmedabad,135324,364
cust_0000004809,2025-03-11,Mumbai,110510,413
cust_0000004810,2024-09-09,Hyderabad,122276,288
cust_0000004811,2024-10-21,Mumbai,23893,80
cust_0000004812,2024-01-30,Howrah,244942,56
cust_0000004813,2025-05-12,Ahmedabad,91437,102
cust_0000004814,2025-11-08,Chennai,136982,226
cust_0000004815,2024-03-13,Kolkata,166167,264
cust_0000004816,2024-10-21,Hyderabad,673872,151
cust_0000004817,2024-04-27,Chennai,439036,64
cust_0000004818,2026-01-16,Jaipur,82105,13
cust_0000004819,2024-11-02,Hyderabad,91746,361
cust_0000004820,2025-10-15,Mumbai,762188,61
cust_0000004821,2025-03-23,Pune,291309,141
cust_0000004822,2025-07-21,Pune,117060,385
cust_0000004823,2024-04-30,Bangalore,79887,279
cust_0000004824,2025-11-22,Jaipur,315365,206
cust_0000004825,2025-04-15,Hyderabad,86667,169
cust_0000004826,2025-01-11,Howrah,296110,58
cust_0000004827,2024-05-28,Mumbai,292397,317
cust_0000004828,2024-12-31,Pune,146110,74
cust_0000004829,2026-04-22,Delhi,183948,77
cust_0000004830,2025-09-04,Delhi,88318,148
cust_0000004831,2026-01-04,Hyderabad,26162,194
cust_0000004832,2025-05-11,Bangalore,80197,281
cust_0000004833,2025-12-26,Chennai,119666,270
cust_0000004834,2024-10-28,Hyderabad,54149,133
cust_0000004835,2024-07-18,Kolkata,115548,454
cust_0000004836,2025-09-09,Chennai,138756,23
cust_0000004837,2025-05-09,Kolkata,969089,169
cust_0000004838,2025-06-01,Delhi,85293,230
cust_0000004839,2026-03-15,Jaipur,45767,432
cust_0000004840,2025-05-15,Kolkata,65776,384
cust_0000004841,2025-04-25,Howrah,45194,492
cust_0000004842,2024-05-22,Pune,240667,172
cust_0000004843,2025-02-08,Mumbai,446720,362
cust_0000004844,2024-11-23,Mumbai,596929,240
cust_0000004845,2026-04-21,Howrah,116068,438
cust_0000004846,2024-10-18,Pune,109911,351
cust_0000004847,2024-02-17,Pune,186107,41
cust_0000004848,2025-08-03,Jaipur,159153,179
cust_0000004849,2024-09-15,Jaipur,182480,485
cust_0000004850,2026-01-26,Hyderabad,72307,279
cust_0000004851,2025-10-21,Ahmedabad,126173,412
cust_0000004852,2025-09-05,Ahmedabad,355057,165
cust_0000004853,2025-02-02,Kolkata,53795,266
cust_0000004854,2024-10-13,Kolkata,194022,435
cust_0000004855,2026-01-13,Jaipur,126556,17
cust_0000004856,2025-10-26,Mumbai,160743,384
cust_0000004857,2024-08-28,Hyderabad,115375,159
cust_0000004858,2024-09-08,Hyderabad,216116,307
cust_0000004859,2025-03-21,Howrah,22081,105
cust_0000004860,2025-05-30,Hyderabad,35118,95
cust_0000004861,2025-02-15,Howrah,76540,28
cust_0000004862,2026-03-18,Delhi,34254,251
cust_0000004863,2025-11-30,Delhi,83620,73
cust_0000004864,2025-06-29,Hyderabad,223206,173
cust_0000004865,2024-02-02,Kolkata,75021,268
cust_0000004866,2024-03-24,Pune,233024,430
cust_0000004867,2024-01-26,Chennai,31179,141
cust_0000004868,2024-11-21,Pune,35899,149
cust_0000004869,2025-01-11,Delhi,129215,470
cust_0000004870,2024-09-22,Howrah,261444,48
cust_0000004871,2024-08-17,Ahmedabad,308661,316
cust_0000004872,2025-12-11,Pune,90655,248
cust_0000004873,2023-12-15,Kolkata,151938,105
cust_0000004874,2025-04-06,Delhi,152272,313
cust_0000004875,2025-04-02,Pune,104498,227
cust_0000004876,2024-08-18,Pune,107765,496
cust_0000004877,2025-07-28,Jaipur,286447,329
cust_0000004878,2024-10-27,Howrah,80006,429
cust_0000004879,2025-02-23,Mumbai,178223,244
cust_0000004880,2025-01-06,Pune,246814,87
cust_0000004881,2024-04-28,Mumbai,170045,236
cust_0000004882,2024-11-10,Ahmedabad,458419,193
cust_0000004883,2025-05-07,Hyderabad,336540,184
cust_0000004884,2024-04-22,Howrah,66040,98
cust_0000004885,2024-12-07,Chennai,145879,115
cust_0000004886,2024-07-30,Chennai,104182,147
cust_0000004887,2024-10-23,Delhi,171261,154
cust_0000004888,2026-02-03,Mumbai,20975,76
cust_0000004889,2026-02-11,Hyderabad,120812,364
cust_0000004890,2026-02-03,Pune,7541,310
cust_0000004891,2024-03-28,Chennai,253743,212
cust_0000004892,2024-01-31,Delhi,86241,329
cust_0000004893,2024-02-21,Hyderabad,39008,437
cust_0000004894,2024-05-07,Chennai,47270,389
cust_0000004895,2024-11-10,Pune,27297,217
cust_0000004896,2025-03-18,Jaipur,755184,460
cust_0000004897,2024-02-21,Bangalore,15767,30
cust_0000004898,2025-08-08,Chennai,222091,396
cust_0000004899,2024-11-08,Bangalore,389016,448
cust_0000004900,2025-06-27,Jaipur,472973,108
cust_0000004901,2025-01-16,Bangalore,60647,450
cust_0000004902,2024-07-16,Delhi,72160,225
cust_0000004903,2026-04-22,Bangalore,211665,98
cust_0000004904,2025-11-24,Mumbai,25894,154
cust_0000004905,2024-06-23,Mumbai,117070,392
cust_0000004906,2026-04-13,Kolkata,155563,494
cust_0000004907,2025-07-25,Chennai,54341,193
cust_0000004908,2025-06-18,Delhi,54538,368
cust_0000004909,2024-07-18,Chennai,105976,181
cust_0000004910,2025-06-29,Chennai,112821,96
cust_0000004911,2026-03-16,Delhi,37683,191
cust_0000004912,2026-04-29,Bangalore,711350,361
cust_0000004913,2024-12-03,Mumbai,38017,396
cust_0000004914,2025-07-18,Pune,141588,351
cust_0000004915,2024-02-09,Chennai,23459,266
cust_0000004916,2024-01-13,Bangalore,142111,309
cust_0000004917,2024-12-04,Mumbai,133237,391
cust_0000004918,2024-08-07,Jaipur,85644,26
cust_0000004919,2024-10-31,Chennai,526550,456
cust_0000004920,2024-03-28,Mumbai,120302,288
cust_0000004921,2025-11-28,Kolkata,74113,152
cust_0000004922,2024-01-10,Kolkata,96202,490
cust_0000004923,2025-10-09,Ahmedabad,120859,327
cust_0000004924,2025-10-19,Ahmedabad,17991,301
cust_0000004925,2025-04-07,Mumbai,122190,427
cust_0000004926,2026-02-04,Delhi,31150,485
cust_0000004927,2024-08-19,Jaipur,104145,52
cust_0000004928,2024-06-11,Mumbai,76084,444
cust_0000004929,2025-05-07,Howrah,56456,322
cust_0000004930,2025-03-28,Kolkata,20622,64
cust_0000004931,2025-03-11,Howrah,88013,335
cust_0000004932,2025-03-14,Pune,219438,438
cust_0000004933,2025-04-06,Kolkata,123717,419
cust_0000004934,2025-02-20,Pune,40618,357
cust_0000004935,2025-01-28,Delhi,110536,117
cust_0000004936,2024-01-23,Kolkata,54075,303
cust_0000004937,2026-01-07,Hyderabad,243964,179
cust_0000004938,2024-04-12,Delhi,46605,319
cust_0000004939,2024-04-29,Howrah,138701,147
cust_0000004940,2025-09-13,Delhi,361141,379
cust_0000004941,2025-10-29,Chennai,19265,111
cust_0000004942,2024-08-26,Bangalore,84862,297
cust_0000004943,2024-11-29,Howrah,190970,328
cust_0000004944,2025-10-20,Chennai,170666,183
cust_0000004945,2025-03-17,Jaipur,355006,324
cust_0000004946,2024-05-17,Mumbai,226246,358
cust_0000004947,2024-12-10,Ahmedabad,90157,94
cust_0000004948,2024-10-01,Kolkata,118419,422
cust_0000004949,2025-10-27,Jaipur,109611,132
cust_0000004950,2024-11-05,Kolkata,21800,389
cust_0000004951,2024-10-20,Mumbai,349575,230
cust_0000004952,2025-06-06,Howrah,51804,292
cust_0000004953,2025-10-25,Kolkata,21203,44
cust_0000004954,2025-12-21,Bangalore,121954,64
cust_0000004955,2024-12-17,Pune,71220,353
cust_0000004956,2024-01-19,Chennai,68152,127
cust_0000004957,2024-09-16,Jaipur,118463,106
cust_0000004958,2025-03-10,Bangalore,63343,243
cust_0000004959,2025-02-13,Jaipur,17319,258
cust_0000004960,2025-12-18,Howrah,47337,118
cust_0000004961,2025-11-07,Ahmedabad,75808,277
cust_0000004962,2025-02-16,Jaipur,47565,144
cust_0000004963,2024-09-30,Mumbai,70392,358
cust_0000004964,2025-04-14,Mumbai,119214,360
cust_0000004965,2025-12-12,Chennai,64112,281
cust_0000004966,2025-10-24,Howrah,50759,340
cust_0000004967,2025-08-07,Bangalore,332337,148
cust_0000004968,2026-01-18,Chennai,62464,149
cust_0000004969,2024-10-02,Delhi,198552,278
cust_0000004970,2026-04-08,Mumbai,150487,168
cust_0000004971,2025-04-22,Kolkata,102834,424
cust_0000004972,2025-10-26,Delhi,599702,337
cust_0000004973,2025-05-28,Mumbai,177294,191
cust_0000004974,2024-01-08,Pune,94512,237
cust_0000004975,2024-02-08,Jaipur,148270,45
cust_0000004976,2025-07-28,Howrah,273190,238
cust_0000004977,2025-09-22,Kolkata,89311,173
cust_0000004978,2024-03-20,Hyderabad,344796,331
cust_0000004979,2025-07-02,Mumbai,132660,213
cust_0000004980,2024-06-21,Howrah,357778,493
cust_0000004981,2025-03-25,Hyderabad,89865,457
cust_0000004982,2024-01-29,Pune,520542,359
cust_0000004983,2024-11-20,Hyderabad,153980,214
cust_0000004984,2025-12-19,Jaipur,79276,39
cust_0000004985,2025-03-21,Bangalore,60762,93
cust_0000004986,2026-02-10,Pune,108417,203
cust_0000004987,2024-10-26,Kolkata,23400,34
cust_0000004988,2025-05-03,Kolkata,115818,399
cust_0000004989,2024-07-01,Jaipur,123625,436
cust_0000004990,2025-07-25,Hyderabad,465114,435
cust_0000004991,2024-10-29,Hyderabad,503807,478
cust_0000004992,2024-04-17,Kolkata,76945,428
cust_0000004993,2025-05-26,Jaipur,329492,456
cust_0000004994,2025-12-25,Jaipur,59992,8
cust_0000004995,2025-11-06,Chennai,111264,317
cust_0000004996,2025-05-08,Jaipur,46277,104
cust_0000004997,2024-04-25,Jaipur,79111,101
cust_0000004998,2024-01-14,Delhi,196566,413
cust_0000004999,2025-12-16,Delhi,52225,280
