device_id,first_seen,associated_customer_ids
dev_0000000000,2026-02-14,cust_0000000000
dev_0000000001,2024-04-16,cust_0000000001
dev_0000000002,2024-04-16,cust_0000000001
dev_0000000003,2025-01-29,cust_0000000002
dev_0000000004,2024-06-18,cust_0000000003
dev_0000000005,2025-02-21,cust_0000000004
dev_0000000006,2024-10-19,cust_0000000005
dev_0000000007,2025-04-06,cust_0000000006
dev_0000000008,2026-03-08,cust_0000000007
dev_0000000009,2025-12-10,cust_0000000008
dev_0000000010,2024-01-09,cust_0000000009
dev_0000000011,2024-07-10,cust_0000000010
dev_0000000012,2026-03-25,cust_0000000011
dev_0000000013,2024-02-20,cust_0000000012
dev_0000000014,2025-07-23,cust_0000000013
dev_0000000015,2024-06-09,cust_0000000014
dev_0000000016,2024-06-09,cust_0000000014
dev_0000000017,2025-03-15,cust_0000000015
dev_0000000018,2024-02-04,cust_0000000016
dev_0000000019,2024-05-08,cust_0000000017
dev_0000000020,2024-03-12,cust_0000000018
dev_0000000021,2026-01-01,cust_0000000019
dev_0000000022,2024-06-08,cust_0000000020
dev_0000000023,2024-08-27,cust_0000000021
dev_0000000024,2025-02-17,cust_0000000022
dev_0000000025,2026-01-23,cust_0000000023
dev_0000000026,2024-04-19,cust_0000000024
dev_0000000027,2024-10-27,cust_0000000025
dev_0000000028,2024-06-10,cust_0000000026
dev_0000000029,2024-06-10,cust_0000000026
dev_0000000030,2025-04-18,cust_0000000027
dev_0000000031,2025-04-18,cust_0000000027
dev_0000000032,2023-12-21,cust_0000000028
dev_0000000033,2026-03-13,cust_0000000029
dev_0000000034,2025-04-20,cust_0000000030
dev_0000000035,2024-06-20,cust_0000000031
dev_0000000036,2025-05-04,cust_0000000032
dev_0000000037,2026-04-13,cust_0000000033
dev_0000000038,2024-09-03,cust_0000000034
dev_0000000039,2025-02-21,cust_0000000035
dev_0000000040,2025-02-25,cust_0000000036
dev_0000000041,2025-08-13,cust_0000000037
dev_0000000042,2024-01-19,cust_0000000038
dev_0000000043,2024-01-17,cust_0000000039
dev_0000000044,2025-03-31,cust_0000000040
dev_0000000045,2024-06-24,cust_0000000041
dev_0000000046,2024-07-30,cust_0000000042
dev_0000000047,2024-03-08,cust_0000000043
dev_0000000048,2024-08-13,cust_0000000044
dev_0000000049,2025-11-30,cust_0000000045
dev_0000000050,2025-02-28,cust_0000000046
dev_0000000051,2024-11-03,cust_0000000047
dev_0000000052,2024-11-01,cust_0000000048
dev_0000000053,2026-03-27,cust_0000000049
dev_0000000054,2024-10-05,cust_0000000050
dev_0000000055,2024-12-07,cust_0000000051
dev_0000000056,2023-12-23,cust_0000000052
dev_0000000057,2024-12-04,cust_0000000053
dev_0000000058,2024-12-04,cust_0000000053
dev_0000000059,2025-05-04,cust_0000000054
dev_0000000060,2026-02-20,cust_0000000055
dev_0000000061,2025-04-14,cust_0000000056
dev_0000000062,2025-03-17,cust_0000000057
dev_0000000063,2025-01-13,cust_0000000058
dev_0000000064,2025-01-13,cust_0000000058
dev_0000000065,2026-04-14,cust_0000000059
dev_0000000066,2026-04-14,cust_0000000059
dev_0000000067,2025-01-15,cust_0000000060
dev_0000000068,2025-01-15,cust_0000000060
dev_0000000069,2026-01-28,cust_0000000061
dev_0000000070,2025-10-02,cust_0000000062
dev_0000000071,2024-07-03,cust_0000000063
dev_0000000072,2024-01-05,cust_0000000064
dev_0000000073,2025-01-05,cust_0000000065
dev_0000000074,2025-03-28,cust_0000000066
dev_0000000075,2024-01-24,cust_0000000067
dev_0000000076,2024-03-06,cust_0000000068
dev_0000000077,2025-12-10,cust_0000000069
dev_0000000078,2024-01-10,cust_0000000070
dev_0000000079,2024-07-20,cust_0000000071
dev_0000000080,2026-01-22,cust_0000000072
dev_0000000081,2024-06-30,cust_0000000073
dev_0000000082,2024-03-22,cust_0000000074
dev_0000000083,2025-09-16,cust_0000000075
dev_0000000084,2026-04-05,cust_0000000076
dev_0000000085,2025-12-20,cust_0000000077
dev_0000000086,2024-08-14,cust_0000000078
dev_0000000087,2025-08-06,cust_0000000079
dev_0000000088,2025-02-22,cust_0000000080
dev_0000000089,2026-04-20,cust_0000000081
dev_0000000090,2026-04-17,cust_0000000082
dev_0000000091,2025-02-16,cust_0000000083
dev_0000000092,2025-05-05,cust_0000000084
dev_0000000093,2024-08-18,cust_0000000085
dev_0000000094,2025-04-20,cust_0000000086
dev_0000000095,2025-05-22,cust_0000000087
dev_0000000096,2025-02-14,cust_0000000088
dev_0000000097,2025-08-26,cust_0000000089
dev_0000000098,2024-11-29,cust_0000000090
dev_0000000099,2026-01-30,cust_0000000091
dev_0000000100,2026-04-27,cust_0000000092
dev_0000000101,2024-02-11,cust_0000000093
dev_0000000102,2024-10-28,cust_0000000094
dev_0000000103,2026-01-28,cust_0000000095
dev_0000000104,2026-01-28,cust_0000000095
dev_0000000105,2025-03-26,cust_0000000096
dev_0000000106,2024-11-21,cust_0000000097
dev_0000000107,2024-02-16,cust_0000000098
dev_0000000108,2024-04-08,cust_0000000099
dev_0000000109,2025-09-11,cust_0000000100
dev_0000000110,2024-05-22,cust_0000000101
dev_0000000111,2025-03-15,cust_0000000102
dev_0000000112,2024-05-15,cust_0000000103
dev_0000000113,2024-02-26,cust_0000000104
dev_0000000114,2025-08-28,cust_0000000105
dev_0000000115,2025-01-17,cust_0000000106
dev_0000000116,2025-12-02,cust_0000000107
dev_0000000117,2025-02-08,cust_0000000108
dev_0000000118,2025-07-30,cust_0000000109
dev_0000000119,2024-06-12,cust_0000000110
dev_0000000120,2025-11-26,cust_0000000111
dev_0000000121,2025-11-26,cust_0000000111
dev_0000000122,2024-10-20,cust_0000000112
dev_0000000123,2026-03-21,cust_0000000113
dev_0000000124,2026-01-30,cust_0000000114
dev_0000000125,2026-02-05,cust_0000000115
dev_0000000126,2025-10-06,cust_0000000116
dev_0000000127,2024-06-23,cust_0000000117
dev_0000000128,2024-06-23,cust_0000000117
dev_0000000129,2024-07-29,cust_0000000118
dev_0000000130,2025-02-09,cust_0000000119
dev_0000000131,2024-06-19,cust_0000000120
dev_0000000132,2025-09-13,cust_0000000121
dev_0000000133,2025-12-10,cust_0000000122
dev_0000000134,2025-12-10,cust_0000000122
dev_0000000135,2025-06-17,cust_0000000123
dev_0000000136,2025-04-20,cust_0000000124
dev_0000000137,2025-04-20,cust_0000000124
dev_0000000138,2025-08-17,cust_0000000125
dev_0000000139,2024-04-19,cust_0000000126
dev_0000000140,2025-01-22,cust_0000000127
dev_0000000141,2025-11-07,cust_0000000128
dev_0000000142,2024-10-29,cust_0000000129
dev_0000000143,2026-04-02,cust_0000000130
dev_0000000144,2024-04-14,cust_0000000131
dev_0000000145,2024-10-26,cust_0000000132
dev_0000000146,2026-02-18,cust_0000000133
dev_0000000147,2026-02-18,cust_0000000133
dev_0000000148,2024-01-18,cust_0000000134
dev_0000000149,2024-12-02,cust_0000000135
dev_0000000150,2024-02-12,cust_0000000136
dev_0000000151,2024-12-05,cust_0000000137
dev_0000000152,2025-12-08,cust_0000000138
dev_0000000153,2024-12-20,cust_0000000139
dev_0000000154,2024-08-07,cust_0000000140
dev_0000000155,2025-02-28,cust_0000000141
dev_0000000156,2024-04-27,cust_0000000142
dev_0000000157,2026-02-15,cust_0000000143
dev_0000000158,2026-02-15,cust_0000000143
dev_0000000159,2024-02-21,cust_0000000144
dev_0000000160,2024-02-21,cust_0000000144
dev_0000000161,2025-07-16,cust_0000000145
dev_0000000162,2024-10-27,cust_0000000146
dev_0000000163,2025-08-02,cust_0000000147
dev_0000000164,2026-02-16,cust_0000000148
dev_0000000165,2026-02-16,cust_0000000148
dev_0000000166,2025-06-03,cust_0000000149
dev_0000000167,2025-06-03,cust_0000000149
dev_0000000168,2024-01-28,cust_0000000150
dev_0000000169,2025-03-11,cust_0000000151
dev_0000000170,2026-04-28,cust_0000000152
dev_0000000171,2026-04-28,cust_0000000152
dev_0000000172,2026-01-19,cust_0000000153
dev_0000000173,2026-01-16,cust_0000000154
dev_0000000174,2024-09-13,cust_0000000155
dev_0000000175,2024-08-12,cust_0000000156
dev_0000000176,2025-03-30,cust_0000000157
dev_0000000177,2025-02-08,cust_0000000158
dev_0000000178,2026-01-26,cust_0000000159
dev_0000000179,2024-09-14,cust_0000000160
dev_0000000180,2026-01-30,cust_0000000161
dev_0000000181,2024-09-17,cust_0000000162
dev_0000000182,2025-10-05,cust_0000000163
dev_0000000183,2024-05-29,cust_0000000164
dev_0000000184,2024-10-09,cust_0000000165
dev_0000000185,2025-12-17,cust_0000000166
dev_0000000186,2024-06-04,cust_0000000167
dev_0000000187,2025-10-01,cust_0000000168
dev_0000000188,2024-02-15,cust_0000000169
dev_0000000189,2024-05-19,cust_0000000170
dev_0000000190,2026-01-14,cust_0000000171
dev_0000000191,2025-01-11,cust_0000000172
dev_0000000192,2025-12-18,cust_0000000173
dev_0000000193,2026-04-19,cust_0000000174
dev_0000000194,2024-01-01,cust_0000000175
dev_0000000195,2026-03-02,cust_0000000176
dev_0000000196,2024-03-24,cust_0000000177
dev_0000000197,2025-06-14,cust_0000000178
dev_0000000198,2024-01-01,cust_0000000179
dev_0000000199,2025-09-23,cust_0000000180
dev_0000000200,2025-12-27,cust_0000000181
dev_0000000201,2025-05-04,cust_0000000182
dev_0000000202,2024-10-15,cust_0000000183
dev_0000000203,2025-03-27,cust_0000000184
dev_0000000204,2025-03-16,cust_0000000185
dev_0000000205,2024-01-29,cust_0000000186
dev_0000000206,2025-04-25,cust_0000000187
dev_0000000207,2024-01-08,cust_0000000188
dev_0000000208,2025-10-25,cust_0000000189
dev_0000000209,2024-02-22,cust_0000000190
dev_0000000210,2025-03-16,cust_0000000191
dev_0000000211,2025-07-01,cust_0000000192
dev_0000000212,2024-10-16,cust_0000000193
dev_0000000213,2025-09-30,cust_0000000194
dev_0000000214,2025-04-22,cust_0000000195
dev_0000000215,2024-01-17,cust_0000000196
dev_0000000216,2024-03-22,cust_0000000197
dev_0000000217,2024-08-02,cust_0000000198
dev_0000000218,2025-08-02,cust_0000000199
dev_0000000219,2026-03-27,cust_0000000200
dev_0000000220,2024-04-30,cust_0000000201
dev_0000000221,2024-12-27,cust_0000000202
dev_0000000222,2025-08-02,cust_0000000203
dev_0000000223,2025-04-18,cust_0000000204
dev_0000000224,2025-06-13,cust_0000000205
dev_0000000225,2024-09-28,cust_0000000206
dev_0000000226,2024-01-20,cust_0000000207
dev_0000000227,2025-04-28,cust_0000000208
dev_0000000228,2024-08-27,cust_0000000209
dev_0000000229,2025-07-16,cust_0000000210
dev_0000000230,2025-01-31,cust_0000000211
dev_0000000231,2025-01-31,cust_0000000211
dev_0000000232,2025-05-04,cust_0000000212
dev_0000000233,2025-01-04,cust_0000000213
dev_0000000234,2024-10-13,cust_0000000214
dev_0000000235,2025-05-26,cust_0000000215
dev_0000000236,2026-03-28,cust_0000000216
dev_0000000237,2025-12-22,cust_0000000217
dev_0000000238,2024-02-04,cust_0000000218
dev_0000000239,2025-08-21,cust_0000000219
dev_0000000240,2024-08-11,cust_0000000220
dev_0000000241,2025-10-03,cust_0000000221
dev_0000000242,2025-01-04,cust_0000000222
dev_0000000243,2025-01-04,cust_0000000222
dev_0000000244,2024-07-08,cust_0000000223
dev_0000000245,2024-07-08,cust_0000000223
dev_0000000246,2024-07-25,cust_0000000224
dev_0000000247,2024-04-28,cust_0000000225
dev_0000000248,2024-09-10,cust_0000000226
dev_0000000249,2024-03-02,cust_0000000227
dev_0000000250,2025-06-02,cust_0000000228
dev_0000000251,2025-05-21,cust_0000000229
dev_0000000252,2025-05-21,cust_0000000229
dev_0000000253,2025-05-27,cust_0000000230
dev_0000000254,2025-11-17,cust_0000000231
dev_0000000255,2025-11-17,cust_0000000231
dev_0000000256,2024-09-09,cust_0000000232
dev_0000000257,2024-11-28,cust_0000000233
dev_0000000258,2025-12-05,cust_0000000234
dev_0000000259,2023-12-30,cust_0000000235
dev_0000000260,2023-12-28,cust_0000000236
dev_0000000261,2024-08-13,cust_0000000237
dev_0000000262,2025-03-28,cust_0000000238
dev_0000000263,2024-08-03,cust_0000000239
dev_0000000264,2024-01-17,cust_0000000240
dev_0000000265,2023-12-28,cust_0000000241
dev_0000000266,2024-01-09,cust_0000000242
dev_0000000267,2026-01-15,cust_0000000243
dev_0000000268,2024-01-15,cust_0000000244
dev_0000000269,2025-03-24,cust_0000000245
dev_0000000270,2026-02-27,cust_0000000246
dev_0000000271,2025-01-04,cust_0000000247
dev_0000000272,2025-04-11,cust_0000000248
dev_0000000273,2025-06-12,cust_0000000249
dev_0000000274,2024-02-12,cust_0000000250
dev_0000000275,2024-02-12,cust_0000000250
dev_0000000276,2024-06-28,cust_0000000251
dev_0000000277,2025-05-25,cust_0000000252
dev_0000000278,2025-10-10,cust_0000000253
dev_0000000279,2025-10-10,cust_0000000253
dev_0000000280,2025-04-11,cust_0000000254
dev_0000000281,2024-09-20,cust_0000000255
dev_0000000282,2024-09-01,cust_0000000256
dev_0000000283,2025-10-08,cust_0000000257
dev_0000000284,2024-06-23,cust_0000000258
dev_0000000285,2024-12-05,cust_0000000259
dev_0000000286,2024-12-05,cust_0000000259
dev_0000000287,2025-01-09,cust_0000000260
dev_0000000288,2026-02-18,cust_0000000261
dev_0000000289,2025-04-28,cust_0000000262
dev_0000000290,2025-08-18,cust_0000000263
dev_0000000291,2026-01-19,cust_0000000264
dev_0000000292,2025-05-26,cust_0000000265
dev_0000000293,2025-07-07,cust_0000000266
dev_0000000294,2026-03-05,cust_0000000267
dev_0000000295,2025-08-13,cust_0000000268
dev_0000000296,2025-07-08,cust_0000000269
dev_0000000297,2024-01-16,cust_0000000270
dev_0000000298,2025-08-28,cust_0000000271
dev_0000000299,2024-12-31,cust_0000000272
dev_0000000300,2025-01-27,cust_0000000273
dev_0000000301,2024-11-09,cust_0000000274
dev_0000000302,2025-10-05,cust_0000000275
dev_0000000303,2025-07-05,cust_0000000276
dev_0000000304,2024-12-30,cust_0000000277
dev_0000000305,2024-10-27,cust_0000000278
dev_0000000306,2023-12-19,cust_0000000279
dev_0000000307,2024-09-25,cust_0000000280
dev_0000000308,2025-11-22,cust_0000000281
dev_0000000309,2025-11-22,cust_0000000281
dev_0000000310,2025-04-26,cust_0000000282
dev_0000000311,2025-04-26,cust_0000000282
dev_0000000312,2025-02-10,cust_0000000283
dev_0000000313,2024-02-06,cust_0000000284
dev_0000000314,2026-03-28,cust_0000000285
dev_0000000315,2023-12-28,cust_0000000286
dev_0000000316,2025-08-04,cust_0000000287
dev_0000000317,2025-08-04,cust_0000000287
dev_0000000318,2024-10-27,cust_0000000288
dev_0000000319,2024-09-02,cust_0000000289
dev_0000000320,2025-03-02,cust_0000000290
dev_0000000321,2026-05-01,cust_0000000291
dev_0000000322,2025-12-12,cust_0000000292
dev_0000000323,2025-03-03,cust_0000000293
dev_0000000324,2025-01-08,cust_0000000294
dev_0000000325,2025-09-18,cust_0000000295
dev_0000000326,2025-09-18,cust_0000000295
dev_0000000327,2024-02-27,cust_0000000296
dev_0000000328,2024-02-27,cust_0000000296
dev_0000000329,2025-10-16,cust_0000000297
dev_0000000330,2025-03-09,cust_0000000298
dev_0000000331,2024-08-21,cust_0000000299
dev_0000000332,2025-07-29,cust_0000000300
dev_0000000333,2026-04-24,cust_0000000301
dev_0000000334,2025-12-20,cust_0000000302
dev_0000000335,2025-10-04,cust_0000000303
dev_0000000336,2024-09-11,cust_0000000304
dev_0000000337,2024-04-20,cust_0000000305
dev_0000000338,2024-03-13,cust_0000000306
dev_0000000339,2025-09-23,cust_0000000307
dev_0000000340,2024-01-11,cust_0000000308
dev_0000000341,2025-06-22,cust_0000000309
dev_0000000342,2025-01-11,cust_0000000310
dev_0000000343,2025-10-26,cust_0000000311
dev_0000000344,2024-05-16,cust_0000000312
dev_0000000345,2025-07-05,cust_0000000313
dev_0000000346,2024-10-06,cust_0000000314
dev_0000000347,2024-10-06,cust_0000000314
dev_0000000348,2024-07-29,cust_0000000315
dev_0000000349,2025-12-25,cust_0000000316
dev_0000000350,2025-12-28,cust_0000000317
dev_0000000351,2024-06-10,cust_0000000318
dev_0000000352,2026-04-29,cust_0000000319
dev_0000000353,2024-12-16,cust_0000000320
dev_0000000354,2024-03-13,cust_0000000321
dev_0000000355,2024-03-13,cust_0000000321
dev_0000000356,2025-12-10,cust_0000000322
dev_0000000357,2026-03-20,cust_0000000323
dev_0000000358,2025-07-08,cust_0000000324
dev_0000000359,2026-04-17,cust_0000000325
dev_0000000360,2024-04-25,cust_0000000326
dev_0000000361,2024-11-17,cust_0000000327
dev_0000000362,2024-07-18,cust_0000000328
dev_0000000363,2024-12-25,cust_0000000329
dev_0000000364,2024-12-25,cust_0000000329
dev_0000000365,2025-12-23,cust_0000000330
dev_0000000366,2025-12-23,cust_0000000330
dev_0000000367,2026-04-22,cust_0000000331
dev_0000000368,2025-04-25,cust_0000000332
dev_0000000369,2024-03-19,cust_0000000333
dev_0000000370,2025-03-21,cust_0000000334
dev_0000000371,2025-11-28,cust_0000000335
dev_0000000372,2025-11-28,cust_0000000335
dev_0000000373,2023-12-29,cust_0000000336
dev_0000000374,2023-12-29,cust_0000000336
dev_0000000375,2025-03-20,cust_0000000337
dev_0000000376,2024-10-18,cust_0000000338
dev_0000000377,2024-07-26,cust_0000000339
dev_0000000378,2024-01-27,cust_0000000340
dev_0000000379,2024-03-07,cust_0000000341
dev_0000000380,2025-02-19,cust_0000000342
dev_0000000381,2025-02-19,cust_0000000342
dev_0000000382,2024-07-25,cust_0000000343
dev_0000000383,2024-07-25,cust_0000000343
dev_0000000384,2023-12-25,cust_0000000344
dev_0000000385,2024-03-21,cust_0000000345
dev_0000000386,2025-07-04,cust_0000000346
dev_0000000387,2025-05-12,cust_0000000347
dev_0000000388,2025-02-18,cust_0000000348
dev_0000000389,2025-06-08,cust_0000000349
dev_0000000390,2025-07-17,cust_0000000350
dev_0000000391,2025-07-11,cust_0000000351
dev_0000000392,2025-11-11,cust_0000000352
dev_0000000393,2024-03-27,cust_0000000353
dev_0000000394,2024-03-27,cust_0000000353
dev_0000000395,2024-01-05,cust_0000000354
dev_0000000396,2025-03-21,cust_0000000355
dev_0000000397,2026-04-25,cust_0000000356
dev_0000000398,2024-10-12,cust_0000000357
dev_0000000399,2025-10-11,cust_0000000358
dev_0000000400,2024-07-06,cust_0000000359
dev_0000000401,2026-01-31,cust_0000000360
dev_0000000402,2026-01-31,cust_0000000360
dev_0000000403,2024-01-24,cust_0000000361
dev_0000000404,2024-02-04,cust_0000000362
dev_0000000405,2026-02-07,cust_0000000363
dev_0000000406,2025-05-17,cust_0000000364
dev_0000000407,2025-09-24,cust_0000000365
dev_0000000408,2025-06-10,cust_0000000366
dev_0000000409,2025-08-18,cust_0000000367
dev_0000000410,2025-08-18,cust_0000000367
dev_0000000411,2026-01-26,cust_0000000368
dev_0000000412,2025-11-04,cust_0000000369
dev_0000000413,2025-10-12,cust_0000000370
dev_0000000414,2025-09-14,cust_0000000371
dev_0000000415,2024-10-13,cust_0000000372
dev_0000000416,2025-10-01,cust_0000000373
dev_0000000417,2025-10-01,cust_0000000373
dev_0000000418,2024-12-19,cust_0000000374
dev_0000000419,2025-01-26,cust_0000000375
dev_0000000420,2025-08-18,cust_0000000376
dev_0000000421,2024-03-21,cust_0000000377
dev_0000000422,2025-08-30,cust_0000000378
dev_0000000423,2025-01-21,cust_0000000379
dev_0000000424,2025-01-21,cust_0000000379
dev_0000000425,2025-06-24,cust_0000000380
dev_0000000426,2025-03-09,cust_0000000381
dev_0000000427,2025-03-09,cust_0000000381
dev_0000000428,2025-06-12,cust_0000000382
dev_0000000429,2025-09-24,cust_0000000383
dev_0000000430,2025-12-17,cust_0000000384
dev_0000000431,2024-11-19,cust_0000000385
dev_0000000432,2025-01-28,cust_0000000386
dev_0000000433,2025-01-28,cust_0000000386
dev_0000000434,2023-12-24,cust_0000000387
dev_0000000435,2023-12-24,cust_0000000387
dev_0000000436,2025-06-14,cust_0000000388
dev_0000000437,2024-02-22,cust_0000000389
dev_0000000438,2024-02-22,cust_0000000389
dev_0000000439,2024-02-12,cust_0000000390
dev_0000000440,2024-11-07,cust_0000000391
dev_0000000441,2024-05-13,cust_0000000392
dev_0000000442,2025-04-16,cust_0000000393
dev_0000000443,2025-01-07,cust_0000000394
dev_0000000444,2026-03-10,cust_0000000395
dev_0000000445,2025-04-20,cust_0000000396
dev_0000000446,2025-05-26,cust_0000000397
dev_0000000447,2025-05-07,cust_0000000398
dev_0000000448,2024-10-05,cust_0000000399
dev_0000000449,2024-11-14,cust_0000000400
dev_0000000450,2025-11-29,cust_0000000401
dev_0000000451,2024-12-11,cust_0000000402
dev_0000000452,2024-03-17,cust_0000000403
dev_0000000453,2025-12-04,cust_0000000404
dev_0000000454,2025-06-18,cust_0000000405
dev_0000000455,2024-03-15,cust_0000000406
dev_0000000456,2024-03-15,cust_0000000406
dev_0000000457,2025-02-14,cust_0000000407
dev_0000000458,2025-11-19,cust_0000000408
dev_0000000459,2025-05-12,cust_0000000409
dev_0000000460,2024-05-13,cust_0000000410
dev_0000000461,2024-10-09,cust_0000000411
dev_0000000462,2024-03-22,cust_0000000412
dev_0000000463,2024-06-25,cust_0000000413
dev_0000000464,2024-02-28,cust_0000000414
dev_0000000465,2025-09-05,cust_0000000415
dev_0000000466,2025-08-31,cust_0000000416
dev_0000000467,2025-11-07,cust_0000000417
dev_0000000468,2024-07-02,cust_0000000418
dev_0000000469,2025-09-23,cust_0000000419
dev_0000000470,2024-08-16,cust_0000000420
dev_0000000471,2024-09-13,cust_0000000421
dev_0000000472,2024-08-31,cust_0000000422
dev_0000000473,2025-04-11,cust_0000000423
dev_0000000474,2025-07-21,cust_0000000424
dev_0000000475,2025-03-02,cust_0000000425
dev_0000000476,2024-05-29,cust_0000000426
dev_0000000477,2024-02-19,cust_0000000427
dev_0000000478,2026-04-14,cust_0000000428
dev_0000000479,2024-07-08,cust_0000000429
dev_0000000480,2024-09-01,cust_0000000430
dev_0000000481,2025-08-24,cust_0000000431
dev_0000000482,2025-08-24,cust_0000000431
dev_0000000483,2025-06-21,cust_0000000432
dev_0000000484,2024-05-23,cust_0000000433
dev_0000000485,2025-06-18,cust_0000000434
dev_0000000486,2025-06-18,cust_0000000434
dev_0000000487,2024-06-08,cust_0000000435
dev_0000000488,2024-09-01,cust_0000000436
dev_0000000489,2024-09-01,cust_0000000436
dev_0000000490,2025-05-28,cust_0000000437
dev_0000000491,2024-01-31,cust_0000000438
dev_0000000492,2024-11-09,cust_0000000439
dev_0000000493,2024-10-29,cust_0000000440
dev_0000000494,2024-06-14,cust_0000000441
dev_0000000495,2025-10-20,cust_0000000442
dev_0000000496,2024-05-08,cust_0000000443
dev_0000000497,2025-02-16,cust_0000000444
dev_0000000498,2024-09-13,cust_0000000445
dev_0000000499,2026-04-12,cust_0000000446
dev_0000000500,2026-02-09,cust_0000000447
dev_0000000501,2025-07-28,cust_0000000448
dev_0000000502,2025-04-28,cust_0000000449
dev_0000000503,2025-04-28,cust_0000000449
dev_0000000504,2024-07-08,cust_0000000450
dev_0000000505,2024-05-09,cust_0000000451
dev_0000000506,2025-05-24,cust_0000000452
dev_0000000507,2024-06-04,cust_0000000453
dev_0000000508,2025-09-12,cust_0000000454
dev_0000000509,2026-02-08,cust_0000000455
dev_0000000510,2025-08-31,cust_0000000456
dev_0000000511,2026-05-02,cust_0000000457
dev_0000000512,2026-02-06,cust_0000000458
dev_0000000513,2026-02-06,cust_0000000458
dev_0000000514,2024-05-16,cust_0000000459
dev_0000000515,2026-03-07,cust_0000000460
dev_0000000516,2026-03-07,cust_0000000460
dev_0000000517,2025-01-19,cust_0000000461
dev_0000000518,2025-01-19,cust_0000000461
dev_0000000519,2025-04-29,cust_0000000462
dev_0000000520,2025-04-29,cust_0000000462
dev_0000000521,2025-09-21,cust_0000000463
dev_0000000522,2025-01-19,cust_0000000464
dev_0000000523,2025-06-16,cust_0000000465
dev_0000000524,2024-10-15,cust_0000000466
dev_0000000525,2026-02-17,cust_0000000467
dev_0000000526,2026-03-25,cust_0000000468
dev_0000000527,2026-03-25,cust_0000000468
dev_0000000528,2023-12-23,cust_0000000469
dev_0000000529,2025-11-27,cust_0000000470
dev_0000000530,2025-11-27,cust_0000000470
dev_0000000531,2024-04-01,cust_0000000471
dev_0000000532,2025-04-02,cust_0000000472
dev_0000000533,2024-10-09,cust_0000000473
dev_0000000534,2026-04-27,cust_0000000474
dev_0000000535,2024-05-12,cust_0000000475
dev_0000000536,2025-01-26,cust_0000000476
dev_0000000537,2025-01-26,cust_0000000476
dev_0000000538,2025-03-06,cust_0000000477
dev_0000000539,2025-09-20,cust_0000000478
dev_0000000540,2024-12-30,cust_0000000479
dev_0000000541,2026-01-07,cust_0000000480
dev_0000000542,2026-01-07,cust_0000000480
dev_0000000543,2024-12-28,cust_0000000481
dev_0000000544,2025-06-21,cust_0000000482
dev_0000000545,2024-03-15,cust_0000000483
dev_0000000546,2024-05-02,cust_0000000484
dev_0000000547,2024-05-02,cust_0000000484
dev_0000000548,2025-03-14,cust_0000000485
dev_0000000549,2025-07-11,cust_0000000486
dev_0000000550,2025-11-13,cust_0000000487
dev_0000000551,2024-03-17,cust_0000000488
dev_0000000552,2025-04-30,cust_0000000489
dev_0000000553,2024-10-13,cust_0000000490
dev_0000000554,2025-06-23,cust_0000000491
dev_0000000555,2025-07-09,cust_0000000492
dev_0000000556,2025-11-05,cust_0000000493
dev_0000000557,2024-09-01,cust_0000000494
dev_0000000558,2026-01-22,cust_0000000495
dev_0000000559,2026-01-22,cust_0000000495
dev_0000000560,2025-11-10,cust_0000000496
dev_0000000561,2024-05-19,cust_0000000497
dev_0000000562,2025-04-12,cust_0000000498
dev_0000000563,2025-07-25,cust_0000000499
dev_0000000564,2024-02-26,cust_0000000500
dev_0000000565,2024-02-26,cust_0000000500
dev_0000000566,2024-01-02,cust_0000000501
dev_0000000567,2025-08-23,cust_0000000502
dev_0000000568,2025-05-22,cust_0000000503
dev_0000000569,2025-05-22,cust_0000000503
dev_0000000570,2024-10-10,cust_0000000504
dev_0000000571,2026-02-02,cust_0000000505
dev_0000000572,2024-12-16,cust_0000000506
dev_0000000573,2025-04-22,cust_0000000507
dev_0000000574,2025-04-22,cust_0000000507
dev_0000000575,2024-06-04,cust_0000000508
dev_0000000576,2025-07-20,cust_0000000509
dev_0000000577,2025-06-03,cust_0000000510
dev_0000000578,2025-01-05,cust_0000000511
dev_0000000579,2026-03-02,cust_0000000512
dev_0000000580,2025-12-09,cust_0000000513
dev_0000000581,2024-04-11,cust_0000000514
dev_0000000582,2024-07-14,cust_0000000515
dev_0000000583,2024-01-09,cust_0000000516
dev_0000000584,2024-09-28,cust_0000000517
dev_0000000585,2024-04-25,cust_0000000518
dev_0000000586,2024-12-15,cust_0000000519
dev_0000000587,2024-02-08,cust_0000000520
dev_0000000588,2026-04-09,cust_0000000521
dev_0000000589,2025-10-06,cust_0000000522
dev_0000000590,2026-04-28,cust_0000000523
dev_0000000591,2024-03-27,cust_0000000524
dev_0000000592,2024-12-27,cust_0000000525
dev_0000000593,2024-12-27,cust_0000000525
dev_0000000594,2025-04-19,cust_0000000526
dev_0000000595,2025-01-21,cust_0000000527
dev_0000000596,2025-01-21,cust_0000000527
dev_0000000597,2024-06-13,cust_0000000528
dev_0000000598,2024-12-01,cust_0000000529
dev_0000000599,2024-12-01,cust_0000000529
dev_0000000600,2026-01-20,cust_0000000530
dev_0000000601,2025-03-09,cust_0000000531
dev_0000000602,2024-08-06,cust_0000000532
dev_0000000603,2025-06-15,cust_0000000533
dev_0000000604,2024-03-27,cust_0000000534
dev_0000000605,2025-08-28,cust_0000000535
dev_0000000606,2026-03-06,cust_0000000536
dev_0000000607,2025-03-25,cust_0000000537
dev_0000000608,2024-11-03,cust_0000000538
dev_0000000609,2024-11-10,cust_0000000539
dev_0000000610,2024-01-17,cust_0000000540
dev_0000000611,2026-01-01,cust_0000000541
dev_0000000612,2025-11-22,cust_0000000542
dev_0000000613,2025-05-15,cust_0000000543
dev_0000000614,2025-10-01,cust_0000000544
dev_0000000615,2024-04-04,cust_0000000545
dev_0000000616,2026-01-06,cust_0000000546
dev_0000000617,2025-01-22,cust_0000000547
dev_0000000618,2024-10-05,cust_0000000548
dev_0000000619,2025-08-13,cust_0000000549
dev_0000000620,2025-08-05,cust_0000000550
dev_0000000621,2026-01-20,cust_0000000551
dev_0000000622,2024-02-07,cust_0000000552
dev_0000000623,2024-02-26,cust_0000000553
dev_0000000624,2024-06-12,cust_0000000554
dev_0000000625,2024-06-12,cust_0000000554
dev_0000000626,2024-01-11,cust_0000000555
dev_0000000627,2025-02-10,cust_0000000556
dev_0000000628,2025-02-10,cust_0000000556
dev_0000000629,2026-02-09,cust_0000000557
dev_0000000630,2025-01-17,cust_0000000558
dev_0000000631,2024-04-30,cust_0000000559
dev_0000000632,2024-02-20,cust_0000000560
dev_0000000633,2025-01-15,cust_0000000561
dev_0000000634,2025-04-16,cust_0000000562
dev_0000000635,2025-03-31,cust_0000000563
dev_0000000636,2025-11-14,cust_0000000564
dev_0000000637,2025-11-14,cust_0000000564
dev_0000000638,2026-02-24,cust_0000000565
dev_0000000639,2025-11-15,cust_0000000566
dev_0000000640,2026-04-02,cust_0000000567
dev_0000000641,2025-08-30,cust_0000000568
dev_0000000642,2025-02-08,cust_0000000569
dev_0000000643,2025-02-08,cust_0000000569
dev_0000000644,2026-03-28,cust_0000000570
dev_0000000645,2025-12-20,cust_0000000571
dev_0000000646,2025-12-24,cust_0000000572
dev_0000000647,2025-01-20,cust_0000000573
dev_0000000648,2025-02-15,cust_0000000574
dev_0000000649,2024-04-11,cust_0000000575
dev_0000000650,2026-01-25,cust_0000000576
dev_0000000651,2025-04-17,cust_0000000577
dev_0000000652,2025-07-23,cust_0000000578
dev_0000000653,2025-11-24,cust_0000000579
dev_0000000654,2025-12-02,cust_0000000580
dev_0000000655,2025-10-16,cust_0000000581
dev_0000000656,2024-08-18,cust_0000000582
dev_0000000657,2024-08-18,cust_0000000582
dev_0000000658,2026-01-29,cust_0000000583
dev_0000000659,2026-04-05,cust_0000000584
dev_0000000660,2023-12-19,cust_0000000585
dev_0000000661,2024-02-21,cust_0000000586
dev_0000000662,2024-12-03,cust_0000000587
dev_0000000663,2024-12-03,cust_0000000587
dev_0000000664,2024-11-17,cust_0000000588
dev_0000000665,2025-03-20,cust_0000000589
dev_0000000666,2024-08-17,cust_0000000590
dev_0000000667,2024-10-16,cust_0000000591
dev_0000000668,2025-04-01,cust_0000000592
dev_0000000669,2024-10-30,cust_0000000593
dev_0000000670,2024-06-25,cust_0000000594
dev_0000000671,2025-06-14,cust_0000000595
dev_0000000672,2025-06-15,cust_0000000596
dev_0000000673,2025-06-15,cust_0000000596
dev_0000000674,2025-03-29,cust_0000000597
dev_0000000675,2025-07-02,cust_0000000598
dev_0000000676,2024-11-03,cust_0000000599
dev_0000000677,2024-11-03,cust_0000000599
dev_0000000678,2024-08-03,cust_0000000600
dev_0000000679,2024-01-22,cust_0000000601
dev_0000000680,2025-05-24,cust_0000000602
dev_0000000681,2025-05-24,cust_0000000602
dev_0000000682,2024-03-25,cust_0000000603
dev_0000000683,2024-05-05,cust_0000000604
dev_0000000684,2025-03-12,cust_0000000605
dev_0000000685,2025-09-28,cust_0000000606
dev_0000000686,2025-01-09,cust_0000000607
dev_0000000687,2025-04-30,cust_0000000608
dev_0000000688,2024-07-21,cust_0000000609
dev_0000000689,2025-04-15,cust_0000000610
dev_0000000690,2025-06-23,cust_0000000611
dev_0000000691,2025-07-08,cust_0000000612
dev_0000000692,2024-07-17,cust_0000000613
dev_0000000693,2025-06-19,cust_0000000614
dev_0000000694,2025-08-12,cust_0000000615
dev_0000000695,2025-01-18,cust_0000000616
dev_0000000696,2025-02-23,cust_0000000617
dev_0000000697,2024-11-06,cust_0000000618
dev_0000000698,2024-03-19,cust_0000000619
dev_0000000699,2025-06-24,cust_0000000620
dev_0000000700,2026-04-19,cust_0000000621
dev_0000000701,2026-04-19,cust_0000000621
dev_0000000702,2025-03-01,cust_0000000622
dev_0000000703,2025-01-07,cust_0000000623
dev_0000000704,2024-08-20,cust_0000000624
dev_0000000705,2024-04-25,cust_0000000625
dev_0000000706,2026-01-19,cust_0000000626
dev_0000000707,2026-01-19,cust_0000000626
dev_0000000708,2025-05-18,cust_0000000627
dev_0000000709,2024-11-01,cust_0000000628
dev_0000000710,2024-11-01,cust_0000000628
dev_0000000711,2025-01-03,cust_0000000629
dev_0000000712,2025-10-20,cust_0000000630
dev_0000000713,2024-01-28,cust_0000000631
dev_0000000714,2026-04-30,cust_0000000632
dev_0000000715,2025-12-01,cust_0000000633
dev_0000000716,2024-02-21,cust_0000000634
dev_0000000717,2024-09-20,cust_0000000635
dev_0000000718,2024-09-20,cust_0000000635
dev_0000000719,2024-01-18,cust_0000000636
dev_0000000720,2025-09-14,cust_0000000637
dev_0000000721,2025-09-14,cust_0000000637
dev_0000000722,2024-09-01,cust_0000000638
dev_0000000723,2024-06-30,cust_0000000639
dev_0000000724,2024-05-01,cust_0000000640
dev_0000000725,2024-12-22,cust_0000000641
dev_0000000726,2025-11-02,cust_0000000642
dev_0000000727,2024-05-28,cust_0000000643
dev_0000000728,2025-07-12,cust_0000000644
dev_0000000729,2025-07-12,cust_0000000644
dev_0000000730,2025-11-19,cust_0000000645
dev_0000000731,2025-04-19,cust_0000000646
dev_0000000732,2024-10-21,cust_0000000647
dev_0000000733,2025-12-10,cust_0000000648
dev_0000000734,2024-02-19,cust_0000000649
dev_0000000735,2026-02-16,cust_0000000650
dev_0000000736,2025-03-21,cust_0000000651
dev_0000000737,2025-03-21,cust_0000000651
dev_0000000738,2025-05-16,cust_0000000652
dev_0000000739,2024-06-09,cust_0000000653
dev_0000000740,2024-06-09,cust_0000000653
dev_0000000741,2024-10-26,cust_0000000654
dev_0000000742,2025-09-23,cust_0000000655
dev_0000000743,2025-02-10,cust_0000000656
dev_0000000744,2024-04-26,cust_0000000657
dev_0000000745,2026-02-18,cust_0000000658
dev_0000000746,2024-06-20,cust_0000000659
dev_0000000747,2024-11-14,cust_0000000660
dev_0000000748,2025-10-16,cust_0000000661
dev_0000000749,2025-10-16,cust_0000000661
dev_0000000750,2025-01-16,cust_0000000662
dev_0000000751,2024-07-10,cust_0000000663
dev_0000000752,2025-12-15,cust_0000000664
dev_0000000753,2025-04-14,cust_0000000665
dev_0000000754,2023-12-28,cust_0000000666
dev_0000000755,2024-07-20,cust_0000000667
dev_0000000756,2023-12-26,cust_0000000668
dev_0000000757,2025-02-17,cust_0000000669
dev_0000000758,2024-05-09,cust_0000000670
dev_0000000759,2025-09-30,cust_0000000671
dev_0000000760,2025-09-24,cust_0000000672
dev_0000000761,2024-06-10,cust_0000000673
dev_0000000762,2024-05-24,cust_0000000674
dev_0000000763,2024-05-24,cust_0000000674
dev_0000000764,2025-06-30,cust_0000000675
dev_0000000765,2026-03-02,cust_0000000676
dev_0000000766,2025-05-09,cust_0000000677
dev_0000000767,2025-02-07,cust_0000000678
dev_0000000768,2024-01-01,cust_0000000679
dev_0000000769,2025-09-27,cust_0000000680
dev_0000000770,2025-09-27,cust_0000000680
dev_0000000771,2024-11-21,cust_0000000681
dev_0000000772,2024-11-21,cust_0000000681
dev_0000000773,2024-01-29,cust_0000000682
dev_0000000774,2024-08-21,cust_0000000683
dev_0000000775,2025-03-16,cust_0000000684
dev_0000000776,2024-04-10,cust_0000000685
dev_0000000777,2024-04-10,cust_0000000685
dev_0000000778,2025-05-05,cust_0000000686
dev_0000000779,2024-07-19,cust_0000000687
dev_0000000780,2025-10-20,cust_0000000688
dev_0000000781,2025-10-27,cust_0000000689
dev_0000000782,2024-06-06,cust_0000000690
dev_0000000783,2026-04-09,cust_0000000691
dev_0000000784,2026-01-29,cust_0000000692
dev_0000000785,2025-01-25,cust_0000000693
dev_0000000786,2026-03-10,cust_0000000694
dev_0000000787,2024-03-21,cust_0000000695
dev_0000000788,2024-03-21,cust_0000000695
dev_0000000789,2024-01-08,cust_0000000696
dev_0000000790,2024-01-08,cust_0000000697
dev_0000000791,2024-05-14,cust_0000000698
dev_0000000792,2024-05-14,cust_0000000698
dev_0000000793,2025-10-30,cust_0000000699
dev_0000000794,2025-06-06,cust_0000000700
dev_0000000795,2026-02-27,cust_0000000701
dev_0000000796,2024-08-01,cust_0000000702
dev_0000000797,2024-10-31,cust_0000000703
dev_0000000798,2025-04-15,cust_0000000704
dev_0000000799,2025-04-08,cust_0000000705
dev_0000000800,2026-03-04,cust_0000000706
dev_0000000801,2025-09-18,cust_0000000707
dev_0000000802,2024-06-06,cust_0000000708
dev_0000000803,2024-09-13,cust_0000000709
dev_0000000804,2024-03-27,cust_0000000710
dev_0000000805,2025-10-26,cust_0000000711
dev_0000000806,2026-01-25,cust_0000000712
dev_0000000807,2025-08-23,cust_0000000713
dev_0000000808,2025-08-23,cust_0000000713
dev_0000000809,2025-04-10,cust_0000000714
dev_0000000810,2026-01-05,cust_0000000715
dev_0000000811,2026-01-05,cust_0000000715
dev_0000000812,2025-01-01,cust_0000000716
dev_0000000813,2025-04-09,cust_0000000717
dev_0000000814,2023-12-18,cust_0000000718
dev_0000000815,2024-07-25,cust_0000000719
dev_0000000816,2024-01-17,cust_0000000720
dev_0000000817,2024-11-09,cust_0000000721
dev_0000000818,2024-01-19,cust_0000000722
dev_0000000819,2024-07-30,cust_0000000723
dev_0000000820,2024-09-28,cust_0000000724
dev_0000000821,2025-02-27,cust_0000000725
dev_0000000822,2025-02-10,cust_0000000726
dev_0000000823,2025-10-26,cust_0000000727
dev_0000000824,2024-10-17,cust_0000000728
dev_0000000825,2024-08-02,cust_0000000729
dev_0000000826,2024-01-05,cust_0000000730
dev_0000000827,2025-12-08,cust_0000000731
dev_0000000828,2025-05-24,cust_0000000732
dev_0000000829,2024-07-11,cust_0000000733
dev_0000000830,2024-02-01,cust_0000000734
dev_0000000831,2024-04-23,cust_0000000735
dev_0000000832,2024-08-09,cust_0000000736
dev_0000000833,2025-09-16,cust_0000000737
dev_0000000834,2026-04-25,cust_0000000738
dev_0000000835,2024-10-24,cust_0000000739
dev_0000000836,2025-07-26,cust_0000000740
dev_0000000837,2024-05-08,cust_0000000741
dev_0000000838,2025-10-04,cust_0000000742
dev_0000000839,2024-03-05,cust_0000000743
dev_0000000840,2024-03-05,cust_0000000743
dev_0000000841,2026-03-31,cust_0000000744
dev_0000000842,2024-12-31,cust_0000000745
dev_0000000843,2025-05-09,cust_0000000746
dev_0000000844,2025-07-16,cust_0000000747
dev_0000000845,2025-04-23,cust_0000000748
dev_0000000846,2025-04-09,cust_0000000749
dev_0000000847,2023-12-28,cust_0000000750
dev_0000000848,2025-07-31,cust_0000000751
dev_0000000849,2024-03-18,cust_0000000752
dev_0000000850,2026-03-16,cust_0000000753
dev_0000000851,2026-04-13,cust_0000000754
dev_0000000852,2026-04-13,cust_0000000754
dev_0000000853,2024-11-21,cust_0000000755
dev_0000000854,2025-06-04,cust_0000000756
dev_0000000855,2024-03-17,cust_0000000757
dev_0000000856,2024-03-17,cust_0000000757
dev_0000000857,2024-12-02,cust_0000000758
dev_0000000858,2025-12-23,cust_0000000759
dev_0000000859,2025-12-31,cust_0000000760
dev_0000000860,2025-12-31,cust_0000000760
dev_0000000861,2024-01-24,cust_0000000761
dev_0000000862,2024-02-21,cust_0000000762
dev_0000000863,2025-10-19,cust_0000000763
dev_0000000864,2025-03-09,cust_0000000764
dev_0000000865,2025-04-15,cust_0000000765
dev_0000000866,2025-04-15,cust_0000000765
dev_0000000867,2024-10-30,cust_0000000766
dev_0000000868,2024-08-21,cust_0000000767
dev_0000000869,2024-11-08,cust_0000000768
dev_0000000870,2026-03-26,cust_0000000769
dev_0000000871,2025-12-12,cust_0000000770
dev_0000000872,2025-12-12,cust_0000000770
dev_0000000873,2024-05-15,cust_0000000771
dev_0000000874,2024-05-15,cust_0000000771
dev_0000000875,2024-11-19,cust_0000000772
dev_0000000876,2024-02-18,cust_0000000773
dev_0000000877,2024-04-03,cust_0000000774
dev_0000000878,2024-03-05,cust_0000000775
dev_0000000879,2024-06-15,cust_0000000776
dev_0000000880,2024-11-14,cust_0000000777
dev_0000000881,2024-10-24,cust_0000000778
dev_0000000882,2024-07-28,cust_0000000779
dev_0000000883,2025-11-24,cust_0000000780
dev_0000000884,2025-02-13,cust_0000000781
dev_0000000885,2026-01-09,cust_0000000782
dev_0000000886,2025-12-01,cust_0000000783
dev_0000000887,2024-12-02,cust_0000000784
dev_0000000888,2025-10-27,cust_0000000785
dev_0000000889,2025-11-10,cust_0000000786
dev_0000000890,2024-11-10,cust_0000000787
dev_0000000891,2026-02-09,cust_0000000788
dev_0000000892,2026-02-09,cust_0000000788
dev_0000000893,2025-12-22,cust_0000000789
dev_0000000894,2024-04-16,cust_0000000790
dev_0000000895,2025-03-15,cust_0000000791
dev_0000000896,2025-02-12,cust_0000000792
dev_0000000897,2025-02-12,cust_0000000792
dev_0000000898,2025-02-04,cust_0000000793
dev_0000000899,2024-06-05,cust_0000000794
dev_0000000900,2026-01-22,cust_0000000795
dev_0000000901,2026-01-22,cust_0000000795
dev_0000000902,2025-08-29,cust_0000000796
dev_0000000903,2024-09-11,cust_0000000797
dev_0000000904,2025-04-02,cust_0000000798
dev_0000000905,2025-05-07,cust_0000000799
dev_0000000906,2025-04-27,cust_0000000800
dev_0000000907,2025-06-11,cust_0000000801
dev_0000000908,2025-05-08,cust_0000000802
dev_0000000909,2025-03-31,cust_0000000803
dev_0000000910,2025-03-31,cust_0000000803
dev_0000000911,2026-04-27,cust_0000000804
dev_0000000912,2026-04-27,cust_0000000804
dev_0000000913,2024-12-02,cust_0000000805
dev_0000000914,2024-07-13,cust_0000000806
dev_0000000915,2026-02-04,cust_0000000807
dev_0000000916,2025-07-24,cust_0000000808
dev_0000000917,2024-07-07,cust_0000000809
dev_0000000918,2025-02-20,cust_0000000810
dev_0000000919,2023-12-31,cust_0000000811
dev_0000000920,2024-01-18,cust_0000000812
dev_0000000921,2025-07-14,cust_0000000813
dev_0000000922,2026-02-24,cust_0000000814
dev_0000000923,2025-07-25,cust_0000000815
dev_0000000924,2025-08-22,cust_0000000816
dev_0000000925,2024-01-31,cust_0000000817
dev_0000000926,2026-03-24,cust_0000000818
dev_0000000927,2024-02-13,cust_0000000819
dev_0000000928,2024-02-13,cust_0000000819
dev_0000000929,2024-01-06,cust_0000000820
dev_0000000930,2024-04-15,cust_0000000821
dev_0000000931,2025-05-08,cust_0000000822
dev_0000000932,2025-01-26,cust_0000000823
dev_0000000933,2024-08-26,cust_0000000824
dev_0000000934,2025-05-27,cust_0000000825
dev_0000000935,2025-03-26,cust_0000000826
dev_0000000936,2025-09-15,cust_0000000827
dev_0000000937,2025-08-11,cust_0000000828
dev_0000000938,2025-08-11,cust_0000000828
dev_0000000939,2025-06-22,cust_0000000829
dev_0000000940,2025-09-13,cust_0000000830
dev_0000000941,2025-07-08,cust_0000000831
dev_0000000942,2025-01-06,cust_0000000832
dev_0000000943,2024-07-22,cust_0000000833
dev_0000000944,2024-03-05,cust_0000000834
dev_0000000945,2024-08-22,cust_0000000835
dev_0000000946,2025-03-03,cust_0000000836
dev_0000000947,2025-02-05,cust_0000000837
dev_0000000948,2025-04-07,cust_0000000838
dev_0000000949,2025-04-07,cust_0000000838
dev_0000000950,2024-02-15,cust_0000000839
dev_0000000951,2024-02-15,cust_0000000839
dev_0000000952,2024-02-01,cust_0000000840
dev_0000000953,2025-09-06,cust_0000000841
dev_0000000954,2024-02-29,cust_0000000842
dev_0000000955,2025-07-12,cust_0000000843
dev_0000000956,2024-11-23,cust_0000000844
dev_0000000957,2024-07-13,cust_0000000845
dev_0000000958,2024-07-13,cust_0000000845
dev_0000000959,2026-03-24,cust_0000000846
dev_0000000960,2025-08-02,cust_0000000847
dev_0000000961,2024-08-02,cust_0000000848
dev_0000000962,2025-04-20,cust_0000000849
dev_0000000963,2024-07-07,cust_0000000850
dev_0000000964,2026-02-09,cust_0000000851
dev_0000000965,2026-04-01,cust_0000000852
dev_0000000966,2026-04-03,cust_0000000853
dev_0000000967,2024-06-03,cust_0000000854
dev_0000000968,2026-02-06,cust_0000000855
dev_0000000969,2024-04-21,cust_0000000856
dev_0000000970,2025-09-14,cust_0000000857
dev_0000000971,2026-03-21,cust_0000000858
dev_0000000972,2024-03-16,cust_0000000859
dev_0000000973,2024-07-27,cust_0000000860
dev_0000000974,2025-09-21,cust_0000000861
dev_0000000975,2024-07-04,cust_0000000862
dev_0000000976,2025-05-08,cust_0000000863
dev_0000000977,2024-09-27,cust_0000000864
dev_0000000978,2024-01-12,cust_0000000865
dev_0000000979,2024-01-12,cust_0000000865
dev_0000000980,2024-02-16,cust_0000000866
dev_0000000981,2024-02-16,cust_0000000866
dev_0000000982,2024-05-21,cust_0000000867
dev_0000000983,2025-12-09,cust_0000000868
dev_0000000984,2024-12-28,cust_0000000869
dev_0000000985,2025-07-13,cust_0000000870
dev_0000000986,2025-07-13,cust_0000000870
dev_0000000987,2026-03-05,cust_0000000871
dev_0000000988,2026-03-03,cust_0000000872
dev_0000000989,2024-02-07,cust_0000000873
dev_0000000990,2025-09-18,cust_0000000874
dev_0000000991,2024-08-16,cust_0000000875
dev_0000000992,2024-08-16,cust_0000000875
dev_0000000993,2024-08-20,cust_0000000876
dev_0000000994,2024-08-20,cust_0000000876
dev_0000000995,2025-03-09,cust_0000000877
dev_0000000996,2024-03-12,cust_0000000878
dev_0000000997,2024-01-29,cust_0000000879
dev_0000000998,2024-09-15,cust_0000000880
dev_0000000999,2025-11-18,cust_0000000881
dev_0000001000,2025-03-13,cust_0000000882
dev_0000001001,2026-03-30,cust_0000000883
dev_0000001002,2024-12-07,cust_0000000884
dev_0000001003,2024-01-27,cust_0000000885
dev_0000001004,2025-03-04,cust_0000000886
dev_0000001005,2025-06-16,cust_0000000887
dev_0000001006,2024-05-05,cust_0000000888
dev_0000001007,2024-05-05,cust_0000000888
dev_0000001008,2025-09-23,cust_0000000889
dev_0000001009,2024-09-04,cust_0000000890
dev_0000001010,2025-05-30,cust_0000000891
dev_0000001011,2023-12-17,cust_0000000892
dev_0000001012,2024-12-07,cust_0000000893
dev_0000001013,2026-01-16,cust_0000000894
dev_0000001014,2026-01-16,cust_0000000894
dev_0000001015,2026-03-12,cust_0000000895
dev_0000001016,2025-01-19,cust_0000000896
dev_0000001017,2026-02-11,cust_0000000897
dev_0000001018,2024-08-28,cust_0000000898
dev_0000001019,2024-08-11,cust_0000000899
dev_0000001020,2024-02-16,cust_0000000900
dev_0000001021,2024-04-30,cust_0000000901
dev_0000001022,2026-02-05,cust_0000000902
dev_0000001023,2024-04-14,cust_0000000903
dev_0000001024,2024-04-14,cust_0000000903
dev_0000001025,2026-04-15,cust_0000000904
dev_0000001026,2024-08-28,cust_0000000905
dev_0000001027,2025-02-26,cust_0000000906
dev_0000001028,2025-11-10,cust_0000000907
dev_0000001029,2025-12-10,cust_0000000908
dev_0000001030,2025-12-10,cust_0000000908
dev_0000001031,2025-08-08,cust_0000000909
dev_0000001032,2026-02-28,cust_0000000910
dev_0000001033,2026-04-28,cust_0000000911
dev_0000001034,2025-08-03,cust_0000000912
dev_0000001035,2025-03-06,cust_0000000913
dev_0000001036,2024-06-17,cust_0000000914
dev_0000001037,2024-11-28,cust_0000000915
dev_0000001038,2024-05-13,cust_0000000916
dev_0000001039,2025-11-26,cust_0000000917
dev_0000001040,2025-11-26,cust_0000000917
dev_0000001041,2025-09-06,cust_0000000918
dev_0000001042,2025-02-25,cust_0000000919
dev_0000001043,2024-01-24,cust_0000000920
dev_0000001044,2026-02-22,cust_0000000921
dev_0000001045,2025-07-18,cust_0000000922
dev_0000001046,2024-12-19,cust_0000000923
dev_0000001047,2025-12-19,cust_0000000924
dev_0000001048,2026-01-02,cust_0000000925
dev_0000001049,2025-10-31,cust_0000000926
dev_0000001050,2025-10-31,cust_0000000926
dev_0000001051,2024-12-25,cust_0000000927
dev_0000001052,2024-09-03,cust_0000000928
dev_0000001053,2025-08-25,cust_0000000929
dev_0000001054,2023-12-23,cust_0000000930
dev_0000001055,2026-02-14,cust_0000000931
dev_0000001056,2025-01-14,cust_0000000932
dev_0000001057,2025-01-11,cust_0000000933
dev_0000001058,2024-03-22,cust_0000000934
dev_0000001059,2023-12-24,cust_0000000935
dev_0000001060,2024-01-31,cust_0000000936
dev_0000001061,2024-03-22,cust_0000000937
dev_0000001062,2024-07-08,cust_0000000938
dev_0000001063,2024-07-08,cust_0000000938
dev_0000001064,2025-06-18,cust_0000000939
dev_0000001065,2025-04-25,cust_0000000940
dev_0000001066,2025-09-26,cust_0000000941
dev_0000001067,2025-09-26,cust_0000000941
dev_0000001068,2024-05-31,cust_0000000942
dev_0000001069,2024-05-31,cust_0000000942
dev_0000001070,2026-01-06,cust_0000000943
dev_0000001071,2026-01-06,cust_0000000943
dev_0000001072,2026-02-06,cust_0000000944
dev_0000001073,2026-04-25,cust_0000000945
dev_0000001074,2025-11-29,cust_0000000946
dev_0000001075,2025-11-29,cust_0000000946
dev_0000001076,2024-07-21,cust_0000000947
dev_0000001077,2024-07-21,cust_0000000947
dev_0000001078,2025-07-08,cust_0000000948
dev_0000001079,2026-04-23,cust_0000000949
dev_0000001080,2024-01-09,cust_0000000950
dev_0000001081,2026-01-15,cust_0000000951
dev_0000001082,2025-10-22,cust_0000000952
dev_0000001083,2024-03-17,cust_0000000953
dev_0000001084,2025-01-29,cust_0000000954
dev_0000001085,2025-07-20,cust_0000000955
dev_0000001086,2025-07-20,cust_0000000955
dev_0000001087,2024-03-03,cust_0000000956
dev_0000001088,2025-01-20,cust_0000000957
dev_0000001089,2025-05-28,cust_0000000958
dev_0000001090,2026-03-05,cust_0000000959
dev_0000001091,2026-02-06,cust_0000000960
dev_0000001092,2026-02-06,cust_0000000960
dev_0000001093,2026-02-07,cust_0000000961
dev_0000001094,2026-01-30,cust_0000000962
dev_0000001095,2026-01-30,cust_0000000962
dev_0000001096,2024-10-30,cust_0000000963
dev_0000001097,2024-10-30,cust_0000000963
dev_0000001098,2024-03-18,cust_0000000964
dev_0000001099,2025-07-26,cust_0000000965
dev_0000001100,2026-03-12,cust_0000000966
dev_0000001101,2025-04-17,cust_0000000967
dev_0000001102,2025-02-23,cust_0000000968
dev_0000001103,2025-01-18,cust_0000000969
dev_0000001104,2026-03-13,cust_0000000970
dev_0000001105,2024-12-11,cust_0000000971
dev_0000001106,2024-11-08,cust_0000000972
dev_0000001107,2024-11-08,cust_0000000972
dev_0000001108,2024-06-14,cust_0000000973
dev_0000001109,2026-01-31,cust_0000000974
dev_0000001110,2024-04-03,cust_0000000975
dev_0000001111,2025-05-21,cust_0000000976
dev_0000001112,2025-05-21,cust_0000000976
dev_0000001113,2024-08-02,cust_0000000977
dev_0000001114,2024-01-18,cust_0000000978
dev_0000001115,2025-04-09,cust_0000000979
dev_0000001116,2025-06-15,cust_0000000980
dev_0000001117,2026-03-20,cust_0000000981
dev_0000001118,2025-12-14,cust_0000000982
dev_0000001119,2025-02-17,cust_0000000983
dev_0000001120,2025-10-18,cust_0000000984
dev_0000001121,2025-06-03,cust_0000000985
dev_0000001122,2024-12-20,cust_0000000986
dev_0000001123,2024-01-19,cust_0000000987
dev_0000001124,2024-01-19,cust_0000000987
dev_0000001125,2024-01-13,cust_0000000988
dev_0000001126,2024-01-13,cust_0000000988
dev_0000001127,2025-02-02,cust_0000000989
dev_0000001128,2024-07-22,cust_0000000990
dev_0000001129,2026-04-03,cust_0000000991
dev_0000001130,2025-02-24,cust_0000000992
dev_0000001131,2025-02-24,cust_0000000992
dev_0000001132,2026-03-17,cust_0000000993
dev_0000001133,2026-03-17,cust_0000000993
dev_0000001134,2026-03-15,cust_0000000994
dev_0000001135,2025-03-26,cust_0000000995
dev_0000001136,2025-09-23,cust_0000000996
dev_0000001137,2025-09-23,cust_0000000996
dev_0000001138,2024-05-05,cust_0000000997
dev_0000001139,2024-02-27,cust_0000000998
dev_0000001140,2025-12-12,cust_0000000999
dev_0000001141,2024-06-30,cust_0000001000
dev_0000001142,2025-12-22,cust_0000001001
dev_0000001143,2024-01-29,cust_0000001002
dev_0000001144,2024-11-09,cust_0000001003
dev_0000001145,2025-01-29,cust_0000001004
dev_0000001146,2024-12-09,cust_0000001005
dev_0000001147,2025-07-20,cust_0000001006
dev_0000001148,2025-02-15,cust_0000001007
dev_0000001149,2024-05-10,cust_0000001008
dev_0000001150,2025-06-10,cust_0000001009
dev_0000001151,2024-11-13,cust_0000001010
dev_0000001152,2025-01-15,cust_0000001011
dev_0000001153,2025-01-15,cust_0000001011
dev_0000001154,2024-07-12,cust_0000001012
dev_0000001155,2024-09-07,cust_0000001013
dev_0000001156,2025-09-22,cust_0000001014
dev_0000001157,2025-09-22,cust_0000001014
dev_0000001158,2024-11-11,cust_0000001015
dev_0000001159,2025-09-29,cust_0000001016
dev_0000001160,2025-05-23,cust_0000001017
dev_0000001161,2025-03-30,cust_0000001018
dev_0000001162,2026-04-19,cust_0000001019
dev_0000001163,2025-03-15,cust_0000001020
dev_0000001164,2024-11-09,cust_0000001021
dev_0000001165,2024-02-14,cust_0000001022
dev_0000001166,2026-04-10,cust_0000001023
dev_0000001167,2024-08-12,cust_0000001024
dev_0000001168,2025-04-10,cust_0000001025
dev_0000001169,2025-11-09,cust_0000001026
dev_0000001170,2024-07-04,cust_0000001027
dev_0000001171,2024-04-12,cust_0000001028
dev_0000001172,2024-02-28,cust_0000001029
dev_0000001173,2024-02-08,cust_0000001030
dev_0000001174,2025-05-10,cust_0000001031
dev_0000001175,2024-08-27,cust_0000001032
dev_0000001176,2025-12-28,cust_0000001033
dev_0000001177,2024-06-17,cust_0000001034
dev_0000001178,2024-06-17,cust_0000001034
dev_0000001179,2024-03-22,cust_0000001035
dev_0000001180,2025-08-05,cust_0000001036
dev_0000001181,2025-08-05,cust_0000001036
dev_0000001182,2025-02-26,cust_0000001037
dev_0000001183,2025-01-02,cust_0000001038
dev_0000001184,2024-03-30,cust_0000001039
dev_0000001185,2024-12-10,cust_0000001040
dev_0000001186,2025-04-30,cust_0000001041
dev_0000001187,2026-03-12,cust_0000001042
dev_0000001188,2026-02-20,cust_0000001043
dev_0000001189,2025-01-15,cust_0000001044
dev_0000001190,2025-04-25,cust_0000001045
dev_0000001191,2025-09-28,cust_0000001046
dev_0000001192,2024-08-17,cust_0000001047
dev_0000001193,2025-08-26,cust_0000001048
dev_0000001194,2024-03-26,cust_0000001049
dev_0000001195,2026-04-28,cust_0000001050
dev_0000001196,2023-12-21,cust_0000001051
dev_0000001197,2025-05-25,cust_0000001052
dev_0000001198,2024-02-16,cust_0000001053
dev_0000001199,2025-01-20,cust_0000001054
dev_0000001200,2024-05-01,cust_0000001055
dev_0000001201,2024-12-27,cust_0000001056
dev_0000001202,2024-05-31,cust_0000001057
dev_0000001203,2024-07-28,cust_0000001058
dev_0000001204,2024-11-14,cust_0000001059
dev_0000001205,2025-02-23,cust_0000001060
dev_0000001206,2025-02-21,cust_0000001061
dev_0000001207,2024-09-05,cust_0000001062
dev_0000001208,2024-06-05,cust_0000001063
dev_0000001209,2026-02-16,cust_0000001064
dev_0000001210,2024-07-28,cust_0000001065
dev_0000001211,2025-12-05,cust_0000001066
dev_0000001212,2025-12-05,cust_0000001066
dev_0000001213,2024-01-28,cust_0000001067
dev_0000001214,2025-10-10,cust_0000001068
dev_0000001215,2025-10-10,cust_0000001068
dev_0000001216,2026-04-05,cust_0000001069
dev_0000001217,2024-04-22,cust_0000001070
dev_0000001218,2024-04-22,cust_0000001070
dev_0000001219,2025-05-30,cust_0000001071
dev_0000001220,2026-04-14,cust_0000001072
dev_0000001221,2025-10-14,cust_0000001073
dev_0000001222,2024-06-05,cust_0000001074
dev_0000001223,2025-09-27,cust_0000001075
dev_0000001224,2024-01-17,cust_0000001076
dev_0000001225,2023-12-22,cust_0000001077
dev_0000001226,2025-02-07,cust_0000001078
dev_0000001227,2025-06-27,cust_0000001079
dev_0000001228,2025-09-23,cust_0000001080
dev_0000001229,2026-01-04,cust_0000001081
dev_0000001230,2024-03-12,cust_0000001082
dev_0000001231,2025-01-05,cust_0000001083
dev_0000001232,2024-12-02,cust_0000001084
dev_0000001233,2025-01-27,cust_0000001085
dev_0000001234,2025-01-27,cust_0000001085
dev_0000001235,2023-12-23,cust_0000001086
dev_0000001236,2025-12-01,cust_0000001087
dev_0000001237,2025-03-16,cust_0000001088
dev_0000001238,2025-11-21,cust_0000001089
dev_0000001239,2024-01-31,cust_0000001090
dev_0000001240,2024-05-04,cust_0000001091
dev_0000001241,2025-05-14,cust_0000001092
dev_0000001242,2024-09-02,cust_0000001093
dev_0000001243,2025-04-17,cust_0000001094
dev_0000001244,2026-02-04,cust_0000001095
dev_0000001245,2024-12-04,cust_0000001096
dev_0000001246,2024-09-22,cust_0000001097
dev_0000001247,2025-08-28,cust_0000001098
dev_0000001248,2024-03-21,cust_0000001099
dev_0000001249,2024-11-25,cust_0000001100
dev_0000001250,2024-11-25,cust_0000001100
dev_0000001251,2025-02-09,cust_0000001101
dev_0000001252,2025-03-15,cust_0000001102
dev_0000001253,2024-10-25,cust_0000001103
dev_0000001254,2024-10-25,cust_0000001103
dev_0000001255,2024-07-09,cust_0000001104
dev_0000001256,2025-01-18,cust_0000001105
dev_0000001257,2025-01-19,cust_0000001106
dev_0000001258,2025-01-19,cust_0000001106
dev_0000001259,2024-07-28,cust_0000001107
dev_0000001260,2026-02-20,cust_0000001108
dev_0000001261,2025-06-29,cust_0000001109
dev_0000001262,2025-07-13,cust_0000001110
dev_0000001263,2026-03-10,cust_0000001111
dev_0000001264,2025-09-03,cust_0000001112
dev_0000001265,2024-08-05,cust_0000001113
dev_0000001266,2026-04-13,cust_0000001114
dev_0000001267,2026-03-29,cust_0000001115
dev_0000001268,2025-02-03,cust_0000001116
dev_0000001269,2025-04-19,cust_0000001117
dev_0000001270,2024-09-22,cust_0000001118
dev_0000001271,2024-01-22,cust_0000001119
dev_0000001272,2026-03-14,cust_0000001120
dev_0000001273,2024-05-26,cust_0000001121
dev_0000001274,2024-04-14,cust_0000001122
dev_0000001275,2024-05-14,cust_0000001123
dev_0000001276,2024-01-24,cust_0000001124
dev_0000001277,2025-06-13,cust_0000001125
dev_0000001278,2025-06-05,cust_0000001126
dev_0000001279,2025-10-01,cust_0000001127
dev_0000001280,2025-10-01,cust_0000001127
dev_0000001281,2024-03-23,cust_0000001128
dev_0000001282,2024-07-04,cust_0000001129
dev_0000001283,2025-09-03,cust_0000001130
dev_0000001284,2025-07-27,cust_0000001131
dev_0000001285,2025-03-25,cust_0000001132
dev_0000001286,2024-07-21,cust_0000001133
dev_0000001287,2024-09-14,cust_0000001134
dev_0000001288,2026-02-01,cust_0000001135
dev_0000001289,2024-04-29,cust_0000001136
dev_0000001290,2024-02-13,cust_0000001137
dev_0000001291,2024-03-19,cust_0000001138
dev_0000001292,2025-09-27,cust_0000001139
dev_0000001293,2025-09-27,cust_0000001139
dev_0000001294,2026-01-19,cust_0000001140
dev_0000001295,2025-01-27,cust_0000001141
dev_0000001296,2025-11-14,cust_0000001142
dev_0000001297,2025-07-20,cust_0000001143
dev_0000001298,2025-05-11,cust_0000001144
dev_0000001299,2026-01-28,cust_0000001145
dev_0000001300,2024-03-25,cust_0000001146
dev_0000001301,2024-11-18,cust_0000001147
dev_0000001302,2025-05-27,cust_0000001148
dev_0000001303,2024-11-06,cust_0000001149
dev_0000001304,2025-04-17,cust_0000001150
dev_0000001305,2023-12-17,cust_0000001151
dev_0000001306,2025-08-15,cust_0000001152
dev_0000001307,2024-02-20,cust_0000001153
dev_0000001308,2024-04-04,cust_0000001154
dev_0000001309,2024-09-24,cust_0000001155
dev_0000001310,2024-05-17,cust_0000001156
dev_0000001311,2026-04-03,cust_0000001157
dev_0000001312,2025-01-05,cust_0000001158
dev_0000001313,2024-09-23,cust_0000001159
dev_0000001314,2025-09-22,cust_0000001160
dev_0000001315,2025-06-19,cust_0000001161
dev_0000001316,2024-12-16,cust_0000001162
dev_0000001317,2024-12-16,cust_0000001162
dev_0000001318,2024-03-26,cust_0000001163
dev_0000001319,2024-07-30,cust_0000001164
dev_0000001320,2025-10-02,cust_0000001165
dev_0000001321,2024-05-07,cust_0000001166
dev_0000001322,2025-12-07,cust_0000001167
dev_0000001323,2026-01-13,cust_0000001168
dev_0000001324,2024-01-20,cust_0000001169
dev_0000001325,2026-02-10,cust_0000001170
dev_0000001326,2024-02-28,cust_0000001171
dev_0000001327,2024-09-11,cust_0000001172
dev_0000001328,2025-09-29,cust_0000001173
dev_0000001329,2025-09-29,cust_0000001173
dev_0000001330,2024-10-09,cust_0000001174
dev_0000001331,2024-12-03,cust_0000001175
dev_0000001332,2025-07-12,cust_0000001176
dev_0000001333,2025-07-12,cust_0000001176
dev_0000001334,2024-12-19,cust_0000001177
dev_0000001335,2025-11-10,cust_0000001178
dev_0000001336,2024-02-13,cust_0000001179
dev_0000001337,2025-11-14,cust_0000001180
dev_0000001338,2024-08-17,cust_0000001181
dev_0000001339,2024-05-11,cust_0000001182
dev_0000001340,2024-11-21,cust_0000001183
dev_0000001341,2025-02-24,cust_0000001184
dev_0000001342,2025-12-14,cust_0000001185
dev_0000001343,2024-02-15,cust_0000001186
dev_0000001344,2025-01-10,cust_0000001187
dev_0000001345,2024-05-15,cust_0000001188
dev_0000001346,2024-01-02,cust_0000001189
dev_0000001347,2024-01-02,cust_0000001189
dev_0000001348,2024-10-23,cust_0000001190
dev_0000001349,2024-07-23,cust_0000001191
dev_0000001350,2024-07-23,cust_0000001191
dev_0000001351,2024-10-08,cust_0000001192
dev_0000001352,2026-02-22,cust_0000001193
dev_0000001353,2025-07-30,cust_0000001194
dev_0000001354,2024-09-02,cust_0000001195
dev_0000001355,2024-09-02,cust_0000001195
dev_0000001356,2024-07-02,cust_0000001196
dev_0000001357,2025-07-23,cust_0000001197
dev_0000001358,2024-12-03,cust_0000001198
dev_0000001359,2025-08-02,cust_0000001199
dev_0000001360,2025-08-02,cust_0000001199
dev_0000001361,2024-04-23,cust_0000001200
dev_0000001362,2024-04-23,cust_0000001200
dev_0000001363,2025-06-08,cust_0000001201
dev_0000001364,2025-06-12,cust_0000001202
dev_0000001365,2025-06-12,cust_0000001202
dev_0000001366,2023-12-27,cust_0000001203
dev_0000001367,2024-03-01,cust_0000001204
dev_0000001368,2024-10-27,cust_0000001205
dev_0000001369,2024-09-24,cust_0000001206
dev_0000001370,2024-07-19,cust_0000001207
dev_0000001371,2025-08-02,cust_0000001208
dev_0000001372,2025-09-28,cust_0000001209
dev_0000001373,2024-05-15,cust_0000001210
dev_0000001374,2024-11-14,cust_0000001211
dev_0000001375,2024-04-28,cust_0000001212
dev_0000001376,2024-11-28,cust_0000001213
dev_0000001377,2025-12-10,cust_0000001214
dev_0000001378,2025-12-10,cust_0000001214
dev_0000001379,2025-04-09,cust_0000001215
dev_0000001380,2025-12-29,cust_0000001216
dev_0000001381,2025-12-29,cust_0000001216
dev_0000001382,2026-04-18,cust_0000001217
dev_0000001383,2025-01-18,cust_0000001218
dev_0000001384,2024-03-05,cust_0000001219
dev_0000001385,2024-03-05,cust_0000001219
dev_0000001386,2026-02-15,cust_0000001220
dev_0000001387,2025-10-21,cust_0000001221
dev_0000001388,2025-08-12,cust_0000001222
dev_0000001389,2025-08-12,cust_0000001222
dev_0000001390,2025-07-31,cust_0000001223
dev_0000001391,2024-07-23,cust_0000001224
dev_0000001392,2024-04-01,cust_0000001225
dev_0000001393,2025-05-28,cust_0000001226
dev_0000001394,2026-03-22,cust_0000001227
dev_0000001395,2026-03-22,cust_0000001227
dev_0000001396,2024-11-10,cust_0000001228
dev_0000001397,2024-01-24,cust_0000001229
dev_0000001398,2024-08-26,cust_0000001230
dev_0000001399,2024-09-21,cust_0000001231
dev_0000001400,2025-04-16,cust_0000001232
dev_0000001401,2025-08-13,cust_0000001233
dev_0000001402,2024-12-01,cust_0000001234
dev_0000001403,2024-10-29,cust_0000001235
dev_0000001404,2024-05-27,cust_0000001236
dev_0000001405,2025-12-12,cust_0000001237
dev_0000001406,2024-06-13,cust_0000001238
dev_0000001407,2025-11-16,cust_0000001239
dev_0000001408,2025-11-16,cust_0000001239
dev_0000001409,2024-11-05,cust_0000001240
dev_0000001410,2025-04-26,cust_0000001241
dev_0000001411,2024-09-07,cust_0000001242
dev_0000001412,2024-07-09,cust_0000001243
dev_0000001413,2026-03-02,cust_0000001244
dev_0000001414,2025-08-12,cust_0000001245
dev_0000001415,2026-03-02,cust_0000001246
dev_0000001416,2024-10-23,cust_0000001247
dev_0000001417,2025-12-25,cust_0000001248
dev_0000001418,2025-12-25,cust_0000001248
dev_0000001419,2026-05-02,cust_0000001249
dev_0000001420,2024-05-30,cust_0000001250
dev_0000001421,2024-05-30,cust_0000001250
dev_0000001422,2025-07-18,cust_0000001251
dev_0000001423,2024-06-21,cust_0000001252
dev_0000001424,2023-12-30,cust_0000001253
dev_0000001425,2026-03-16,cust_0000001254
dev_0000001426,2024-09-09,cust_0000001255
dev_0000001427,2025-01-17,cust_0000001256
dev_0000001428,2023-12-26,cust_0000001257
dev_0000001429,2025-01-01,cust_0000001258
dev_0000001430,2026-03-29,cust_0000001259
dev_0000001431,2024-09-02,cust_0000001260
dev_0000001432,2024-02-07,cust_0000001261
dev_0000001433,2024-05-14,cust_0000001262
dev_0000001434,2024-05-14,cust_0000001262
dev_0000001435,2026-02-21,cust_0000001263
dev_0000001436,2025-12-28,cust_0000001264
dev_0000001437,2025-11-14,cust_0000001265
dev_0000001438,2025-11-14,cust_0000001265
dev_0000001439,2025-03-05,cust_0000001266
dev_0000001440,2025-03-05,cust_0000001266
dev_0000001441,2025-05-30,cust_0000001267
dev_0000001442,2025-05-30,cust_0000001267
dev_0000001443,2024-12-27,cust_0000001268
dev_0000001444,2024-07-09,cust_0000001269
dev_0000001445,2024-07-26,cust_0000001270
dev_0000001446,2025-05-05,cust_0000001271
dev_0000001447,2025-10-30,cust_0000001272
dev_0000001448,2025-07-01,cust_0000001273
dev_0000001449,2024-01-05,cust_0000001274
dev_0000001450,2024-07-21,cust_0000001275
dev_0000001451,2024-05-21,cust_0000001276
dev_0000001452,2025-09-06,cust_0000001277
dev_0000001453,2025-08-24,cust_0000001278
dev_0000001454,2024-05-30,cust_0000001279
dev_0000001455,2024-05-30,cust_0000001279
dev_0000001456,2025-08-19,cust_0000001280
dev_0000001457,2025-04-15,cust_0000001281
dev_0000001458,2025-06-18,cust_0000001282
dev_0000001459,2026-01-07,cust_0000001283
dev_0000001460,2025-10-03,cust_0000001284
dev_0000001461,2024-03-12,cust_0000001285
dev_0000001462,2024-06-17,cust_0000001286
dev_0000001463,2025-01-04,cust_0000001287
dev_0000001464,2024-11-16,cust_0000001288
dev_0000001465,2024-01-08,cust_0000001289
dev_0000001466,2024-01-28,cust_0000001290
dev_0000001467,2024-06-02,cust_0000001291
dev_0000001468,2025-09-06,cust_0000001292
dev_0000001469,2026-02-22,cust_0000001293
dev_0000001470,2026-04-20,cust_0000001294
dev_0000001471,2025-10-16,cust_0000001295
dev_0000001472,2025-10-16,cust_0000001295
dev_0000001473,2025-07-07,cust_0000001296
dev_0000001474,2024-01-19,cust_0000001297
dev_0000001475,2024-09-09,cust_0000001298
dev_0000001476,2024-05-19,cust_0000001299
dev_0000001477,2025-12-30,cust_0000001300
dev_0000001478,2024-10-01,cust_0000001301
dev_0000001479,2026-02-02,cust_0000001302
dev_0000001480,2024-10-24,cust_0000001303
dev_0000001481,2026-03-30,cust_0000001304
dev_0000001482,2025-06-30,cust_0000001305
dev_0000001483,2025-01-13,cust_0000001306
dev_0000001484,2024-01-13,cust_0000001307
dev_0000001485,2024-01-13,cust_0000001307
dev_0000001486,2024-04-13,cust_0000001308
dev_0000001487,2024-02-03,cust_0000001309
dev_0000001488,2024-02-03,cust_0000001309
dev_0000001489,2024-04-05,cust_0000001310
dev_0000001490,2026-03-22,cust_0000001311
dev_0000001491,2025-03-18,cust_0000001312
dev_0000001492,2024-02-10,cust_0000001313
dev_0000001493,2024-02-10,cust_0000001313
dev_0000001494,2024-06-18,cust_0000001314
dev_0000001495,2024-06-18,cust_0000001314
dev_0000001496,2026-03-08,cust_0000001315
dev_0000001497,2026-02-07,cust_0000001316
dev_0000001498,2026-04-22,cust_0000001317
dev_0000001499,2025-12-30,cust_0000001318
dev_0000001500,2024-04-26,cust_0000001319
dev_0000001501,2024-03-21,cust_0000001320
dev_0000001502,2024-02-01,cust_0000001321
dev_0000001503,2026-02-22,cust_0000001322
dev_0000001504,2026-02-22,cust_0000001322
dev_0000001505,2025-07-01,cust_0000001323
dev_0000001506,2024-05-31,cust_0000001324
dev_0000001507,2025-07-11,cust_0000001325
dev_0000001508,2025-11-17,cust_0000001326
dev_0000001509,2024-09-25,cust_0000001327
dev_0000001510,2024-03-26,cust_0000001328
dev_0000001511,2026-04-04,cust_0000001329
dev_0000001512,2026-04-04,cust_0000001329
dev_0000001513,2026-04-12,cust_0000001330
dev_0000001514,2025-06-27,cust_0000001331
dev_0000001515,2025-06-27,cust_0000001331
dev_0000001516,2024-12-28,cust_0000001332
dev_0000001517,2025-07-30,cust_0000001333
dev_0000001518,2024-04-11,cust_0000001334
dev_0000001519,2025-07-19,cust_0000001335
dev_0000001520,2025-05-21,cust_0000001336
dev_0000001521,2024-03-17,cust_0000001337
dev_0000001522,2026-04-22,cust_0000001338
dev_0000001523,2025-04-28,cust_0000001339
dev_0000001524,2025-01-30,cust_0000001340
dev_0000001525,2025-08-26,cust_0000001341
dev_0000001526,2025-08-26,cust_0000001341
dev_0000001527,2024-10-01,cust_0000001342
dev_0000001528,2024-09-13,cust_0000001343
dev_0000001529,2025-02-02,cust_0000001344
dev_0000001530,2026-01-02,cust_0000001345
dev_0000001531,2024-10-14,cust_0000001346
dev_0000001532,2024-02-16,cust_0000001347
dev_0000001533,2024-02-16,cust_0000001347
dev_0000001534,2026-02-25,cust_0000001348
dev_0000001535,2026-03-04,cust_0000001349
dev_0000001536,2025-02-23,cust_0000001350
dev_0000001537,2024-05-26,cust_0000001351
dev_0000001538,2024-04-01,cust_0000001352
dev_0000001539,2024-10-06,cust_0000001353
dev_0000001540,2025-01-19,cust_0000001354
dev_0000001541,2025-10-13,cust_0000001355
dev_0000001542,2024-08-18,cust_0000001356
dev_0000001543,2024-04-14,cust_0000001357
dev_0000001544,2026-01-27,cust_0000001358
dev_0000001545,2025-01-28,cust_0000001359
dev_0000001546,2024-09-07,cust_0000001360
dev_0000001547,2024-12-29,cust_0000001361
dev_0000001548,2025-04-08,cust_0000001362
dev_0000001549,2025-04-08,cust_0000001362
dev_0000001550,2024-12-30,cust_0000001363
dev_0000001551,2025-04-14,cust_0000001364
dev_0000001552,2025-04-14,cust_0000001364
dev_0000001553,2025-09-15,cust_0000001365
dev_0000001554,2024-03-26,cust_0000001366
dev_0000001555,2025-07-14,cust_0000001367
dev_0000001556,2025-09-16,cust_0000001368
dev_0000001557,2024-09-08,cust_0000001369
dev_0000001558,2026-04-06,cust_0000001370
dev_0000001559,2024-06-21,cust_0000001371
dev_0000001560,2026-04-06,cust_0000001372
dev_0000001561,2025-04-05,cust_0000001373
dev_0000001562,2025-04-05,cust_0000001373
dev_0000001563,2025-05-31,cust_0000001374
dev_0000001564,2025-05-31,cust_0000001374
dev_0000001565,2024-06-12,cust_0000001375
dev_0000001566,2025-03-08,cust_0000001376
dev_0000001567,2025-04-15,cust_0000001377
dev_0000001568,2025-03-21,cust_0000001378
dev_0000001569,2025-04-21,cust_0000001379
dev_0000001570,2025-12-03,cust_0000001380
dev_0000001571,2025-04-13,cust_0000001381
dev_0000001572,2025-04-13,cust_0000001381
dev_0000001573,2024-03-07,cust_0000001382
dev_0000001574,2024-07-19,cust_0000001383
dev_0000001575,2024-06-13,cust_0000001384
dev_0000001576,2024-04-18,cust_0000001385
dev_0000001577,2024-12-21,cust_0000001386
dev_0000001578,2024-07-12,cust_0000001387
dev_0000001579,2024-03-10,cust_0000001388
dev_0000001580,2026-05-02,cust_0000001389
dev_0000001581,2026-05-02,cust_0000001389
dev_0000001582,2026-04-07,cust_0000001390
dev_0000001583,2024-05-28,cust_0000001391
dev_0000001584,2025-02-05,cust_0000001392
dev_0000001585,2023-12-25,cust_0000001393
dev_0000001586,2024-03-18,cust_0000001394
dev_0000001587,2024-03-18,cust_0000001394
dev_0000001588,2025-12-04,cust_0000001395
dev_0000001589,2025-01-28,cust_0000001396
dev_0000001590,2026-01-27,cust_0000001397
dev_0000001591,2023-12-22,cust_0000001398
dev_0000001592,2025-12-20,cust_0000001399
dev_0000001593,2025-03-07,cust_0000001400
dev_0000001594,2025-03-17,cust_0000001401
dev_0000001595,2025-08-16,cust_0000001402
dev_0000001596,2024-12-03,cust_0000001403
dev_0000001597,2025-07-09,cust_0000001404
dev_0000001598,2024-03-23,cust_0000001405
dev_0000001599,2024-10-11,cust_0000001406
dev_0000001600,2023-12-17,cust_0000001407
dev_0000001601,2025-03-29,cust_0000001408
dev_0000001602,2025-07-07,cust_0000001409
dev_0000001603,2026-03-29,cust_0000001410
dev_0000001604,2024-02-17,cust_0000001411
dev_0000001605,2025-02-02,cust_0000001412
dev_0000001606,2025-02-02,cust_0000001412
dev_0000001607,2024-03-07,cust_0000001413
dev_0000001608,2025-07-27,cust_0000001414
dev_0000001609,2025-03-08,cust_0000001415
dev_0000001610,2025-11-27,cust_0000001416
dev_0000001611,2025-08-08,cust_0000001417
dev_0000001612,2024-11-28,cust_0000001418
dev_0000001613,2025-09-21,cust_0000001419
dev_0000001614,2025-09-21,cust_0000001419
dev_0000001615,2026-03-24,cust_0000001420
dev_0000001616,2025-05-18,cust_0000001421
dev_0000001617,2024-03-11,cust_0000001422
dev_0000001618,2025-03-07,cust_0000001423
dev_0000001619,2025-04-10,cust_0000001424
dev_0000001620,2024-05-31,cust_0000001425
dev_0000001621,2025-03-15,cust_0000001426
dev_0000001622,2025-04-16,cust_0000001427
dev_0000001623,2026-04-29,cust_0000001428
dev_0000001624,2026-04-29,cust_0000001428
dev_0000001625,2024-02-09,cust_0000001429
dev_0000001626,2025-09-30,cust_0000001430
dev_0000001627,2025-10-18,cust_0000001431
dev_0000001628,2025-02-06,cust_0000001432
dev_0000001629,2024-11-24,cust_0000001433
dev_0000001630,2025-06-30,cust_0000001434
dev_0000001631,2024-01-15,cust_0000001435
dev_0000001632,2024-08-07,cust_0000001436
dev_0000001633,2024-08-07,cust_0000001436
dev_0000001634,2024-09-28,cust_0000001437
dev_0000001635,2025-11-03,cust_0000001438
dev_0000001636,2025-11-18,cust_0000001439
dev_0000001637,2025-02-07,cust_0000001440
dev_0000001638,2024-12-06,cust_0000001441
dev_0000001639,2026-02-28,cust_0000001442
dev_0000001640,2026-02-28,cust_0000001442
dev_0000001641,2025-01-23,cust_0000001443
dev_0000001642,2025-01-23,cust_0000001443
dev_0000001643,2026-01-24,cust_0000001444
dev_0000001644,2026-03-18,cust_0000001445
dev_0000001645,2025-10-08,cust_0000001446
dev_0000001646,2024-04-15,cust_0000001447
dev_0000001647,2024-03-01,cust_0000001448
dev_0000001648,2025-07-30,cust_0000001449
dev_0000001649,2024-03-20,cust_0000001450
dev_0000001650,2026-03-14,cust_0000001451
dev_0000001651,2025-03-14,cust_0000001452
dev_0000001652,2025-10-05,cust_0000001453
dev_0000001653,2025-07-16,cust_0000001454
dev_0000001654,2024-12-18,cust_0000001455
dev_0000001655,2024-07-28,cust_0000001456
dev_0000001656,2024-06-14,cust_0000001457
dev_0000001657,2024-06-14,cust_0000001457
dev_0000001658,2024-02-18,cust_0000001458
dev_0000001659,2024-02-18,cust_0000001458
dev_0000001660,2026-03-17,cust_0000001459
dev_0000001661,2023-12-23,cust_0000001460
dev_0000001662,2025-11-23,cust_0000001461
dev_0000001663,2025-11-23,cust_0000001461
dev_0000001664,2025-06-14,cust_0000001462
dev_0000001665,2025-06-05,cust_0000001463
dev_0000001666,2024-11-06,cust_0000001464
dev_0000001667,2024-07-17,cust_0000001465
dev_0000001668,2024-12-03,cust_0000001466
dev_0000001669,2025-04-23,cust_0000001467
dev_0000001670,2025-05-01,cust_0000001468
dev_0000001671,2026-03-11,cust_0000001469
dev_0000001672,2025-10-05,cust_0000001470
dev_0000001673,2024-08-02,cust_0000001471
dev_0000001674,2024-08-02,cust_0000001471
dev_0000001675,2024-01-20,cust_0000001472
dev_0000001676,2024-01-20,cust_0000001472
dev_0000001677,2024-04-21,cust_0000001473
dev_0000001678,2024-04-21,cust_0000001473
dev_0000001679,2025-05-10,cust_0000001474
dev_0000001680,2025-03-15,cust_0000001475
dev_0000001681,2024-09-21,cust_0000001476
dev_0000001682,2024-05-19,cust_0000001477
dev_0000001683,2024-05-19,cust_0000001477
dev_0000001684,2024-11-19,cust_0000001478
dev_0000001685,2024-07-13,cust_0000001479
dev_0000001686,2025-04-08,cust_0000001480
dev_0000001687,2025-12-08,cust_0000001481
dev_0000001688,2025-03-15,cust_0000001482
dev_0000001689,2025-04-14,cust_0000001483
dev_0000001690,2026-04-09,cust_0000001484
dev_0000001691,2026-02-13,cust_0000001485
dev_0000001692,2024-04-13,cust_0000001486
dev_0000001693,2025-11-09,cust_0000001487
dev_0000001694,2024-07-12,cust_0000001488
dev_0000001695,2025-03-24,cust_0000001489
dev_0000001696,2025-08-30,cust_0000001490
dev_0000001697,2025-12-10,cust_0000001491
dev_0000001698,2025-05-16,cust_0000001492
dev_0000001699,2026-03-13,cust_0000001493
dev_0000001700,2025-10-21,cust_0000001494
dev_0000001701,2024-10-31,cust_0000001495
dev_0000001702,2025-05-19,cust_0000001496
dev_0000001703,2024-06-12,cust_0000001497
dev_0000001704,2024-11-11,cust_0000001498
dev_0000001705,2024-01-17,cust_0000001499
dev_0000001706,2025-09-01,cust_0000001500
dev_0000001707,2025-01-31,cust_0000001501
dev_0000001708,2025-01-28,cust_0000001502
dev_0000001709,2024-09-02,cust_0000001503
dev_0000001710,2026-04-24,cust_0000001504
dev_0000001711,2024-12-29,cust_0000001505
dev_0000001712,2025-03-01,cust_0000001506
dev_0000001713,2025-09-07,cust_0000001507
dev_0000001714,2026-02-25,cust_0000001508
dev_0000001715,2026-02-25,cust_0000001508
dev_0000001716,2026-04-15,cust_0000001509
dev_0000001717,2026-04-15,cust_0000001509
dev_0000001718,2024-06-16,cust_0000001510
dev_0000001719,2024-06-07,cust_0000001511
dev_0000001720,2024-03-29,cust_0000001512
dev_0000001721,2025-04-23,cust_0000001513
dev_0000001722,2026-02-23,cust_0000001514
dev_0000001723,2024-05-01,cust_0000001515
dev_0000001724,2026-01-29,cust_0000001516
dev_0000001725,2024-08-12,cust_0000001517
dev_0000001726,2026-01-10,cust_0000001518
dev_0000001727,2024-11-05,cust_0000001519
dev_0000001728,2024-06-19,cust_0000001520
dev_0000001729,2025-08-23,cust_0000001521
dev_0000001730,2023-12-27,cust_0000001522
dev_0000001731,2025-08-29,cust_0000001523
dev_0000001732,2025-02-09,cust_0000001524
dev_0000001733,2024-08-03,cust_0000001525
dev_0000001734,2024-08-03,cust_0000001525
dev_0000001735,2026-02-28,cust_0000001526
dev_0000001736,2025-09-03,cust_0000001527
dev_0000001737,2025-04-12,cust_0000001528
dev_0000001738,2024-06-02,cust_0000001529
dev_0000001739,2025-04-20,cust_0000001530
dev_0000001740,2026-04-08,cust_0000001531
dev_0000001741,2025-10-23,cust_0000001532
dev_0000001742,2024-12-28,cust_0000001533
dev_0000001743,2024-09-27,cust_0000001534
dev_0000001744,2025-11-06,cust_0000001535
dev_0000001745,2024-12-12,cust_0000001536
dev_0000001746,2024-12-12,cust_0000001536
dev_0000001747,2026-05-01,cust_0000001537
dev_0000001748,2024-05-23,cust_0000001538
dev_0000001749,2024-02-27,cust_0000001539
dev_0000001750,2025-08-28,cust_0000001540
dev_0000001751,2023-12-26,cust_0000001541
dev_0000001752,2025-05-01,cust_0000001542
dev_0000001753,2025-05-01,cust_0000001542
dev_0000001754,2024-10-02,cust_0000001543
dev_0000001755,2024-05-02,cust_0000001544
dev_0000001756,2025-08-05,cust_0000001545
dev_0000001757,2025-08-05,cust_0000001545
dev_0000001758,2025-01-13,cust_0000001546
dev_0000001759,2024-05-28,cust_0000001547
dev_0000001760,2026-01-31,cust_0000001548
dev_0000001761,2024-05-25,cust_0000001549
dev_0000001762,2024-09-07,cust_0000001550
dev_0000001763,2025-03-16,cust_0000001551
dev_0000001764,2025-01-08,cust_0000001552
dev_0000001765,2025-02-05,cust_0000001553
dev_0000001766,2024-06-29,cust_0000001554
dev_0000001767,2024-04-08,cust_0000001555
dev_0000001768,2026-03-07,cust_0000001556
dev_0000001769,2026-03-07,cust_0000001556
dev_0000001770,2025-01-21,cust_0000001557
dev_0000001771,2026-02-09,cust_0000001558
dev_0000001772,2024-12-09,cust_0000001559
dev_0000001773,2024-11-21,cust_0000001560
dev_0000001774,2024-11-21,cust_0000001560
dev_0000001775,2025-07-08,cust_0000001561
dev_0000001776,2024-06-07,cust_0000001562
dev_0000001777,2025-11-22,cust_0000001563
dev_0000001778,2024-05-09,cust_0000001564
dev_0000001779,2025-11-01,cust_0000001565
dev_0000001780,2024-04-17,cust_0000001566
dev_0000001781,2024-01-19,cust_0000001567
dev_0000001782,2026-01-25,cust_0000001568
dev_0000001783,2023-12-24,cust_0000001569
dev_0000001784,2026-03-13,cust_0000001570
dev_0000001785,2026-01-10,cust_0000001571
dev_0000001786,2024-02-12,cust_0000001572
dev_0000001787,2024-02-12,cust_0000001572
dev_0000001788,2025-02-23,cust_0000001573
dev_0000001789,2026-03-03,cust_0000001574
dev_0000001790,2025-12-27,cust_0000001575
dev_0000001791,2025-12-27,cust_0000001575
dev_0000001792,2024-12-15,cust_0000001576
dev_0000001793,2026-03-16,cust_0000001577
dev_0000001794,2024-01-12,cust_0000001578
dev_0000001795,2025-04-14,cust_0000001579
dev_0000001796,2026-04-25,cust_0000001580
dev_0000001797,2026-04-25,cust_0000001580
dev_0000001798,2025-10-23,cust_0000001581
dev_0000001799,2025-03-19,cust_0000001582
dev_0000001800,2025-04-29,cust_0000001583
dev_0000001801,2026-04-26,cust_0000001584
dev_0000001802,2026-02-09,cust_0000001585
dev_0000001803,2026-01-08,cust_0000001586
dev_0000001804,2025-06-26,cust_0000001587
dev_0000001805,2025-06-26,cust_0000001587
dev_0000001806,2025-08-13,cust_0000001588
dev_0000001807,2025-02-26,cust_0000001589
dev_0000001808,2025-10-04,cust_0000001590
dev_0000001809,2025-12-04,cust_0000001591
dev_0000001810,2025-12-04,cust_0000001591
dev_0000001811,2025-04-28,cust_0000001592
dev_0000001812,2025-09-26,cust_0000001593
dev_0000001813,2025-09-26,cust_0000001593
dev_0000001814,2025-07-24,cust_0000001594
dev_0000001815,2025-11-15,cust_0000001595
dev_0000001816,2024-08-03,cust_0000001596
dev_0000001817,2024-10-12,cust_0000001597
dev_0000001818,2024-10-16,cust_0000001598
dev_0000001819,2024-10-16,cust_0000001598
dev_0000001820,2025-06-28,cust_0000001599
dev_0000001821,2024-05-26,cust_0000001600
dev_0000001822,2025-08-03,cust_0000001601
dev_0000001823,2026-03-27,cust_0000001602
dev_0000001824,2024-07-16,cust_0000001603
dev_0000001825,2024-07-18,cust_0000001604
dev_0000001826,2025-10-04,cust_0000001605
dev_0000001827,2025-10-04,cust_0000001605
dev_0000001828,2025-04-14,cust_0000001606
dev_0000001829,2025-01-11,cust_0000001607
dev_0000001830,2025-07-31,cust_0000001608
dev_0000001831,2024-01-24,cust_0000001609
dev_0000001832,2025-03-06,cust_0000001610
dev_0000001833,2025-03-06,cust_0000001610
dev_0000001834,2025-12-13,cust_0000001611
dev_0000001835,2026-01-04,cust_0000001612
dev_0000001836,2024-09-05,cust_0000001613
dev_0000001837,2024-07-02,cust_0000001614
dev_0000001838,2025-05-02,cust_0000001615
dev_0000001839,2024-05-24,cust_0000001616
dev_0000001840,2024-05-24,cust_0000001616
dev_0000001841,2024-12-19,cust_0000001617
dev_0000001842,2025-12-08,cust_0000001618
dev_0000001843,2024-08-06,cust_0000001619
dev_0000001844,2024-08-06,cust_0000001619
dev_0000001845,2024-03-27,cust_0000001620
dev_0000001846,2024-11-12,cust_0000001621
dev_0000001847,2024-11-12,cust_0000001621
dev_0000001848,2025-03-13,cust_0000001622
dev_0000001849,2025-03-13,cust_0000001622
dev_0000001850,2024-05-05,cust_0000001623
dev_0000001851,2024-05-05,cust_0000001623
dev_0000001852,2025-11-09,cust_0000001624
dev_0000001853,2024-11-08,cust_0000001625
dev_0000001854,2025-04-15,cust_0000001626
dev_0000001855,2025-04-15,cust_0000001626
dev_0000001856,2025-01-01,cust_0000001627
dev_0000001857,2025-01-01,cust_0000001627
dev_0000001858,2024-09-22,cust_0000001628
dev_0000001859,2024-08-07,cust_0000001629
dev_0000001860,2025-08-02,cust_0000001630
dev_0000001861,2025-08-02,cust_0000001630
dev_0000001862,2024-07-01,cust_0000001631
dev_0000001863,2025-07-30,cust_0000001632
dev_0000001864,2024-04-10,cust_0000001633
dev_0000001865,2024-08-30,cust_0000001634
dev_0000001866,2024-03-22,cust_0000001635
dev_0000001867,2024-11-17,cust_0000001636
dev_0000001868,2025-03-12,cust_0000001637
dev_0000001869,2024-10-24,cust_0000001638
dev_0000001870,2025-04-26,cust_0000001639
dev_0000001871,2025-07-07,cust_0000001640
dev_0000001872,2024-04-18,cust_0000001641
dev_0000001873,2024-10-27,cust_0000001642
dev_0000001874,2026-04-03,cust_0000001643
dev_0000001875,2026-04-03,cust_0000001643
dev_0000001876,2025-04-27,cust_0000001644
dev_0000001877,2024-09-09,cust_0000001645
dev_0000001878,2023-12-27,cust_0000001646
dev_0000001879,2025-04-16,cust_0000001647
dev_0000001880,2026-03-17,cust_0000001648
dev_0000001881,2026-03-02,cust_0000001649
dev_0000001882,2024-10-01,cust_0000001650
dev_0000001883,2024-04-14,cust_0000001651
dev_0000001884,2024-04-14,cust_0000001651
dev_0000001885,2026-04-04,cust_0000001652
dev_0000001886,2025-05-16,cust_0000001653
dev_0000001887,2024-03-24,cust_0000001654
dev_0000001888,2024-03-24,cust_0000001654
dev_0000001889,2023-12-18,cust_0000001655
dev_0000001890,2026-01-11,cust_0000001656
dev_0000001891,2023-12-27,cust_0000001657
dev_0000001892,2025-11-24,cust_0000001658
dev_0000001893,2025-11-24,cust_0000001658
dev_0000001894,2024-09-01,cust_0000001659
dev_0000001895,2024-01-10,cust_0000001660
dev_0000001896,2026-01-06,cust_0000001661
dev_0000001897,2025-10-09,cust_0000001662
dev_0000001898,2025-01-07,cust_0000001663
dev_0000001899,2023-12-22,cust_0000001664
dev_0000001900,2024-03-24,cust_0000001665
dev_0000001901,2024-09-16,cust_0000001666
dev_0000001902,2026-01-30,cust_0000001667
dev_0000001903,2024-02-26,cust_0000001668
dev_0000001904,2026-03-10,cust_0000001669
dev_0000001905,2026-03-10,cust_0000001669
dev_0000001906,2024-07-08,cust_0000001670
dev_0000001907,2025-04-07,cust_0000001671
dev_0000001908,2026-02-17,cust_0000001672
dev_0000001909,2026-03-02,cust_0000001673
dev_0000001910,2026-03-02,cust_0000001673
dev_0000001911,2025-03-21,cust_0000001674
dev_0000001912,2025-07-16,cust_0000001675
dev_0000001913,2024-12-26,cust_0000001676
dev_0000001914,2025-11-30,cust_0000001677
dev_0000001915,2024-07-23,cust_0000001678
dev_0000001916,2024-08-03,cust_0000001679
dev_0000001917,2025-01-02,cust_0000001680
dev_0000001918,2025-01-02,cust_0000001680
dev_0000001919,2024-04-07,cust_0000001681
dev_0000001920,2024-04-07,cust_0000001681
dev_0000001921,2024-10-27,cust_0000001682
dev_0000001922,2025-03-14,cust_0000001683
dev_0000001923,2025-05-01,cust_0000001684
dev_0000001924,2026-04-14,cust_0000001685
dev_0000001925,2025-09-06,cust_0000001686
dev_0000001926,2025-11-21,cust_0000001687
dev_0000001927,2025-11-21,cust_0000001687
dev_0000001928,2024-09-21,cust_0000001688
dev_0000001929,2025-03-24,cust_0000001689
dev_0000001930,2024-12-14,cust_0000001690
dev_0000001931,2025-08-29,cust_0000001691
dev_0000001932,2024-08-26,cust_0000001692
dev_0000001933,2024-05-23,cust_0000001693
dev_0000001934,2025-02-15,cust_0000001694
dev_0000001935,2025-02-15,cust_0000001694
dev_0000001936,2024-05-30,cust_0000001695
dev_0000001937,2024-03-31,cust_0000001696
dev_0000001938,2024-04-17,cust_0000001697
dev_0000001939,2024-01-12,cust_0000001698
dev_0000001940,2024-11-13,cust_0000001699
dev_0000001941,2024-02-10,cust_0000001700
dev_0000001942,2025-10-26,cust_0000001701
dev_0000001943,2025-10-26,cust_0000001701
dev_0000001944,2025-11-12,cust_0000001702
dev_0000001945,2026-02-26,cust_0000001703
dev_0000001946,2025-05-10,cust_0000001704
dev_0000001947,2025-05-10,cust_0000001704
dev_0000001948,2024-12-06,cust_0000001705
dev_0000001949,2024-12-06,cust_0000001705
dev_0000001950,2024-05-19,cust_0000001706
dev_0000001951,2023-12-17,cust_0000001707
dev_0000001952,2025-11-07,cust_0000001708
dev_0000001953,2025-07-07,cust_0000001709
dev_0000001954,2025-07-07,cust_0000001709
dev_0000001955,2026-04-10,cust_0000001710
dev_0000001956,2025-09-20,cust_0000001711
dev_0000001957,2025-04-11,cust_0000001712
dev_0000001958,2024-04-20,cust_0000001713
dev_0000001959,2024-03-05,cust_0000001714
dev_0000001960,2026-03-12,cust_0000001715
dev_0000001961,2025-07-26,cust_0000001716
dev_0000001962,2024-05-02,cust_0000001717
dev_0000001963,2024-10-17,cust_0000001718
dev_0000001964,2025-03-16,cust_0000001719
dev_0000001965,2025-03-16,cust_0000001719
dev_0000001966,2025-09-19,cust_0000001720
dev_0000001967,2025-02-12,cust_0000001721
dev_0000001968,2026-04-17,cust_0000001722
dev_0000001969,2025-10-11,cust_0000001723
dev_0000001970,2023-12-21,cust_0000001724
dev_0000001971,2023-12-21,cust_0000001724
dev_0000001972,2025-02-04,cust_0000001725
dev_0000001973,2023-12-15,cust_0000001726
dev_0000001974,2026-03-18,cust_0000001727
dev_0000001975,2024-04-15,cust_0000001728
dev_0000001976,2025-03-06,cust_0000001729
dev_0000001977,2024-07-14,cust_0000001730
dev_0000001978,2024-01-02,cust_0000001731
dev_0000001979,2024-06-22,cust_0000001732
dev_0000001980,2025-04-22,cust_0000001733
dev_0000001981,2025-04-22,cust_0000001733
dev_0000001982,2025-05-14,cust_0000001734
dev_0000001983,2024-12-05,cust_0000001735
dev_0000001984,2024-08-05,cust_0000001736
dev_0000001985,2026-04-10,cust_0000001737
dev_0000001986,2026-04-10,cust_0000001737
dev_0000001987,2025-08-15,cust_0000001738
dev_0000001988,2024-04-30,cust_0000001739
dev_0000001989,2025-02-09,cust_0000001740
dev_0000001990,2024-12-12,cust_0000001741
dev_0000001991,2024-12-12,cust_0000001741
dev_0000001992,2025-09-15,cust_0000001742
dev_0000001993,2025-06-24,cust_0000001743
dev_0000001994,2025-04-13,cust_0000001744
dev_0000001995,2024-06-24,cust_0000001745
dev_0000001996,2025-02-13,cust_0000001746
dev_0000001997,2025-02-13,cust_0000001746
dev_0000001998,2025-03-21,cust_0000001747
dev_0000001999,2025-03-15,cust_0000001748
dev_0000002000,2025-03-15,cust_0000001748
dev_0000002001,2025-12-11,cust_0000001749
dev_0000002002,2024-08-19,cust_0000001750
dev_0000002003,2024-08-19,cust_0000001750
dev_0000002004,2025-09-21,cust_0000001751
dev_0000002005,2025-08-23,cust_0000001752
dev_0000002006,2025-08-23,cust_0000001752
dev_0000002007,2025-08-10,cust_0000001753
dev_0000002008,2025-10-06,cust_0000001754
dev_0000002009,2025-06-07,cust_0000001755
dev_0000002010,2025-12-29,cust_0000001756
dev_0000002011,2025-08-07,cust_0000001757
dev_0000002012,2025-08-07,cust_0000001757
dev_0000002013,2026-02-04,cust_0000001758
dev_0000002014,2024-12-25,cust_0000001759
dev_0000002015,2025-08-06,cust_0000001760
dev_0000002016,2026-03-28,cust_0000001761
dev_0000002017,2026-03-28,cust_0000001761
dev_0000002018,2024-09-22,cust_0000001762
dev_0000002019,2025-03-30,cust_0000001763
dev_0000002020,2025-03-30,cust_0000001763
dev_0000002021,2025-08-28,cust_0000001764
dev_0000002022,2024-04-30,cust_0000001765
dev_0000002023,2024-03-11,cust_0000001766
dev_0000002024,2025-07-16,cust_0000001767
dev_0000002025,2025-08-07,cust_0000001768
dev_0000002026,2025-05-01,cust_0000001769
dev_0000002027,2025-10-31,cust_0000001770
dev_0000002028,2025-10-31,cust_0000001770
dev_0000002029,2025-12-22,cust_0000001771
dev_0000002030,2025-12-22,cust_0000001771
dev_0000002031,2023-12-15,cust_0000001772
dev_0000002032,2024-03-06,cust_0000001773
dev_0000002033,2026-02-25,cust_0000001774
dev_0000002034,2024-10-10,cust_0000001775
dev_0000002035,2024-10-17,cust_0000001776
dev_0000002036,2024-10-17,cust_0000001776
dev_0000002037,2025-03-29,cust_0000001777
dev_0000002038,2024-08-21,cust_0000001778
dev_0000002039,2025-09-01,cust_0000001779
dev_0000002040,2024-07-06,cust_0000001780
dev_0000002041,2025-01-31,cust_0000001781
dev_0000002042,2025-01-31,cust_0000001781
dev_0000002043,2024-07-23,cust_0000001782
dev_0000002044,2025-06-25,cust_0000001783
dev_0000002045,2025-10-24,cust_0000001784
dev_0000002046,2026-04-16,cust_0000001785
dev_0000002047,2024-06-17,cust_0000001786
dev_0000002048,2025-05-22,cust_0000001787
dev_0000002049,2025-06-02,cust_0000001788
dev_0000002050,2024-12-06,cust_0000001789
dev_0000002051,2024-01-06,cust_0000001790
dev_0000002052,2025-08-14,cust_0000001791
dev_0000002053,2024-11-12,cust_0000001792
dev_0000002054,2026-02-18,cust_0000001793
dev_0000002055,2024-02-16,cust_0000001794
dev_0000002056,2025-01-02,cust_0000001795
dev_0000002057,2024-05-02,cust_0000001796
dev_0000002058,2024-07-01,cust_0000001797
dev_0000002059,2024-04-17,cust_0000001798
dev_0000002060,2026-02-13,cust_0000001799
dev_0000002061,2024-08-30,cust_0000001800
dev_0000002062,2026-03-21,cust_0000001801
dev_0000002063,2024-09-15,cust_0000001802
dev_0000002064,2025-09-05,cust_0000001803
dev_0000002065,2026-01-13,cust_0000001804
dev_0000002066,2026-03-02,cust_0000001805
dev_0000002067,2026-03-02,cust_0000001805
dev_0000002068,2025-03-17,cust_0000001806
dev_0000002069,2025-03-17,cust_0000001806
dev_0000002070,2024-07-22,cust_0000001807
dev_0000002071,2024-07-22,cust_0000001807
dev_0000002072,2025-05-22,cust_0000001808
dev_0000002073,2023-12-23,cust_0000001809
dev_0000002074,2024-03-31,cust_0000001810
dev_0000002075,2024-10-05,cust_0000001811
dev_0000002076,2024-10-05,cust_0000001811
dev_0000002077,2024-10-28,cust_0000001812
dev_0000002078,2024-10-28,cust_0000001812
dev_0000002079,2025-08-12,cust_0000001813
dev_0000002080,2024-08-28,cust_0000001814
dev_0000002081,2025-11-18,cust_0000001815
dev_0000002082,2024-05-07,cust_0000001816
dev_0000002083,2024-09-20,cust_0000001817
dev_0000002084,2024-07-24,cust_0000001818
dev_0000002085,2024-07-02,cust_0000001819
dev_0000002086,2026-02-28,cust_0000001820
dev_0000002087,2025-10-10,cust_0000001821
dev_0000002088,2026-04-03,cust_0000001822
dev_0000002089,2026-04-03,cust_0000001822
dev_0000002090,2024-01-03,cust_0000001823
dev_0000002091,2024-02-26,cust_0000001824
dev_0000002092,2024-11-06,cust_0000001825
dev_0000002093,2025-06-17,cust_0000001826
dev_0000002094,2025-07-27,cust_0000001827
dev_0000002095,2025-07-27,cust_0000001827
dev_0000002096,2024-08-16,cust_0000001828
dev_0000002097,2024-04-11,cust_0000001829
dev_0000002098,2024-08-13,cust_0000001830
dev_0000002099,2024-08-13,cust_0000001830
dev_0000002100,2025-08-26,cust_0000001831
dev_0000002101,2025-01-03,cust_0000001832
dev_0000002102,2025-10-27,cust_0000001833
dev_0000002103,2024-02-21,cust_0000001834
dev_0000002104,2024-11-07,cust_0000001835
dev_0000002105,2025-03-14,cust_0000001836
dev_0000002106,2025-09-07,cust_0000001837
dev_0000002107,2025-01-23,cust_0000001838
dev_0000002108,2026-03-17,cust_0000001839
dev_0000002109,2025-12-04,cust_0000001840
dev_0000002110,2025-12-04,cust_0000001840
dev_0000002111,2025-11-09,cust_0000001841
dev_0000002112,2025-04-20,cust_0000001842
dev_0000002113,2023-12-19,cust_0000001843
dev_0000002114,2024-07-18,cust_0000001844
dev_0000002115,2024-04-28,cust_0000001845
dev_0000002116,2024-09-17,cust_0000001846
dev_0000002117,2024-09-17,cust_0000001846
dev_0000002118,2024-04-06,cust_0000001847
dev_0000002119,2023-12-20,cust_0000001848
dev_0000002120,2023-12-20,cust_0000001848
dev_0000002121,2024-09-13,cust_0000001849
dev_0000002122,2024-09-13,cust_0000001849
dev_0000002123,2025-12-11,cust_0000001850
dev_0000002124,2025-05-12,cust_0000001851
dev_0000002125,2025-05-27,cust_0000001852
dev_0000002126,2025-12-16,cust_0000001853
dev_0000002127,2024-04-17,cust_0000001854
dev_0000002128,2025-12-30,cust_0000001855
dev_0000002129,2024-08-29,cust_0000001856
dev_0000002130,2024-07-10,cust_0000001857
dev_0000002131,2025-07-20,cust_0000001858
dev_0000002132,2025-04-03,cust_0000001859
dev_0000002133,2026-04-28,cust_0000001860
dev_0000002134,2026-04-28,cust_0000001860
dev_0000002135,2024-08-08,cust_0000001861
dev_0000002136,2025-06-04,cust_0000001862
dev_0000002137,2025-03-12,cust_0000001863
dev_0000002138,2025-03-13,cust_0000001864
dev_0000002139,2025-07-09,cust_0000001865
dev_0000002140,2024-05-25,cust_0000001866
dev_0000002141,2025-12-08,cust_0000001867
dev_0000002142,2025-04-18,cust_0000001868
dev_0000002143,2025-04-18,cust_0000001868
dev_0000002144,2025-11-15,cust_0000001869
dev_0000002145,2026-03-13,cust_0000001870
dev_0000002146,2025-04-09,cust_0000001871
dev_0000002147,2025-04-09,cust_0000001871
dev_0000002148,2024-01-13,cust_0000001872
dev_0000002149,2025-07-14,cust_0000001873
dev_0000002150,2026-03-12,cust_0000001874
dev_0000002151,2025-07-31,cust_0000001875
dev_0000002152,2024-10-24,cust_0000001876
dev_0000002153,2024-07-23,cust_0000001877
dev_0000002154,2025-07-04,cust_0000001878
dev_0000002155,2025-11-01,cust_0000001879
dev_0000002156,2025-06-19,cust_0000001880
dev_0000002157,2026-04-01,cust_0000001881
dev_0000002158,2025-05-24,cust_0000001882
dev_0000002159,2025-11-12,cust_0000001883
dev_0000002160,2025-11-14,cust_0000001884
dev_0000002161,2025-01-13,cust_0000001885
dev_0000002162,2025-05-15,cust_0000001886
dev_0000002163,2025-02-20,cust_0000001887
dev_0000002164,2025-02-20,cust_0000001887
dev_0000002165,2024-05-11,cust_0000001888
dev_0000002166,2024-05-11,cust_0000001888
dev_0000002167,2025-09-07,cust_0000001889
dev_0000002168,2024-07-30,cust_0000001890
dev_0000002169,2024-10-19,cust_0000001891
dev_0000002170,2026-04-18,cust_0000001892
dev_0000002171,2026-02-26,cust_0000001893
dev_0000002172,2024-07-16,cust_0000001894
dev_0000002173,2025-08-07,cust_0000001895
dev_0000002174,2025-10-23,cust_0000001896
dev_0000002175,2024-04-07,cust_0000001897
dev_0000002176,2025-07-02,cust_0000001898
dev_0000002177,2025-07-02,cust_0000001898
dev_0000002178,2025-03-01,cust_0000001899
dev_0000002179,2024-02-12,cust_0000001900
dev_0000002180,2025-11-26,cust_0000001901
dev_0000002181,2024-09-19,cust_0000001902
dev_0000002182,2025-04-17,cust_0000001903
dev_0000002183,2025-07-31,cust_0000001904
dev_0000002184,2024-08-06,cust_0000001905
dev_0000002185,2025-03-30,cust_0000001906
dev_0000002186,2025-02-06,cust_0000001907
dev_0000002187,2025-05-30,cust_0000001908
dev_0000002188,2025-05-30,cust_0000001908
dev_0000002189,2026-04-19,cust_0000001909
dev_0000002190,2023-12-15,cust_0000001910
dev_0000002191,2023-12-15,cust_0000001910
dev_0000002192,2024-08-19,cust_0000001911
dev_0000002193,2025-06-10,cust_0000001912
dev_0000002194,2025-06-10,cust_0000001912
dev_0000002195,2025-05-18,cust_0000001913
dev_0000002196,2024-04-30,cust_0000001914
dev_0000002197,2024-12-02,cust_0000001915
dev_0000002198,2024-11-20,cust_0000001916
dev_0000002199,2024-05-13,cust_0000001917
dev_0000002200,2024-05-20,cust_0000001918
dev_0000002201,2024-03-29,cust_0000001919
dev_0000002202,2024-09-09,cust_0000001920
dev_0000002203,2024-09-09,cust_0000001920
dev_0000002204,2025-08-13,cust_0000001921
dev_0000002205,2025-04-25,cust_0000001922
dev_0000002206,2025-04-25,cust_0000001922
dev_0000002207,2025-11-08,cust_0000001923
dev_0000002208,2025-07-29,cust_0000001924
dev_0000002209,2024-01-27,cust_0000001925
dev_0000002210,2024-01-27,cust_0000001925
dev_0000002211,2024-11-15,cust_0000001926
dev_0000002212,2025-02-17,cust_0000001927
dev_0000002213,2024-02-08,cust_0000001928
dev_0000002214,2024-02-08,cust_0000001928
dev_0000002215,2026-01-22,cust_0000001929
dev_0000002216,2025-11-05,cust_0000001930
dev_0000002217,2025-04-20,cust_0000001931
dev_0000002218,2025-10-03,cust_0000001932
dev_0000002219,2025-01-05,cust_0000001933
dev_0000002220,2025-07-27,cust_0000001934
dev_0000002221,2025-07-27,cust_0000001934
dev_0000002222,2025-12-23,cust_0000001935
dev_0000002223,2025-12-23,cust_0000001935
dev_0000002224,2025-06-27,cust_0000001936
dev_0000002225,2024-04-27,cust_0000001937
dev_0000002226,2024-04-29,cust_0000001938
dev_0000002227,2025-08-31,cust_0000001939
dev_0000002228,2024-09-19,cust_0000001940
dev_0000002229,2025-10-22,cust_0000001941
dev_0000002230,2024-08-20,cust_0000001942
dev_0000002231,2025-08-25,cust_0000001943
dev_0000002232,2025-12-30,cust_0000001944
dev_0000002233,2024-03-28,cust_0000001945
dev_0000002234,2025-04-01,cust_0000001946
dev_0000002235,2025-03-23,cust_0000001947
dev_0000002236,2024-04-04,cust_0000001948
dev_0000002237,2024-07-20,cust_0000001949
dev_0000002238,2026-02-03,cust_0000001950
dev_0000002239,2025-09-05,cust_0000001951
dev_0000002240,2025-11-18,cust_0000001952
dev_0000002241,2025-03-07,cust_0000001953
dev_0000002242,2025-01-27,cust_0000001954
dev_0000002243,2024-06-16,cust_0000001955
dev_0000002244,2024-10-17,cust_0000001956
dev_0000002245,2024-08-10,cust_0000001957
dev_0000002246,2025-05-21,cust_0000001958
dev_0000002247,2025-05-21,cust_0000001958
dev_0000002248,2024-12-01,cust_0000001959
dev_0000002249,2025-01-05,cust_0000001960
dev_0000002250,2025-01-05,cust_0000001960
dev_0000002251,2024-06-20,cust_0000001961
dev_0000002252,2024-12-14,cust_0000001962
dev_0000002253,2025-10-08,cust_0000001963
dev_0000002254,2025-10-08,cust_0000001963
dev_0000002255,2024-02-06,cust_0000001964
dev_0000002256,2025-10-03,cust_0000001965
dev_0000002257,2025-10-21,cust_0000001966
dev_0000002258,2025-03-05,cust_0000001967
dev_0000002259,2025-07-08,cust_0000001968
dev_0000002260,2025-07-08,cust_0000001968
dev_0000002261,2025-07-30,cust_0000001969
dev_0000002262,2024-12-20,cust_0000001970
dev_0000002263,2025-07-31,cust_0000001971
dev_0000002264,2025-05-11,cust_0000001972
dev_0000002265,2025-11-02,cust_0000001973
dev_0000002266,2026-01-29,cust_0000001974
dev_0000002267,2025-08-05,cust_0000001975
dev_0000002268,2025-11-10,cust_0000001976
dev_0000002269,2025-11-19,cust_0000001977
dev_0000002270,2025-04-03,cust_0000001978
dev_0000002271,2024-08-28,cust_0000001979
dev_0000002272,2025-07-30,cust_0000001980
dev_0000002273,2025-03-19,cust_0000001981
dev_0000002274,2025-07-12,cust_0000001982
dev_0000002275,2025-07-12,cust_0000001982
dev_0000002276,2024-07-04,cust_0000001983
dev_0000002277,2024-10-11,cust_0000001984
dev_0000002278,2024-10-13,cust_0000001985
dev_0000002279,2024-10-13,cust_0000001985
dev_0000002280,2025-11-07,cust_0000001986
dev_0000002281,2025-11-06,cust_0000001987
dev_0000002282,2026-03-08,cust_0000001988
dev_0000002283,2025-03-05,cust_0000001989
dev_0000002284,2024-11-30,cust_0000001990
dev_0000002285,2024-03-29,cust_0000001991
dev_0000002286,2025-07-23,cust_0000001992
dev_0000002287,2025-07-26,cust_0000001993
dev_0000002288,2026-01-27,cust_0000001994
dev_0000002289,2026-03-23,cust_0000001995
dev_0000002290,2025-10-09,cust_0000001996
dev_0000002291,2025-10-09,cust_0000001996
dev_0000002292,2025-11-18,cust_0000001997
dev_0000002293,2026-01-10,cust_0000001998
dev_0000002294,2025-07-31,cust_0000001999
dev_0000002295,2025-12-22,cust_0000002000
dev_0000002296,2025-12-22,cust_0000002000
dev_0000002297,2024-05-10,cust_0000002001
dev_0000002298,2024-05-31,cust_0000002002
dev_0000002299,2025-01-02,cust_0000002003
dev_0000002300,2025-01-10,cust_0000002004
dev_0000002301,2025-01-09,cust_0000002005
dev_0000002302,2025-01-02,cust_0000002006
dev_0000002303,2025-08-13,cust_0000002007
dev_0000002304,2025-08-29,cust_0000002008
dev_0000002305,2025-06-25,cust_0000002009
dev_0000002306,2025-06-08,cust_0000002010
dev_0000002307,2025-04-04,cust_0000002011
dev_0000002308,2024-11-15,cust_0000002012
dev_0000002309,2025-12-23,cust_0000002013
dev_0000002310,2024-04-30,cust_0000002014
dev_0000002311,2025-05-05,cust_0000002015
dev_0000002312,2026-02-21,cust_0000002016
dev_0000002313,2026-02-21,cust_0000002016
dev_0000002314,2025-05-05,cust_0000002017
dev_0000002315,2024-05-21,cust_0000002018
dev_0000002316,2025-07-08,cust_0000002019
dev_0000002317,2026-04-13,cust_0000002020
dev_0000002318,2024-10-20,cust_0000002021
dev_0000002319,2025-10-13,cust_0000002022
dev_0000002320,2025-10-13,cust_0000002022
dev_0000002321,2026-04-13,cust_0000002023
dev_0000002322,2025-10-24,cust_0000002024
dev_0000002323,2025-08-25,cust_0000002025
dev_0000002324,2025-07-03,cust_0000002026
dev_0000002325,2024-07-16,cust_0000002027
dev_0000002326,2024-07-16,cust_0000002027
dev_0000002327,2026-04-11,cust_0000002028
dev_0000002328,2024-07-04,cust_0000002029
dev_0000002329,2024-07-04,cust_0000002029
dev_0000002330,2024-09-04,cust_0000002030
dev_0000002331,2025-04-22,cust_0000002031
dev_0000002332,2024-12-11,cust_0000002032
dev_0000002333,2025-10-28,cust_0000002033
dev_0000002334,2025-11-27,cust_0000002034
dev_0000002335,2025-10-24,cust_0000002035
dev_0000002336,2024-01-07,cust_0000002036
dev_0000002337,2026-03-29,cust_0000002037
dev_0000002338,2024-08-20,cust_0000002038
dev_0000002339,2025-07-29,cust_0000002039
dev_0000002340,2025-07-26,cust_0000002040
dev_0000002341,2025-03-08,cust_0000002041
dev_0000002342,2025-03-08,cust_0000002041
dev_0000002343,2026-03-20,cust_0000002042
dev_0000002344,2025-03-16,cust_0000002043
dev_0000002345,2025-06-28,cust_0000002044
dev_0000002346,2024-12-06,cust_0000002045
dev_0000002347,2024-01-02,cust_0000002046
dev_0000002348,2026-01-13,cust_0000002047
dev_0000002349,2025-08-08,cust_0000002048
dev_0000002350,2024-07-22,cust_0000002049
dev_0000002351,2024-05-03,cust_0000002050
dev_0000002352,2026-03-23,cust_0000002051
dev_0000002353,2025-09-30,cust_0000002052
dev_0000002354,2025-02-18,cust_0000002053
dev_0000002355,2025-01-07,cust_0000002054
dev_0000002356,2024-09-23,cust_0000002055
dev_0000002357,2025-07-20,cust_0000002056
dev_0000002358,2024-03-15,cust_0000002057
dev_0000002359,2025-11-03,cust_0000002058
dev_0000002360,2024-09-22,cust_0000002059
dev_0000002361,2024-09-22,cust_0000002059
dev_0000002362,2024-09-25,cust_0000002060
dev_0000002363,2024-09-25,cust_0000002060
dev_0000002364,2024-07-16,cust_0000002061
dev_0000002365,2024-09-06,cust_0000002062
dev_0000002366,2025-03-29,cust_0000002063
dev_0000002367,2023-12-29,cust_0000002064
dev_0000002368,2026-02-28,cust_0000002065
dev_0000002369,2026-02-28,cust_0000002065
dev_0000002370,2024-04-06,cust_0000002066
dev_0000002371,2024-03-01,cust_0000002067
dev_0000002372,2025-10-03,cust_0000002068
dev_0000002373,2025-08-21,cust_0000002069
dev_0000002374,2025-07-06,cust_0000002070
dev_0000002375,2026-02-02,cust_0000002071
dev_0000002376,2026-02-02,cust_0000002071
dev_0000002377,2024-02-09,cust_0000002072
dev_0000002378,2025-11-16,cust_0000002073
dev_0000002379,2026-04-16,cust_0000002074
dev_0000002380,2026-04-16,cust_0000002074
dev_0000002381,2025-05-15,cust_0000002075
dev_0000002382,2024-08-08,cust_0000002076
dev_0000002383,2025-04-17,cust_0000002077
dev_0000002384,2025-04-17,cust_0000002077
dev_0000002385,2024-01-07,cust_0000002078
dev_0000002386,2025-09-17,cust_0000002079
dev_0000002387,2025-09-17,cust_0000002079
dev_0000002388,2026-03-25,cust_0000002080
dev_0000002389,2026-02-02,cust_0000002081
dev_0000002390,2024-10-10,cust_0000002082
dev_0000002391,2024-10-10,cust_0000002082
dev_0000002392,2024-06-02,cust_0000002083
dev_0000002393,2023-12-17,cust_0000002084
dev_0000002394,2025-04-26,cust_0000002085
dev_0000002395,2025-07-19,cust_0000002086
dev_0000002396,2024-03-23,cust_0000002087
dev_0000002397,2024-08-04,cust_0000002088
dev_0000002398,2024-02-25,cust_0000002089
dev_0000002399,2024-10-08,cust_0000002090
dev_0000002400,2024-04-15,cust_0000002091
dev_0000002401,2024-02-24,cust_0000002092
dev_0000002402,2025-11-29,cust_0000002093
dev_0000002403,2025-07-22,cust_0000002094
dev_0000002404,2025-07-22,cust_0000002094
dev_0000002405,2025-06-07,cust_0000002095
dev_0000002406,2025-11-28,cust_0000002096
dev_0000002407,2025-08-08,cust_0000002097
dev_0000002408,2025-08-08,cust_0000002097
dev_0000002409,2024-10-28,cust_0000002098
dev_0000002410,2024-09-28,cust_0000002099
dev_0000002411,2025-08-30,cust_0000002100
dev_0000002412,2025-09-16,cust_0000002101
dev_0000002413,2026-02-28,cust_0000002102
dev_0000002414,2026-02-28,cust_0000002102
dev_0000002415,2025-07-15,cust_0000002103
dev_0000002416,2025-07-15,cust_0000002103
dev_0000002417,2026-03-31,cust_0000002104
dev_0000002418,2025-11-23,cust_0000002105
dev_0000002419,2023-12-19,cust_0000002106
dev_0000002420,2024-10-24,cust_0000002107
dev_0000002421,2025-01-17,cust_0000002108
dev_0000002422,2025-05-14,cust_0000002109
dev_0000002423,2024-06-10,cust_0000002110
dev_0000002424,2026-03-28,cust_0000002111
dev_0000002425,2026-03-28,cust_0000002111
dev_0000002426,2024-02-20,cust_0000002112
dev_0000002427,2025-04-17,cust_0000002113
dev_0000002428,2025-09-17,cust_0000002114
dev_0000002429,2025-12-14,cust_0000002115
dev_0000002430,2025-07-18,cust_0000002116
dev_0000002431,2024-05-11,cust_0000002117
dev_0000002432,2024-09-03,cust_0000002118
dev_0000002433,2024-12-12,cust_0000002119
dev_0000002434,2024-09-02,cust_0000002120
dev_0000002435,2024-09-30,cust_0000002121
dev_0000002436,2025-05-07,cust_0000002122
dev_0000002437,2025-05-07,cust_0000002122
dev_0000002438,2024-10-13,cust_0000002123
dev_0000002439,2024-11-02,cust_0000002124
dev_0000002440,2025-06-20,cust_0000002125
dev_0000002441,2026-04-05,cust_0000002126
dev_0000002442,2024-03-10,cust_0000002127
dev_0000002443,2025-10-08,cust_0000002128
dev_0000002444,2025-10-08,cust_0000002128
dev_0000002445,2024-05-12,cust_0000002129
dev_0000002446,2025-03-02,cust_0000002130
dev_0000002447,2024-11-29,cust_0000002131
dev_0000002448,2025-08-17,cust_0000002132
dev_0000002449,2025-10-26,cust_0000002133
dev_0000002450,2024-05-30,cust_0000002134
dev_0000002451,2025-11-19,cust_0000002135
dev_0000002452,2025-11-19,cust_0000002135
dev_0000002453,2024-10-04,cust_0000002136
dev_0000002454,2025-04-01,cust_0000002137
dev_0000002455,2025-04-16,cust_0000002138
dev_0000002456,2025-03-25,cust_0000002139
dev_0000002457,2025-08-07,cust_0000002140
dev_0000002458,2025-08-07,cust_0000002140
dev_0000002459,2024-09-11,cust_0000002141
dev_0000002460,2025-09-19,cust_0000002142
dev_0000002461,2025-12-26,cust_0000002143
dev_0000002462,2025-12-26,cust_0000002143
dev_0000002463,2025-02-16,cust_0000002144
dev_0000002464,2025-10-17,cust_0000002145
dev_0000002465,2025-10-17,cust_0000002145
dev_0000002466,2026-01-27,cust_0000002146
dev_0000002467,2025-11-19,cust_0000002147
dev_0000002468,2025-07-16,cust_0000002148
dev_0000002469,2025-12-25,cust_0000002149
dev_0000002470,2023-12-15,cust_0000002150
dev_0000002471,2026-04-27,cust_0000002151
dev_0000002472,2024-02-19,cust_0000002152
dev_0000002473,2024-02-15,cust_0000002153
dev_0000002474,2026-04-23,cust_0000002154
dev_0000002475,2026-04-23,cust_0000002154
dev_0000002476,2025-04-26,cust_0000002155
dev_0000002477,2025-02-16,cust_0000002156
dev_0000002478,2024-02-01,cust_0000002157
dev_0000002479,2025-06-09,cust_0000002158
dev_0000002480,2024-07-29,cust_0000002159
dev_0000002481,2025-10-03,cust_0000002160
dev_0000002482,2025-01-20,cust_0000002161
dev_0000002483,2026-03-29,cust_0000002162
dev_0000002484,2025-12-02,cust_0000002163
dev_0000002485,2025-12-02,cust_0000002163
dev_0000002486,2025-11-30,cust_0000002164
dev_0000002487,2025-11-17,cust_0000002165
dev_0000002488,2024-10-30,cust_0000002166
dev_0000002489,2024-07-28,cust_0000002167
dev_0000002490,2025-12-29,cust_0000002168
dev_0000002491,2025-02-06,cust_0000002169
dev_0000002492,2024-10-18,cust_0000002170
dev_0000002493,2025-11-03,cust_0000002171
dev_0000002494,2024-02-21,cust_0000002172
dev_0000002495,2024-12-20,cust_0000002173
dev_0000002496,2024-12-20,cust_0000002173
dev_0000002497,2025-05-24,cust_0000002174
dev_0000002498,2024-03-25,cust_0000002175
dev_0000002499,2024-05-19,cust_0000002176
dev_0000002500,2024-07-23,cust_0000002177
dev_0000002501,2024-07-23,cust_0000002177
dev_0000002502,2024-03-23,cust_0000002178
dev_0000002503,2024-04-14,cust_0000002179
dev_0000002504,2025-08-05,cust_0000002180
dev_0000002505,2025-09-23,cust_0000002181
dev_0000002506,2025-09-23,cust_0000002181
dev_0000002507,2024-11-16,cust_0000002182
dev_0000002508,2024-04-01,cust_0000002183
dev_0000002509,2025-03-14,cust_0000002184
dev_0000002510,2024-12-04,cust_0000002185
dev_0000002511,2026-02-15,cust_0000002186
dev_0000002512,2026-01-27,cust_0000002187
dev_0000002513,2025-03-09,cust_0000002188
dev_0000002514,2024-12-22,cust_0000002189
dev_0000002515,2025-10-27,cust_0000002190
dev_0000002516,2025-08-30,cust_0000002191
dev_0000002517,2026-01-03,cust_0000002192
dev_0000002518,2024-05-27,cust_0000002193
dev_0000002519,2024-05-27,cust_0000002193
dev_0000002520,2024-05-24,cust_0000002194
dev_0000002521,2024-05-02,cust_0000002195
dev_0000002522,2025-10-24,cust_0000002196
dev_0000002523,2026-05-02,cust_0000002197
dev_0000002524,2026-04-20,cust_0000002198
dev_0000002525,2025-01-08,cust_0000002199
dev_0000002526,2024-08-23,cust_0000002200
dev_0000002527,2025-04-02,cust_0000002201
dev_0000002528,2025-07-19,cust_0000002202
dev_0000002529,2024-10-03,cust_0000002203
dev_0000002530,2024-12-31,cust_0000002204
dev_0000002531,2025-12-24,cust_0000002205
dev_0000002532,2024-11-01,cust_0000002206
dev_0000002533,2024-02-11,cust_0000002207
dev_0000002534,2024-04-06,cust_0000002208
dev_0000002535,2024-03-29,cust_0000002209
dev_0000002536,2024-09-13,cust_0000002210
dev_0000002537,2025-07-23,cust_0000002211
dev_0000002538,2024-11-29,cust_0000002212
dev_0000002539,2024-07-17,cust_0000002213
dev_0000002540,2024-12-01,cust_0000002214
dev_0000002541,2024-12-01,cust_0000002214
dev_0000002542,2024-08-17,cust_0000002215
dev_0000002543,2024-08-17,cust_0000002215
dev_0000002544,2026-03-03,cust_0000002216
dev_0000002545,2024-11-15,cust_0000002217
dev_0000002546,2025-09-04,cust_0000002218
dev_0000002547,2024-12-23,cust_0000002219
dev_0000002548,2026-04-03,cust_0000002220
dev_0000002549,2026-04-03,cust_0000002220
dev_0000002550,2025-03-15,cust_0000002221
dev_0000002551,2025-08-24,cust_0000002222
dev_0000002552,2025-01-11,cust_0000002223
dev_0000002553,2025-03-15,cust_0000002224
dev_0000002554,2024-08-24,cust_0000002225
dev_0000002555,2024-06-19,cust_0000002226
dev_0000002556,2024-11-03,cust_0000002227
dev_0000002557,2026-02-18,cust_0000002228
dev_0000002558,2026-03-04,cust_0000002229
dev_0000002559,2025-01-13,cust_0000002230
dev_0000002560,2026-04-23,cust_0000002231
dev_0000002561,2024-11-11,cust_0000002232
dev_0000002562,2025-08-11,cust_0000002233
dev_0000002563,2025-08-11,cust_0000002233
dev_0000002564,2024-01-07,cust_0000002234
dev_0000002565,2026-01-24,cust_0000002235
dev_0000002566,2026-01-29,cust_0000002236
dev_0000002567,2024-12-29,cust_0000002237
dev_0000002568,2024-12-29,cust_0000002237
dev_0000002569,2024-10-31,cust_0000002238
dev_0000002570,2024-11-07,cust_0000002239
dev_0000002571,2024-05-16,cust_0000002240
dev_0000002572,2025-11-25,cust_0000002241
dev_0000002573,2025-11-25,cust_0000002241
dev_0000002574,2024-08-02,cust_0000002242
dev_0000002575,2025-08-24,cust_0000002243
dev_0000002576,2025-08-24,cust_0000002243
dev_0000002577,2024-06-10,cust_0000002244
dev_0000002578,2024-07-22,cust_0000002245
dev_0000002579,2025-08-22,cust_0000002246
dev_0000002580,2025-11-01,cust_0000002247
dev_0000002581,2024-11-28,cust_0000002248
dev_0000002582,2024-05-08,cust_0000002249
dev_0000002583,2024-09-14,cust_0000002250
dev_0000002584,2025-02-08,cust_0000002251
dev_0000002585,2023-12-25,cust_0000002252
dev_0000002586,2025-06-15,cust_0000002253
dev_0000002587,2025-06-15,cust_0000002253
dev_0000002588,2024-04-11,cust_0000002254
dev_0000002589,2024-04-11,cust_0000002254
dev_0000002590,2025-05-02,cust_0000002255
dev_0000002591,2024-10-21,cust_0000002256
dev_0000002592,2024-03-17,cust_0000002257
dev_0000002593,2025-10-05,cust_0000002258
dev_0000002594,2024-07-19,cust_0000002259
dev_0000002595,2024-07-19,cust_0000002259
dev_0000002596,2024-12-10,cust_0000002260
dev_0000002597,2026-03-17,cust_0000002261
dev_0000002598,2024-05-07,cust_0000002262
dev_0000002599,2025-01-21,cust_0000002263
dev_0000002600,2025-04-09,cust_0000002264
dev_0000002601,2025-04-09,cust_0000002264
dev_0000002602,2024-11-13,cust_0000002265
dev_0000002603,2025-07-28,cust_0000002266
dev_0000002604,2026-02-01,cust_0000002267
dev_0000002605,2025-10-19,cust_0000002268
dev_0000002606,2026-02-04,cust_0000002269
dev_0000002607,2025-08-07,cust_0000002270
dev_0000002608,2025-08-07,cust_0000002270
dev_0000002609,2024-06-05,cust_0000002271
dev_0000002610,2023-12-18,cust_0000002272
dev_0000002611,2025-08-16,cust_0000002273
dev_0000002612,2026-01-04,cust_0000002274
dev_0000002613,2025-12-18,cust_0000002275
dev_0000002614,2024-01-16,cust_0000002276
dev_0000002615,2025-06-05,cust_0000002277
dev_0000002616,2024-04-10,cust_0000002278
dev_0000002617,2024-09-18,cust_0000002279
dev_0000002618,2024-02-09,cust_0000002280
dev_0000002619,2024-01-12,cust_0000002281
dev_0000002620,2025-08-21,cust_0000002282
dev_0000002621,2026-02-17,cust_0000002283
dev_0000002622,2024-07-20,cust_0000002284
dev_0000002623,2026-03-17,cust_0000002285
dev_0000002624,2026-03-17,cust_0000002285
dev_0000002625,2025-07-07,cust_0000002286
dev_0000002626,2025-03-20,cust_0000002287
dev_0000002627,2024-05-05,cust_0000002288
dev_0000002628,2024-07-22,cust_0000002289
dev_0000002629,2024-07-22,cust_0000002289
dev_0000002630,2024-04-30,cust_0000002290
dev_0000002631,2025-10-20,cust_0000002291
dev_0000002632,2025-10-20,cust_0000002291
dev_0000002633,2024-09-29,cust_0000002292
dev_0000002634,2026-02-15,cust_0000002293
dev_0000002635,2025-11-24,cust_0000002294
dev_0000002636,2025-11-24,cust_0000002294
dev_0000002637,2025-10-03,cust_0000002295
dev_0000002638,2024-01-08,cust_0000002296
dev_0000002639,2025-03-26,cust_0000002297
dev_0000002640,2025-07-12,cust_0000002298
dev_0000002641,2025-07-12,cust_0000002298
dev_0000002642,2024-06-30,cust_0000002299
dev_0000002643,2024-11-21,cust_0000002300
dev_0000002644,2025-05-23,cust_0000002301
dev_0000002645,2024-09-14,cust_0000002302
dev_0000002646,2025-02-14,cust_0000002303
dev_0000002647,2024-06-30,cust_0000002304
dev_0000002648,2024-07-15,cust_0000002305
dev_0000002649,2024-10-19,cust_0000002306
dev_0000002650,2025-02-01,cust_0000002307
dev_0000002651,2025-02-01,cust_0000002307
dev_0000002652,2025-05-03,cust_0000002308
dev_0000002653,2025-05-11,cust_0000002309
dev_0000002654,2025-03-11,cust_0000002310
dev_0000002655,2025-06-18,cust_0000002311
dev_0000002656,2024-08-07,cust_0000002312
dev_0000002657,2024-06-13,cust_0000002313
dev_0000002658,2024-05-17,cust_0000002314
dev_0000002659,2025-01-09,cust_0000002315
dev_0000002660,2024-03-22,cust_0000002316
dev_0000002661,2025-11-11,cust_0000002317
dev_0000002662,2025-11-11,cust_0000002317
dev_0000002663,2024-11-16,cust_0000002318
dev_0000002664,2025-03-26,cust_0000002319
dev_0000002665,2024-04-01,cust_0000002320
dev_0000002666,2024-06-18,cust_0000002321
dev_0000002667,2026-02-04,cust_0000002322
dev_0000002668,2026-03-26,cust_0000002323
dev_0000002669,2024-10-04,cust_0000002324
dev_0000002670,2025-09-25,cust_0000002325
dev_0000002671,2025-08-26,cust_0000002326
dev_0000002672,2024-09-24,cust_0000002327
dev_0000002673,2025-03-21,cust_0000002328
dev_0000002674,2025-11-14,cust_0000002329
dev_0000002675,2024-12-17,cust_0000002330
dev_0000002676,2025-12-09,cust_0000002331
dev_0000002677,2025-04-15,cust_0000002332
dev_0000002678,2025-04-15,cust_0000002332
dev_0000002679,2025-08-31,cust_0000002333
dev_0000002680,2025-02-26,cust_0000002334
dev_0000002681,2025-02-28,cust_0000002335
dev_0000002682,2025-03-12,cust_0000002336
dev_0000002683,2026-02-18,cust_0000002337
dev_0000002684,2025-07-27,cust_0000002338
dev_0000002685,2026-04-09,cust_0000002339
dev_0000002686,2026-04-09,cust_0000002339
dev_0000002687,2025-12-30,cust_0000002340
dev_0000002688,2026-03-10,cust_0000002341
dev_0000002689,2024-08-29,cust_0000002342
dev_0000002690,2025-03-24,cust_0000002343
dev_0000002691,2026-01-04,cust_0000002344
dev_0000002692,2026-01-04,cust_0000002344
dev_0000002693,2026-01-06,cust_0000002345
dev_0000002694,2026-01-06,cust_0000002345
dev_0000002695,2025-01-06,cust_0000002346
dev_0000002696,2025-01-06,cust_0000002346
dev_0000002697,2025-09-15,cust_0000002347
dev_0000002698,2024-03-26,cust_0000002348
dev_0000002699,2024-03-26,cust_0000002348
dev_0000002700,2025-08-21,cust_0000002349
dev_0000002701,2025-08-21,cust_0000002349
dev_0000002702,2026-01-02,cust_0000002350
dev_0000002703,2024-12-30,cust_0000002351
dev_0000002704,2024-12-30,cust_0000002351
dev_0000002705,2024-08-06,cust_0000002352
dev_0000002706,2026-03-24,cust_0000002353
dev_0000002707,2024-04-19,cust_0000002354
dev_0000002708,2025-01-07,cust_0000002355
dev_0000002709,2024-10-26,cust_0000002356
dev_0000002710,2024-09-07,cust_0000002357
dev_0000002711,2025-06-10,cust_0000002358
dev_0000002712,2025-09-15,cust_0000002359
dev_0000002713,2025-01-25,cust_0000002360
dev_0000002714,2025-07-05,cust_0000002361
dev_0000002715,2024-05-08,cust_0000002362
dev_0000002716,2024-10-22,cust_0000002363
dev_0000002717,2025-05-01,cust_0000002364
dev_0000002718,2026-04-20,cust_0000002365
dev_0000002719,2025-12-16,cust_0000002366
dev_0000002720,2025-10-05,cust_0000002367
dev_0000002721,2025-07-03,cust_0000002368
dev_0000002722,2025-06-01,cust_0000002369
dev_0000002723,2025-06-01,cust_0000002369
dev_0000002724,2025-03-15,cust_0000002370
dev_0000002725,2025-10-22,cust_0000002371
dev_0000002726,2025-10-22,cust_0000002371
dev_0000002727,2024-05-06,cust_0000002372
dev_0000002728,2025-02-21,cust_0000002373
dev_0000002729,2024-11-16,cust_0000002374
dev_0000002730,2025-06-18,cust_0000002375
dev_0000002731,2025-01-22,cust_0000002376
dev_0000002732,2026-01-28,cust_0000002377
dev_0000002733,2025-03-23,cust_0000002378
dev_0000002734,2025-06-09,cust_0000002379
dev_0000002735,2026-03-08,cust_0000002380
dev_0000002736,2025-04-01,cust_0000002381
dev_0000002737,2025-12-28,cust_0000002382
dev_0000002738,2024-04-19,cust_0000002383
dev_0000002739,2025-05-31,cust_0000002384
dev_0000002740,2026-04-24,cust_0000002385
dev_0000002741,2024-08-16,cust_0000002386
dev_0000002742,2024-08-16,cust_0000002386
dev_0000002743,2024-05-16,cust_0000002387
dev_0000002744,2025-03-25,cust_0000002388
dev_0000002745,2026-01-07,cust_0000002389
dev_0000002746,2026-01-07,cust_0000002389
dev_0000002747,2026-01-31,cust_0000002390
dev_0000002748,2026-01-21,cust_0000002391
dev_0000002749,2025-04-30,cust_0000002392
dev_0000002750,2026-01-14,cust_0000002393
dev_0000002751,2025-06-17,cust_0000002394
dev_0000002752,2025-08-28,cust_0000002395
dev_0000002753,2025-05-16,cust_0000002396
dev_0000002754,2024-06-24,cust_0000002397
dev_0000002755,2024-06-24,cust_0000002397
dev_0000002756,2024-12-20,cust_0000002398
dev_0000002757,2025-02-20,cust_0000002399
dev_0000002758,2026-03-16,cust_0000002400
dev_0000002759,2026-04-08,cust_0000002401
dev_0000002760,2024-10-06,cust_0000002402
dev_0000002761,2024-03-22,cust_0000002403
dev_0000002762,2025-08-30,cust_0000002404
dev_0000002763,2025-08-30,cust_0000002404
dev_0000002764,2025-07-17,cust_0000002405
dev_0000002765,2024-06-11,cust_0000002406
dev_0000002766,2026-01-04,cust_0000002407
dev_0000002767,2025-04-29,cust_0000002408
dev_0000002768,2024-05-27,cust_0000002409
dev_0000002769,2024-10-11,cust_0000002410
dev_0000002770,2024-04-18,cust_0000002411
dev_0000002771,2024-04-18,cust_0000002411
dev_0000002772,2026-01-21,cust_0000002412
dev_0000002773,2026-02-08,cust_0000002413
dev_0000002774,2026-01-28,cust_0000002414
dev_0000002775,2024-08-06,cust_0000002415
dev_0000002776,2026-03-19,cust_0000002416
dev_0000002777,2024-01-07,cust_0000002417
dev_0000002778,2026-04-13,cust_0000002418
dev_0000002779,2025-01-07,cust_0000002419
dev_0000002780,2025-01-07,cust_0000002419
dev_0000002781,2025-09-10,cust_0000002420
dev_0000002782,2024-01-12,cust_0000002421
dev_0000002783,2026-03-26,cust_0000002422
dev_0000002784,2026-02-18,cust_0000002423
dev_0000002785,2025-11-08,cust_0000002424
dev_0000002786,2024-07-08,cust_0000002425
dev_0000002787,2025-01-24,cust_0000002426
dev_0000002788,2026-03-15,cust_0000002427
dev_0000002789,2025-11-30,cust_0000002428
dev_0000002790,2025-07-30,cust_0000002429
dev_0000002791,2026-03-30,cust_0000002430
dev_0000002792,2024-10-22,cust_0000002431
dev_0000002793,2025-09-05,cust_0000002432
dev_0000002794,2024-01-21,cust_0000002433
dev_0000002795,2025-12-12,cust_0000002434
dev_0000002796,2025-12-17,cust_0000002435
dev_0000002797,2025-09-13,cust_0000002436
dev_0000002798,2024-06-29,cust_0000002437
dev_0000002799,2024-05-22,cust_0000002438
dev_0000002800,2024-08-13,cust_0000002439
dev_0000002801,2024-04-29,cust_0000002440
dev_0000002802,2025-04-05,cust_0000002441
dev_0000002803,2025-08-12,cust_0000002442
dev_0000002804,2025-08-12,cust_0000002442
dev_0000002805,2024-12-30,cust_0000002443
dev_0000002806,2025-09-02,cust_0000002444
dev_0000002807,2024-11-24,cust_0000002445
dev_0000002808,2024-10-03,cust_0000002446
dev_0000002809,2025-05-26,cust_0000002447
dev_0000002810,2025-10-19,cust_0000002448
dev_0000002811,2025-06-24,cust_0000002449
dev_0000002812,2026-04-13,cust_0000002450
dev_0000002813,2024-05-27,cust_0000002451
dev_0000002814,2026-02-15,cust_0000002452
dev_0000002815,2025-09-16,cust_0000002453
dev_0000002816,2026-03-22,cust_0000002454
dev_0000002817,2025-11-14,cust_0000002455
dev_0000002818,2025-11-14,cust_0000002455
dev_0000002819,2026-01-30,cust_0000002456
dev_0000002820,2025-12-24,cust_0000002457
dev_0000002821,2026-03-19,cust_0000002458
dev_0000002822,2025-12-25,cust_0000002459
dev_0000002823,2026-02-23,cust_0000002460
dev_0000002824,2024-04-26,cust_0000002461
dev_0000002825,2025-07-06,cust_0000002462
dev_0000002826,2025-09-29,cust_0000002463
dev_0000002827,2025-07-05,cust_0000002464
dev_0000002828,2025-04-18,cust_0000002465
dev_0000002829,2025-09-05,cust_0000002466
dev_0000002830,2025-02-13,cust_0000002467
dev_0000002831,2025-12-19,cust_0000002468
dev_0000002832,2025-04-20,cust_0000002469
dev_0000002833,2024-01-16,cust_0000002470
dev_0000002834,2024-01-16,cust_0000002470
dev_0000002835,2025-06-30,cust_0000002471
dev_0000002836,2024-05-14,cust_0000002472
dev_0000002837,2024-12-26,cust_0000002473
dev_0000002838,2025-04-27,cust_0000002474
dev_0000002839,2025-12-08,cust_0000002475
dev_0000002840,2024-10-30,cust_0000002476
dev_0000002841,2025-06-07,cust_0000002477
dev_0000002842,2025-03-25,cust_0000002478
dev_0000002843,2024-02-28,cust_0000002479
dev_0000002844,2024-05-14,cust_0000002480
dev_0000002845,2025-10-01,cust_0000002481
dev_0000002846,2024-10-07,cust_0000002482
dev_0000002847,2024-10-07,cust_0000002482
dev_0000002848,2025-04-03,cust_0000002483
dev_0000002849,2025-12-17,cust_0000002484
dev_0000002850,2025-12-17,cust_0000002484
dev_0000002851,2026-04-08,cust_0000002485
dev_0000002852,2024-11-12,cust_0000002486
dev_0000002853,2026-04-02,cust_0000002487
dev_0000002854,2024-10-08,cust_0000002488
dev_0000002855,2024-07-02,cust_0000002489
dev_0000002856,2025-03-28,cust_0000002490
dev_0000002857,2025-03-28,cust_0000002490
dev_0000002858,2024-12-31,cust_0000002491
dev_0000002859,2025-09-11,cust_0000002492
dev_0000002860,2024-08-14,cust_0000002493
dev_0000002861,2024-01-29,cust_0000002494
dev_0000002862,2024-06-09,cust_0000002495
dev_0000002863,2024-07-07,cust_0000002496
dev_0000002864,2025-11-06,cust_0000002497
dev_0000002865,2024-04-30,cust_0000002498
dev_0000002866,2024-04-24,cust_0000002499
dev_0000002867,2024-04-16,cust_0000002500
dev_0000002868,2024-01-25,cust_0000002501
dev_0000002869,2026-04-24,cust_0000002502
dev_0000002870,2024-08-26,cust_0000002503
dev_0000002871,2023-12-28,cust_0000002504
dev_0000002872,2024-04-10,cust_0000002505
dev_0000002873,2024-04-10,cust_0000002505
dev_0000002874,2025-06-10,cust_0000002506
dev_0000002875,2024-12-15,cust_0000002507
dev_0000002876,2025-04-06,cust_0000002508
dev_0000002877,2025-04-06,cust_0000002508
dev_0000002878,2025-02-13,cust_0000002509
dev_0000002879,2024-04-08,cust_0000002510
dev_0000002880,2025-07-13,cust_0000002511
dev_0000002881,2025-07-13,cust_0000002511
dev_0000002882,2025-01-29,cust_0000002512
dev_0000002883,2025-01-29,cust_0000002512
dev_0000002884,2024-03-27,cust_0000002513
dev_0000002885,2024-03-27,cust_0000002513
dev_0000002886,2024-03-30,cust_0000002514
dev_0000002887,2024-08-08,cust_0000002515
dev_0000002888,2026-02-02,cust_0000002516
dev_0000002889,2025-09-06,cust_0000002517
dev_0000002890,2024-05-06,cust_0000002518
dev_0000002891,2024-10-23,cust_0000002519
dev_0000002892,2024-02-01,cust_0000002520
dev_0000002893,2025-04-21,cust_0000002521
dev_0000002894,2026-01-16,cust_0000002522
dev_0000002895,2026-03-19,cust_0000002523
dev_0000002896,2024-04-29,cust_0000002524
dev_0000002897,2025-08-18,cust_0000002525
dev_0000002898,2024-05-18,cust_0000002526
dev_0000002899,2024-04-04,cust_0000002527
dev_0000002900,2024-11-16,cust_0000002528
dev_0000002901,2025-09-05,cust_0000002529
dev_0000002902,2025-05-25,cust_0000002530
dev_0000002903,2024-11-04,cust_0000002531
dev_0000002904,2025-06-08,cust_0000002532
dev_0000002905,2024-06-11,cust_0000002533
dev_0000002906,2024-06-11,cust_0000002533
dev_0000002907,2025-01-18,cust_0000002534
dev_0000002908,2025-11-03,cust_0000002535
dev_0000002909,2025-12-21,cust_0000002536
dev_0000002910,2024-01-16,cust_0000002537
dev_0000002911,2026-01-09,cust_0000002538
dev_0000002912,2024-07-12,cust_0000002539
dev_0000002913,2024-07-12,cust_0000002539
dev_0000002914,2025-02-04,cust_0000002540
dev_0000002915,2025-04-06,cust_0000002541
dev_0000002916,2024-11-14,cust_0000002542
dev_0000002917,2024-11-14,cust_0000002542
dev_0000002918,2025-01-28,cust_0000002543
dev_0000002919,2025-09-19,cust_0000002544
dev_0000002920,2026-01-23,cust_0000002545
dev_0000002921,2024-02-16,cust_0000002546
dev_0000002922,2025-04-13,cust_0000002547
dev_0000002923,2025-02-03,cust_0000002548
dev_0000002924,2025-02-15,cust_0000002549
dev_0000002925,2025-10-02,cust_0000002550
dev_0000002926,2024-03-01,cust_0000002551
dev_0000002927,2024-04-21,cust_0000002552
dev_0000002928,2024-09-09,cust_0000002553
dev_0000002929,2025-06-20,cust_0000002554
dev_0000002930,2025-08-28,cust_0000002555
dev_0000002931,2025-08-28,cust_0000002555
dev_0000002932,2025-09-14,cust_0000002556
dev_0000002933,2025-03-18,cust_0000002557
dev_0000002934,2026-02-12,cust_0000002558
dev_0000002935,2024-07-29,cust_0000002559
dev_0000002936,2024-07-29,cust_0000002559
dev_0000002937,2026-03-27,cust_0000002560
dev_0000002938,2025-09-27,cust_0000002561
dev_0000002939,2024-06-20,cust_0000002562
dev_0000002940,2024-11-20,cust_0000002563
dev_0000002941,2024-11-20,cust_0000002563
dev_0000002942,2024-12-18,cust_0000002564
dev_0000002943,2025-04-29,cust_0000002565
dev_0000002944,2024-09-05,cust_0000002566
dev_0000002945,2024-04-07,cust_0000002567
dev_0000002946,2024-08-01,cust_0000002568
dev_0000002947,2024-10-06,cust_0000002569
dev_0000002948,2025-06-20,cust_0000002570
dev_0000002949,2025-06-20,cust_0000002570
dev_0000002950,2024-04-24,cust_0000002571
dev_0000002951,2026-02-14,cust_0000002572
dev_0000002952,2025-03-18,cust_0000002573
dev_0000002953,2024-09-23,cust_0000002574
dev_0000002954,2024-12-15,cust_0000002575
dev_0000002955,2025-11-10,cust_0000002576
dev_0000002956,2026-03-23,cust_0000002577
dev_0000002957,2024-07-10,cust_0000002578
dev_0000002958,2025-11-27,cust_0000002579
dev_0000002959,2026-04-21,cust_0000002580
dev_0000002960,2024-10-13,cust_0000002581
dev_0000002961,2026-03-07,cust_0000002582
dev_0000002962,2026-03-07,cust_0000002582
dev_0000002963,2026-03-25,cust_0000002583
dev_0000002964,2026-03-25,cust_0000002583
dev_0000002965,2025-12-28,cust_0000002584
dev_0000002966,2026-04-10,cust_0000002585
dev_0000002967,2025-08-22,cust_0000002586
dev_0000002968,2024-08-27,cust_0000002587
dev_0000002969,2025-02-15,cust_0000002588
dev_0000002970,2024-12-08,cust_0000002589
dev_0000002971,2025-09-07,cust_0000002590
dev_0000002972,2024-02-19,cust_0000002591
dev_0000002973,2026-03-02,cust_0000002592
dev_0000002974,2025-01-01,cust_0000002593
dev_0000002975,2025-08-19,cust_0000002594
dev_0000002976,2025-08-19,cust_0000002594
dev_0000002977,2024-05-02,cust_0000002595
dev_0000002978,2026-01-02,cust_0000002596
dev_0000002979,2025-12-28,cust_0000002597
dev_0000002980,2025-12-28,cust_0000002597
dev_0000002981,2026-01-10,cust_0000002598
dev_0000002982,2026-01-20,cust_0000002599
dev_0000002983,2024-02-12,cust_0000002600
dev_0000002984,2025-02-20,cust_0000002601
dev_0000002985,2025-08-19,cust_0000002602
dev_0000002986,2024-10-18,cust_0000002603
dev_0000002987,2025-10-16,cust_0000002604
dev_0000002988,2025-10-16,cust_0000002604
dev_0000002989,2024-07-12,cust_0000002605
dev_0000002990,2025-06-30,cust_0000002606
dev_0000002991,2024-07-20,cust_0000002607
dev_0000002992,2024-07-25,cust_0000002608
dev_0000002993,2024-01-12,cust_0000002609
dev_0000002994,2024-09-23,cust_0000002610
dev_0000002995,2025-04-19,cust_0000002611
dev_0000002996,2024-06-30,cust_0000002612
dev_0000002997,2025-09-12,cust_0000002613
dev_0000002998,2025-01-09,cust_0000002614
dev_0000002999,2025-09-08,cust_0000002615
dev_0000003000,2026-02-23,cust_0000002616
dev_0000003001,2025-10-22,cust_0000002617
dev_0000003002,2025-02-22,cust_0000002618
dev_0000003003,2025-02-13,cust_0000002619
dev_0000003004,2024-08-12,cust_0000002620
dev_0000003005,2024-04-22,cust_0000002621
dev_0000003006,2024-12-12,cust_0000002622
dev_0000003007,2026-04-30,cust_0000002623
dev_0000003008,2025-11-09,cust_0000002624
dev_0000003009,2024-12-11,cust_0000002625
dev_0000003010,2024-10-03,cust_0000002626
dev_0000003011,2024-03-27,cust_0000002627
dev_0000003012,2024-03-27,cust_0000002627
dev_0000003013,2025-04-05,cust_0000002628
dev_0000003014,2024-08-29,cust_0000002629
dev_0000003015,2024-10-13,cust_0000002630
dev_0000003016,2024-10-13,cust_0000002630
dev_0000003017,2025-11-04,cust_0000002631
dev_0000003018,2026-02-10,cust_0000002632
dev_0000003019,2026-04-10,cust_0000002633
dev_0000003020,2024-07-26,cust_0000002634
dev_0000003021,2024-09-27,cust_0000002635
dev_0000003022,2024-02-24,cust_0000002636
dev_0000003023,2024-01-19,cust_0000002637
dev_0000003024,2025-05-03,cust_0000002638
dev_0000003025,2026-01-04,cust_0000002639
dev_0000003026,2026-01-04,cust_0000002639
dev_0000003027,2024-08-15,cust_0000002640
dev_0000003028,2025-03-14,cust_0000002641
dev_0000003029,2026-04-23,cust_0000002642
dev_0000003030,2025-02-13,cust_0000002643
dev_0000003031,2026-03-26,cust_0000002644
dev_0000003032,2024-03-18,cust_0000002645
dev_0000003033,2024-12-08,cust_0000002646
dev_0000003034,2024-12-08,cust_0000002646
dev_0000003035,2024-12-02,cust_0000002647
dev_0000003036,2025-07-29,cust_0000002648
dev_0000003037,2025-07-29,cust_0000002648
dev_0000003038,2024-03-23,cust_0000002649
dev_0000003039,2024-12-06,cust_0000002650
dev_0000003040,2024-03-17,cust_0000002651
dev_0000003041,2026-04-11,cust_0000002652
dev_0000003042,2026-04-11,cust_0000002652
dev_0000003043,2026-01-15,cust_0000002653
dev_0000003044,2024-02-27,cust_0000002654
dev_0000003045,2024-01-02,cust_0000002655
dev_0000003046,2024-01-02,cust_0000002655
dev_0000003047,2024-03-19,cust_0000002656
dev_0000003048,2025-01-25,cust_0000002657
dev_0000003049,2025-12-21,cust_0000002658
dev_0000003050,2025-12-21,cust_0000002658
dev_0000003051,2025-08-05,cust_0000002659
dev_0000003052,2025-06-03,cust_0000002660
dev_0000003053,2024-05-01,cust_0000002661
dev_0000003054,2024-05-02,cust_0000002662
dev_0000003055,2025-05-03,cust_0000002663
dev_0000003056,2026-04-07,cust_0000002664
dev_0000003057,2025-09-05,cust_0000002665
dev_0000003058,2024-10-01,cust_0000002666
dev_0000003059,2024-10-01,cust_0000002666
dev_0000003060,2024-04-19,cust_0000002667
dev_0000003061,2024-11-16,cust_0000002668
dev_0000003062,2024-11-29,cust_0000002669
dev_0000003063,2025-08-23,cust_0000002670
dev_0000003064,2025-08-23,cust_0000002670
dev_0000003065,2026-03-11,cust_0000002671
dev_0000003066,2025-06-25,cust_0000002672
dev_0000003067,2025-06-25,cust_0000002672
dev_0000003068,2025-01-30,cust_0000002673
dev_0000003069,2025-01-30,cust_0000002673
dev_0000003070,2025-11-21,cust_0000002674
dev_0000003071,2024-06-25,cust_0000002675
dev_0000003072,2024-04-29,cust_0000002676
dev_0000003073,2024-03-23,cust_0000002677
dev_0000003074,2024-01-11,cust_0000002678
dev_0000003075,2024-01-11,cust_0000002678
dev_0000003076,2024-03-02,cust_0000002679
dev_0000003077,2024-03-02,cust_0000002679
dev_0000003078,2024-06-01,cust_0000002680
dev_0000003079,2024-06-01,cust_0000002680
dev_0000003080,2025-03-15,cust_0000002681
dev_0000003081,2026-03-29,cust_0000002682
dev_0000003082,2025-03-24,cust_0000002683
dev_0000003083,2025-01-28,cust_0000002684
dev_0000003084,2025-01-11,cust_0000002685
dev_0000003085,2025-09-03,cust_0000002686
dev_0000003086,2025-09-03,cust_0000002686
dev_0000003087,2024-11-12,cust_0000002687
dev_0000003088,2026-02-17,cust_0000002688
dev_0000003089,2024-08-15,cust_0000002689
dev_0000003090,2025-07-02,cust_0000002690
dev_0000003091,2024-08-19,cust_0000002691
dev_0000003092,2025-11-11,cust_0000002692
dev_0000003093,2025-11-18,cust_0000002693
dev_0000003094,2025-03-04,cust_0000002694
dev_0000003095,2025-02-28,cust_0000002695
dev_0000003096,2025-09-06,cust_0000002696
dev_0000003097,2024-01-27,cust_0000002697
dev_0000003098,2024-01-27,cust_0000002697
dev_0000003099,2024-07-10,cust_0000002698
dev_0000003100,2025-07-12,cust_0000002699
dev_0000003101,2025-05-21,cust_0000002700
dev_0000003102,2025-11-18,cust_0000002701
dev_0000003103,2025-06-17,cust_0000002702
dev_0000003104,2025-03-02,cust_0000002703
dev_0000003105,2025-06-13,cust_0000002704
dev_0000003106,2025-06-13,cust_0000002704
dev_0000003107,2024-04-13,cust_0000002705
dev_0000003108,2024-07-18,cust_0000002706
dev_0000003109,2025-09-21,cust_0000002707
dev_0000003110,2025-09-21,cust_0000002707
dev_0000003111,2024-02-26,cust_0000002708
dev_0000003112,2024-02-26,cust_0000002708
dev_0000003113,2024-10-26,cust_0000002709
dev_0000003114,2024-08-09,cust_0000002710
dev_0000003115,2024-08-12,cust_0000002711
dev_0000003116,2024-06-17,cust_0000002712
dev_0000003117,2024-06-17,cust_0000002712
dev_0000003118,2025-05-04,cust_0000002713
dev_0000003119,2025-07-05,cust_0000002714
dev_0000003120,2024-08-23,cust_0000002715
dev_0000003121,2026-04-11,cust_0000002716
dev_0000003122,2025-07-21,cust_0000002717
dev_0000003123,2025-07-17,cust_0000002718
dev_0000003124,2026-02-17,cust_0000002719
dev_0000003125,2025-08-11,cust_0000002720
dev_0000003126,2026-03-26,cust_0000002721
dev_0000003127,2025-01-31,cust_0000002722
dev_0000003128,2025-04-17,cust_0000002723
dev_0000003129,2025-05-03,cust_0000002724
dev_0000003130,2025-07-21,cust_0000002725
dev_0000003131,2024-01-12,cust_0000002726
dev_0000003132,2025-05-21,cust_0000002727
dev_0000003133,2025-05-21,cust_0000002727
dev_0000003134,2024-08-05,cust_0000002728
dev_0000003135,2025-09-15,cust_0000002729
dev_0000003136,2025-09-03,cust_0000002730
dev_0000003137,2026-03-08,cust_0000002731
dev_0000003138,2026-03-08,cust_0000002731
dev_0000003139,2026-02-02,cust_0000002732
dev_0000003140,2026-04-20,cust_0000002733
dev_0000003141,2025-05-11,cust_0000002734
dev_0000003142,2024-09-04,cust_0000002735
dev_0000003143,2024-09-04,cust_0000002735
dev_0000003144,2024-10-16,cust_0000002736
dev_0000003145,2024-05-29,cust_0000002737
dev_0000003146,2025-04-18,cust_0000002738
dev_0000003147,2024-09-30,cust_0000002739
dev_0000003148,2024-05-26,cust_0000002740
dev_0000003149,2024-10-11,cust_0000002741
dev_0000003150,2024-11-21,cust_0000002742
dev_0000003151,2025-05-02,cust_0000002743
dev_0000003152,2025-10-20,cust_0000002744
dev_0000003153,2024-02-29,cust_0000002745
dev_0000003154,2024-08-31,cust_0000002746
dev_0000003155,2024-12-19,cust_0000002747
dev_0000003156,2024-12-19,cust_0000002747
dev_0000003157,2026-03-24,cust_0000002748
dev_0000003158,2024-12-28,cust_0000002749
dev_0000003159,2025-09-16,cust_0000002750
dev_0000003160,2025-01-10,cust_0000002751
dev_0000003161,2024-06-29,cust_0000002752
dev_0000003162,2024-08-19,cust_0000002753
dev_0000003163,2023-12-29,cust_0000002754
dev_0000003164,2026-01-19,cust_0000002755
dev_0000003165,2026-04-04,cust_0000002756
dev_0000003166,2025-01-09,cust_0000002757
dev_0000003167,2025-08-22,cust_0000002758
dev_0000003168,2024-12-17,cust_0000002759
dev_0000003169,2024-02-12,cust_0000002760
dev_0000003170,2024-02-12,cust_0000002760
dev_0000003171,2024-11-29,cust_0000002761
dev_0000003172,2024-03-18,cust_0000002762
dev_0000003173,2024-01-26,cust_0000002763
dev_0000003174,2024-08-27,cust_0000002764
dev_0000003175,2024-06-18,cust_0000002765
dev_0000003176,2026-03-26,cust_0000002766
dev_0000003177,2026-03-26,cust_0000002766
dev_0000003178,2024-07-05,cust_0000002767
dev_0000003179,2025-11-16,cust_0000002768
dev_0000003180,2026-04-28,cust_0000002769
dev_0000003181,2026-03-01,cust_0000002770
dev_0000003182,2025-02-05,cust_0000002771
dev_0000003183,2024-04-08,cust_0000002772
dev_0000003184,2024-04-11,cust_0000002773
dev_0000003185,2026-02-14,cust_0000002774
dev_0000003186,2025-01-28,cust_0000002775
dev_0000003187,2024-05-05,cust_0000002776
dev_0000003188,2026-05-01,cust_0000002777
dev_0000003189,2024-02-24,cust_0000002778
dev_0000003190,2024-02-24,cust_0000002778
dev_0000003191,2024-08-16,cust_0000002779
dev_0000003192,2025-02-14,cust_0000002780
dev_0000003193,2026-04-09,cust_0000002781
dev_0000003194,2025-02-15,cust_0000002782
dev_0000003195,2025-03-09,cust_0000002783
dev_0000003196,2024-10-01,cust_0000002784
dev_0000003197,2026-05-02,cust_0000002785
dev_0000003198,2025-04-01,cust_0000002786
dev_0000003199,2024-11-04,cust_0000002787
dev_0000003200,2025-09-17,cust_0000002788
dev_0000003201,2024-10-05,cust_0000002789
dev_0000003202,2025-03-31,cust_0000002790
dev_0000003203,2024-01-16,cust_0000002791
dev_0000003204,2025-05-05,cust_0000002792
dev_0000003205,2024-01-01,cust_0000002793
dev_0000003206,2023-12-26,cust_0000002794
dev_0000003207,2025-06-03,cust_0000002795
dev_0000003208,2025-06-03,cust_0000002795
dev_0000003209,2024-02-01,cust_0000002796
dev_0000003210,2025-12-05,cust_0000002797
dev_0000003211,2025-12-29,cust_0000002798
dev_0000003212,2024-05-28,cust_0000002799
dev_0000003213,2024-05-28,cust_0000002799
dev_0000003214,2025-07-02,cust_0000002800
dev_0000003215,2024-10-01,cust_0000002801
dev_0000003216,2025-05-21,cust_0000002802
dev_0000003217,2025-03-27,cust_0000002803
dev_0000003218,2025-03-27,cust_0000002803
dev_0000003219,2025-05-20,cust_0000002804
dev_0000003220,2024-05-29,cust_0000002805
dev_0000003221,2024-03-27,cust_0000002806
dev_0000003222,2024-07-13,cust_0000002807
dev_0000003223,2026-01-21,cust_0000002808
dev_0000003224,2025-03-11,cust_0000002809
dev_0000003225,2025-02-25,cust_0000002810
dev_0000003226,2025-09-15,cust_0000002811
dev_0000003227,2026-02-23,cust_0000002812
dev_0000003228,2025-07-11,cust_0000002813
dev_0000003229,2024-04-22,cust_0000002814
dev_0000003230,2026-03-25,cust_0000002815
dev_0000003231,2025-12-16,cust_0000002816
dev_0000003232,2024-01-20,cust_0000002817
dev_0000003233,2026-03-09,cust_0000002818
dev_0000003234,2024-03-14,cust_0000002819
dev_0000003235,2024-03-22,cust_0000002820
dev_0000003236,2025-05-20,cust_0000002821
dev_0000003237,2024-12-17,cust_0000002822
dev_0000003238,2023-12-16,cust_0000002823
dev_0000003239,2024-04-28,cust_0000002824
dev_0000003240,2025-04-06,cust_0000002825
dev_0000003241,2023-12-28,cust_0000002826
dev_0000003242,2024-09-21,cust_0000002827
dev_0000003243,2024-09-21,cust_0000002827
dev_0000003244,2025-09-10,cust_0000002828
dev_0000003245,2025-04-30,cust_0000002829
dev_0000003246,2025-05-19,cust_0000002830
dev_0000003247,2024-08-11,cust_0000002831
dev_0000003248,2025-06-30,cust_0000002832
dev_0000003249,2025-01-02,cust_0000002833
dev_0000003250,2024-05-03,cust_0000002834
dev_0000003251,2024-07-24,cust_0000002835
dev_0000003252,2025-04-05,cust_0000002836
dev_0000003253,2025-04-05,cust_0000002836
dev_0000003254,2024-12-08,cust_0000002837
dev_0000003255,2025-04-27,cust_0000002838
dev_0000003256,2025-05-04,cust_0000002839
dev_0000003257,2025-05-04,cust_0000002839
dev_0000003258,2025-03-02,cust_0000002840
dev_0000003259,2025-02-18,cust_0000002841
dev_0000003260,2025-11-20,cust_0000002842
dev_0000003261,2026-04-28,cust_0000002843
dev_0000003262,2023-12-31,cust_0000002844
dev_0000003263,2025-09-19,cust_0000002845
dev_0000003264,2025-06-11,cust_0000002846
dev_0000003265,2025-05-17,cust_0000002847
dev_0000003266,2025-08-12,cust_0000002848
dev_0000003267,2025-01-29,cust_0000002849
dev_0000003268,2026-03-06,cust_0000002850
dev_0000003269,2026-03-06,cust_0000002850
dev_0000003270,2024-01-22,cust_0000002851
dev_0000003271,2025-09-23,cust_0000002852
dev_0000003272,2025-06-11,cust_0000002853
dev_0000003273,2025-01-19,cust_0000002854
dev_0000003274,2025-05-17,cust_0000002855
dev_0000003275,2024-03-13,cust_0000002856
dev_0000003276,2025-02-09,cust_0000002857
dev_0000003277,2024-01-02,cust_0000002858
dev_0000003278,2024-01-02,cust_0000002858
dev_0000003279,2026-03-04,cust_0000002859
dev_0000003280,2024-02-16,cust_0000002860
dev_0000003281,2025-10-28,cust_0000002861
dev_0000003282,2024-06-11,cust_0000002862
dev_0000003283,2026-01-31,cust_0000002863
dev_0000003284,2024-04-20,cust_0000002864
dev_0000003285,2025-08-12,cust_0000002865
dev_0000003286,2024-10-18,cust_0000002866
dev_0000003287,2024-06-21,cust_0000002867
dev_0000003288,2024-05-16,cust_0000002868
dev_0000003289,2024-12-23,cust_0000002869
dev_0000003290,2024-09-27,cust_0000002870
dev_0000003291,2023-12-26,cust_0000002871
dev_0000003292,2024-04-26,cust_0000002872
dev_0000003293,2025-01-22,cust_0000002873
dev_0000003294,2025-06-26,cust_0000002874
dev_0000003295,2026-03-21,cust_0000002875
dev_0000003296,2024-03-13,cust_0000002876
dev_0000003297,2024-03-24,cust_0000002877
dev_0000003298,2025-11-01,cust_0000002878
dev_0000003299,2026-03-16,cust_0000002879
dev_0000003300,2025-06-19,cust_0000002880
dev_0000003301,2024-04-14,cust_0000002881
dev_0000003302,2024-04-14,cust_0000002881
dev_0000003303,2024-03-11,cust_0000002882
dev_0000003304,2024-07-13,cust_0000002883
dev_0000003305,2025-01-22,cust_0000002884
dev_0000003306,2024-08-15,cust_0000002885
dev_0000003307,2024-07-01,cust_0000002886
dev_0000003308,2024-02-28,cust_0000002887
dev_0000003309,2025-07-19,cust_0000002888
dev_0000003310,2025-07-19,cust_0000002888
dev_0000003311,2025-06-16,cust_0000002889
dev_0000003312,2024-06-08,cust_0000002890
dev_0000003313,2023-12-29,cust_0000002891
dev_0000003314,2024-11-10,cust_0000002892
dev_0000003315,2025-04-01,cust_0000002893
dev_0000003316,2024-02-16,cust_0000002894
dev_0000003317,2025-04-04,cust_0000002895
dev_0000003318,2024-06-30,cust_0000002896
dev_0000003319,2025-05-31,cust_0000002897
dev_0000003320,2024-08-12,cust_0000002898
dev_0000003321,2025-12-03,cust_0000002899
dev_0000003322,2026-04-12,cust_0000002900
dev_0000003323,2026-03-22,cust_0000002901
dev_0000003324,2024-01-12,cust_0000002902
dev_0000003325,2025-07-03,cust_0000002903
dev_0000003326,2025-12-31,cust_0000002904
dev_0000003327,2025-10-30,cust_0000002905
dev_0000003328,2025-10-30,cust_0000002905
dev_0000003329,2025-08-27,cust_0000002906
dev_0000003330,2024-03-09,cust_0000002907
dev_0000003331,2026-04-06,cust_0000002908
dev_0000003332,2025-01-12,cust_0000002909
dev_0000003333,2025-10-06,cust_0000002910
dev_0000003334,2025-10-06,cust_0000002910
dev_0000003335,2025-01-20,cust_0000002911
dev_0000003336,2024-12-29,cust_0000002912
dev_0000003337,2026-03-31,cust_0000002913
dev_0000003338,2024-09-03,cust_0000002914
dev_0000003339,2025-06-02,cust_0000002915
dev_0000003340,2026-04-18,cust_0000002916
dev_0000003341,2025-03-12,cust_0000002917
dev_0000003342,2025-03-12,cust_0000002917
dev_0000003343,2025-06-24,cust_0000002918
dev_0000003344,2026-02-12,cust_0000002919
dev_0000003345,2026-02-12,cust_0000002919
dev_0000003346,2025-04-15,cust_0000002920
dev_0000003347,2025-08-16,cust_0000002921
dev_0000003348,2026-03-02,cust_0000002922
dev_0000003349,2025-12-27,cust_0000002923
dev_0000003350,2025-04-26,cust_0000002924
dev_0000003351,2025-06-27,cust_0000002925
dev_0000003352,2025-11-04,cust_0000002926
dev_0000003353,2024-06-15,cust_0000002927
dev_0000003354,2025-03-12,cust_0000002928
dev_0000003355,2025-09-18,cust_0000002929
dev_0000003356,2025-10-16,cust_0000002930
dev_0000003357,2024-03-12,cust_0000002931
dev_0000003358,2024-11-23,cust_0000002932
dev_0000003359,2025-01-20,cust_0000002933
dev_0000003360,2024-07-22,cust_0000002934
dev_0000003361,2026-04-21,cust_0000002935
dev_0000003362,2024-03-05,cust_0000002936
dev_0000003363,2024-07-06,cust_0000002937
dev_0000003364,2024-07-06,cust_0000002937
dev_0000003365,2025-12-14,cust_0000002938
dev_0000003366,2025-12-14,cust_0000002938
dev_0000003367,2024-05-06,cust_0000002939
dev_0000003368,2024-08-25,cust_0000002940
dev_0000003369,2026-01-31,cust_0000002941
dev_0000003370,2024-09-01,cust_0000002942
dev_0000003371,2025-11-21,cust_0000002943
dev_0000003372,2025-08-06,cust_0000002944
dev_0000003373,2024-05-08,cust_0000002945
dev_0000003374,2024-10-24,cust_0000002946
dev_0000003375,2024-10-24,cust_0000002946
dev_0000003376,2025-04-20,cust_0000002947
dev_0000003377,2026-02-06,cust_0000002948
dev_0000003378,2024-03-28,cust_0000002949
dev_0000003379,2024-08-02,cust_0000002950
dev_0000003380,2024-08-02,cust_0000002950
dev_0000003381,2024-10-11,cust_0000002951
dev_0000003382,2024-11-30,cust_0000002952
dev_0000003383,2025-10-06,cust_0000002953
dev_0000003384,2026-02-02,cust_0000002954
dev_0000003385,2025-01-19,cust_0000002955
dev_0000003386,2024-04-22,cust_0000002956
dev_0000003387,2025-03-09,cust_0000002957
dev_0000003388,2025-03-09,cust_0000002957
dev_0000003389,2024-12-04,cust_0000002958
dev_0000003390,2024-12-04,cust_0000002958
dev_0000003391,2026-04-29,cust_0000002959
dev_0000003392,2024-02-10,cust_0000002960
dev_0000003393,2025-11-29,cust_0000002961
dev_0000003394,2024-05-23,cust_0000002962
dev_0000003395,2025-02-03,cust_0000002963
dev_0000003396,2025-06-27,cust_0000002964
dev_0000003397,2025-02-19,cust_0000002965
dev_0000003398,2025-06-07,cust_0000002966
dev_0000003399,2025-09-15,cust_0000002967
dev_0000003400,2026-01-12,cust_0000002968
dev_0000003401,2023-12-15,cust_0000002969
dev_0000003402,2026-04-18,cust_0000002970
dev_0000003403,2025-07-17,cust_0000002971
dev_0000003404,2025-03-20,cust_0000002972
dev_0000003405,2024-08-03,cust_0000002973
dev_0000003406,2023-12-28,cust_0000002974
dev_0000003407,2024-01-14,cust_0000002975
dev_0000003408,2026-04-06,cust_0000002976
dev_0000003409,2025-01-13,cust_0000002977
dev_0000003410,2025-03-13,cust_0000002978
dev_0000003411,2024-04-05,cust_0000002979
dev_0000003412,2024-11-07,cust_0000002980
dev_0000003413,2025-06-30,cust_0000002981
dev_0000003414,2025-08-21,cust_0000002982
dev_0000003415,2024-06-22,cust_0000002983
dev_0000003416,2024-06-22,cust_0000002983
dev_0000003417,2024-03-10,cust_0000002984
dev_0000003418,2026-02-16,cust_0000002985
dev_0000003419,2025-09-21,cust_0000002986
dev_0000003420,2025-02-15,cust_0000002987
dev_0000003421,2025-11-08,cust_0000002988
dev_0000003422,2025-06-03,cust_0000002989
dev_0000003423,2025-03-13,cust_0000002990
dev_0000003424,2025-01-25,cust_0000002991
dev_0000003425,2024-09-22,cust_0000002992
dev_0000003426,2024-09-25,cust_0000002993
dev_0000003427,2024-10-27,cust_0000002994
dev_0000003428,2025-08-15,cust_0000002995
dev_0000003429,2025-09-20,cust_0000002996
dev_0000003430,2025-09-20,cust_0000002996
dev_0000003431,2025-08-20,cust_0000002997
dev_0000003432,2026-02-16,cust_0000002998
dev_0000003433,2026-02-16,cust_0000002998
dev_0000003434,2026-04-01,cust_0000002999
dev_0000003435,2025-05-16,cust_0000003000
dev_0000003436,2024-01-27,cust_0000003001
dev_0000003437,2026-04-21,cust_0000003002
dev_0000003438,2024-03-08,cust_0000003003
dev_0000003439,2024-05-22,cust_0000003004
dev_0000003440,2025-12-14,cust_0000003005
dev_0000003441,2024-01-15,cust_0000003006
dev_0000003442,2023-12-17,cust_0000003007
dev_0000003443,2026-03-30,cust_0000003008
dev_0000003444,2024-05-18,cust_0000003009
dev_0000003445,2024-01-30,cust_0000003010
dev_0000003446,2024-08-28,cust_0000003011
dev_0000003447,2024-08-28,cust_0000003011
dev_0000003448,2026-04-01,cust_0000003012
dev_0000003449,2025-02-11,cust_0000003013
dev_0000003450,2026-04-18,cust_0000003014
dev_0000003451,2026-03-07,cust_0000003015
dev_0000003452,2026-03-07,cust_0000003015
dev_0000003453,2025-04-26,cust_0000003016
dev_0000003454,2024-09-28,cust_0000003017
dev_0000003455,2024-04-02,cust_0000003018
dev_0000003456,2024-09-14,cust_0000003019
dev_0000003457,2025-01-11,cust_0000003020
dev_0000003458,2026-01-30,cust_0000003021
dev_0000003459,2025-07-09,cust_0000003022
dev_0000003460,2024-03-09,cust_0000003023
dev_0000003461,2025-02-25,cust_0000003024
dev_0000003462,2024-03-22,cust_0000003025
dev_0000003463,2024-03-22,cust_0000003025
dev_0000003464,2024-08-24,cust_0000003026
dev_0000003465,2024-01-28,cust_0000003027
dev_0000003466,2026-02-14,cust_0000003028
dev_0000003467,2025-07-22,cust_0000003029
dev_0000003468,2026-02-19,cust_0000003030
dev_0000003469,2025-06-02,cust_0000003031
dev_0000003470,2024-09-07,cust_0000003032
dev_0000003471,2025-01-28,cust_0000003033
dev_0000003472,2025-11-04,cust_0000003034
dev_0000003473,2024-06-26,cust_0000003035
dev_0000003474,2024-06-24,cust_0000003036
dev_0000003475,2024-10-10,cust_0000003037
dev_0000003476,2024-11-21,cust_0000003038
dev_0000003477,2025-06-16,cust_0000003039
dev_0000003478,2025-01-25,cust_0000003040
dev_0000003479,2024-02-09,cust_0000003041
dev_0000003480,2026-03-18,cust_0000003042
dev_0000003481,2024-01-15,cust_0000003043
dev_0000003482,2025-06-04,cust_0000003044
dev_0000003483,2025-04-05,cust_0000003045
dev_0000003484,2024-09-05,cust_0000003046
dev_0000003485,2024-09-24,cust_0000003047
dev_0000003486,2026-03-24,cust_0000003048
dev_0000003487,2025-05-12,cust_0000003049
dev_0000003488,2025-05-12,cust_0000003049
dev_0000003489,2025-08-15,cust_0000003050
dev_0000003490,2024-05-10,cust_0000003051
dev_0000003491,2024-01-19,cust_0000003052
dev_0000003492,2025-01-07,cust_0000003053
dev_0000003493,2024-07-02,cust_0000003054
dev_0000003494,2025-03-26,cust_0000003055
dev_0000003495,2026-04-26,cust_0000003056
dev_0000003496,2025-04-27,cust_0000003057
dev_0000003497,2024-07-10,cust_0000003058
dev_0000003498,2024-07-10,cust_0000003058
dev_0000003499,2024-05-10,cust_0000003059
dev_0000003500,2025-04-27,cust_0000003060
dev_0000003501,2026-03-14,cust_0000003061
dev_0000003502,2024-01-26,cust_0000003062
dev_0000003503,2025-09-13,cust_0000003063
dev_0000003504,2025-09-13,cust_0000003063
dev_0000003505,2024-06-20,cust_0000003064
dev_0000003506,2024-06-20,cust_0000003064
dev_0000003507,2025-07-16,cust_0000003065
dev_0000003508,2025-01-26,cust_0000003066
dev_0000003509,2025-04-14,cust_0000003067
dev_0000003510,2025-01-14,cust_0000003068
dev_0000003511,2024-05-22,cust_0000003069
dev_0000003512,2024-09-03,cust_0000003070
dev_0000003513,2024-10-19,cust_0000003071
dev_0000003514,2025-04-10,cust_0000003072
dev_0000003515,2024-03-08,cust_0000003073
dev_0000003516,2026-03-24,cust_0000003074
dev_0000003517,2026-04-08,cust_0000003075
dev_0000003518,2026-04-08,cust_0000003075
dev_0000003519,2024-05-02,cust_0000003076
dev_0000003520,2024-05-02,cust_0000003076
dev_0000003521,2025-09-23,cust_0000003077
dev_0000003522,2025-08-20,cust_0000003078
dev_0000003523,2025-06-08,cust_0000003079
dev_0000003524,2025-04-14,cust_0000003080
dev_0000003525,2026-02-15,cust_0000003081
dev_0000003526,2024-03-29,cust_0000003082
dev_0000003527,2024-03-29,cust_0000003082
dev_0000003528,2024-04-02,cust_0000003083
dev_0000003529,2026-02-24,cust_0000003084
dev_0000003530,2025-02-17,cust_0000003085
dev_0000003531,2024-04-17,cust_0000003086
dev_0000003532,2024-04-17,cust_0000003086
dev_0000003533,2024-04-26,cust_0000003087
dev_0000003534,2024-04-26,cust_0000003087
dev_0000003535,2025-06-21,cust_0000003088
dev_0000003536,2025-06-21,cust_0000003088
dev_0000003537,2025-11-30,cust_0000003089
dev_0000003538,2025-11-30,cust_0000003089
dev_0000003539,2025-12-17,cust_0000003090
dev_0000003540,2024-03-31,cust_0000003091
dev_0000003541,2024-01-12,cust_0000003092
dev_0000003542,2025-06-28,cust_0000003093
dev_0000003543,2024-07-21,cust_0000003094
dev_0000003544,2025-07-11,cust_0000003095
dev_0000003545,2024-06-14,cust_0000003096
dev_0000003546,2024-08-30,cust_0000003097
dev_0000003547,2025-01-13,cust_0000003098
dev_0000003548,2024-10-06,cust_0000003099
dev_0000003549,2024-10-06,cust_0000003099
dev_0000003550,2024-08-24,cust_0000003100
dev_0000003551,2025-07-30,cust_0000003101
dev_0000003552,2024-11-19,cust_0000003102
dev_0000003553,2025-12-26,cust_0000003103
dev_0000003554,2025-12-16,cust_0000003104
dev_0000003555,2026-02-13,cust_0000003105
dev_0000003556,2025-04-16,cust_0000003106
dev_0000003557,2024-08-15,cust_0000003107
dev_0000003558,2024-02-18,cust_0000003108
dev_0000003559,2026-03-03,cust_0000003109
dev_0000003560,2026-04-30,cust_0000003110
dev_0000003561,2025-08-26,cust_0000003111
dev_0000003562,2025-09-21,cust_0000003112
dev_0000003563,2024-12-13,cust_0000003113
dev_0000003564,2024-06-10,cust_0000003114
dev_0000003565,2025-10-04,cust_0000003115
dev_0000003566,2025-10-04,cust_0000003115
dev_0000003567,2024-07-17,cust_0000003116
dev_0000003568,2026-01-12,cust_0000003117
dev_0000003569,2024-03-04,cust_0000003118
dev_0000003570,2024-09-06,cust_0000003119
dev_0000003571,2023-12-15,cust_0000003120
dev_0000003572,2023-12-15,cust_0000003120
dev_0000003573,2025-01-16,cust_0000003121
dev_0000003574,2026-03-21,cust_0000003122
dev_0000003575,2024-01-28,cust_0000003123
dev_0000003576,2024-01-28,cust_0000003123
dev_0000003577,2026-02-02,cust_0000003124
dev_0000003578,2026-03-11,cust_0000003125
dev_0000003579,2025-06-21,cust_0000003126
dev_0000003580,2024-10-06,cust_0000003127
dev_0000003581,2025-04-29,cust_0000003128
dev_0000003582,2025-06-03,cust_0000003129
dev_0000003583,2025-11-25,cust_0000003130
dev_0000003584,2025-08-10,cust_0000003131
dev_0000003585,2024-06-09,cust_0000003132
dev_0000003586,2024-01-23,cust_0000003133
dev_0000003587,2024-01-24,cust_0000003134
dev_0000003588,2025-06-21,cust_0000003135
dev_0000003589,2024-09-04,cust_0000003136
dev_0000003590,2024-03-10,cust_0000003137
dev_0000003591,2025-01-17,cust_0000003138
dev_0000003592,2025-04-25,cust_0000003139
dev_0000003593,2024-04-19,cust_0000003140
dev_0000003594,2024-04-19,cust_0000003140
dev_0000003595,2024-04-27,cust_0000003141
dev_0000003596,2024-08-11,cust_0000003142
dev_0000003597,2024-09-07,cust_0000003143
dev_0000003598,2024-09-07,cust_0000003143
dev_0000003599,2024-06-20,cust_0000003144
dev_0000003600,2024-11-07,cust_0000003145
dev_0000003601,2024-06-29,cust_0000003146
dev_0000003602,2024-11-07,cust_0000003147
dev_0000003603,2026-03-01,cust_0000003148
dev_0000003604,2024-11-29,cust_0000003149
dev_0000003605,2026-04-22,cust_0000003150
dev_0000003606,2024-03-07,cust_0000003151
dev_0000003607,2025-08-29,cust_0000003152
dev_0000003608,2024-05-04,cust_0000003153
dev_0000003609,2025-04-27,cust_0000003154
dev_0000003610,2024-02-04,cust_0000003155
dev_0000003611,2025-08-30,cust_0000003156
dev_0000003612,2025-12-14,cust_0000003157
dev_0000003613,2024-12-16,cust_0000003158
dev_0000003614,2026-03-26,cust_0000003159
dev_0000003615,2025-03-01,cust_0000003160
dev_0000003616,2025-03-01,cust_0000003160
dev_0000003617,2024-06-23,cust_0000003161
dev_0000003618,2024-06-23,cust_0000003161
dev_0000003619,2025-02-12,cust_0000003162
dev_0000003620,2025-04-11,cust_0000003163
dev_0000003621,2025-04-03,cust_0000003164
dev_0000003622,2024-07-03,cust_0000003165
dev_0000003623,2024-10-04,cust_0000003166
dev_0000003624,2024-04-17,cust_0000003167
dev_0000003625,2025-09-12,cust_0000003168
dev_0000003626,2026-03-15,cust_0000003169
dev_0000003627,2025-02-27,cust_0000003170
dev_0000003628,2024-01-25,cust_0000003171
dev_0000003629,2024-01-27,cust_0000003172
dev_0000003630,2024-06-27,cust_0000003173
dev_0000003631,2025-10-25,cust_0000003174
dev_0000003632,2025-10-25,cust_0000003174
dev_0000003633,2024-12-07,cust_0000003175
dev_0000003634,2026-02-17,cust_0000003176
dev_0000003635,2026-05-01,cust_0000003177
dev_0000003636,2025-11-29,cust_0000003178
dev_0000003637,2024-11-04,cust_0000003179
dev_0000003638,2025-09-04,cust_0000003180
dev_0000003639,2025-09-04,cust_0000003180
dev_0000003640,2025-10-01,cust_0000003181
dev_0000003641,2024-03-13,cust_0000003182
dev_0000003642,2024-12-04,cust_0000003183
dev_0000003643,2025-12-28,cust_0000003184
dev_0000003644,2026-05-02,cust_0000003185
dev_0000003645,2026-03-24,cust_0000003186
dev_0000003646,2024-05-04,cust_0000003187
dev_0000003647,2024-12-01,cust_0000003188
dev_0000003648,2024-02-12,cust_0000003189
dev_0000003649,2024-02-12,cust_0000003189
dev_0000003650,2025-10-11,cust_0000003190
dev_0000003651,2024-09-07,cust_0000003191
dev_0000003652,2024-01-25,cust_0000003192
dev_0000003653,2024-01-25,cust_0000003192
dev_0000003654,2024-02-08,cust_0000003193
dev_0000003655,2025-05-24,cust_0000003194
dev_0000003656,2024-03-26,cust_0000003195
dev_0000003657,2025-11-22,cust_0000003196
dev_0000003658,2024-02-05,cust_0000003197
dev_0000003659,2025-04-10,cust_0000003198
dev_0000003660,2024-01-01,cust_0000003199
dev_0000003661,2024-01-06,cust_0000003200
dev_0000003662,2023-12-28,cust_0000003201
dev_0000003663,2024-05-31,cust_0000003202
dev_0000003664,2023-12-24,cust_0000003203
dev_0000003665,2025-08-05,cust_0000003204
dev_0000003666,2026-01-13,cust_0000003205
dev_0000003667,2025-10-30,cust_0000003206
dev_0000003668,2026-02-03,cust_0000003207
dev_0000003669,2026-01-31,cust_0000003208
dev_0000003670,2026-03-25,cust_0000003209
dev_0000003671,2024-05-07,cust_0000003210
dev_0000003672,2024-02-12,cust_0000003211
dev_0000003673,2025-04-03,cust_0000003212
dev_0000003674,2024-09-01,cust_0000003213
dev_0000003675,2024-01-25,cust_0000003214
dev_0000003676,2024-11-25,cust_0000003215
dev_0000003677,2024-03-04,cust_0000003216
dev_0000003678,2026-01-12,cust_0000003217
dev_0000003679,2024-06-07,cust_0000003218
dev_0000003680,2024-08-09,cust_0000003219
dev_0000003681,2024-02-14,cust_0000003220
dev_0000003682,2024-02-01,cust_0000003221
dev_0000003683,2024-06-24,cust_0000003222
dev_0000003684,2025-04-15,cust_0000003223
dev_0000003685,2025-04-15,cust_0000003223
dev_0000003686,2026-04-18,cust_0000003224
dev_0000003687,2025-09-20,cust_0000003225
dev_0000003688,2026-02-20,cust_0000003226
dev_0000003689,2025-07-25,cust_0000003227
dev_0000003690,2025-07-25,cust_0000003227
dev_0000003691,2025-07-07,cust_0000003228
dev_0000003692,2025-07-07,cust_0000003228
dev_0000003693,2024-11-22,cust_0000003229
dev_0000003694,2023-12-30,cust_0000003230
dev_0000003695,2026-02-11,cust_0000003231
dev_0000003696,2024-09-13,cust_0000003232
dev_0000003697,2024-11-06,cust_0000003233
dev_0000003698,2024-10-30,cust_0000003234
dev_0000003699,2025-07-07,cust_0000003235
dev_0000003700,2025-11-12,cust_0000003236
dev_0000003701,2025-06-05,cust_0000003237
dev_0000003702,2025-01-08,cust_0000003238
dev_0000003703,2025-05-26,cust_0000003239
dev_0000003704,2025-10-11,cust_0000003240
dev_0000003705,2026-02-26,cust_0000003241
dev_0000003706,2025-10-06,cust_0000003242
dev_0000003707,2025-05-27,cust_0000003243
dev_0000003708,2024-03-19,cust_0000003244
dev_0000003709,2025-05-20,cust_0000003245
dev_0000003710,2024-09-28,cust_0000003246
dev_0000003711,2024-06-04,cust_0000003247
dev_0000003712,2026-03-24,cust_0000003248
dev_0000003713,2024-03-07,cust_0000003249
dev_0000003714,2024-06-25,cust_0000003250
dev_0000003715,2025-11-07,cust_0000003251
dev_0000003716,2024-04-25,cust_0000003252
dev_0000003717,2025-08-14,cust_0000003253
dev_0000003718,2024-09-25,cust_0000003254
dev_0000003719,2024-01-17,cust_0000003255
dev_0000003720,2024-07-15,cust_0000003256
dev_0000003721,2025-10-08,cust_0000003257
dev_0000003722,2025-12-11,cust_0000003258
dev_0000003723,2024-05-26,cust_0000003259
dev_0000003724,2025-07-12,cust_0000003260
dev_0000003725,2025-09-11,cust_0000003261
dev_0000003726,2025-12-17,cust_0000003262
dev_0000003727,2025-12-17,cust_0000003262
dev_0000003728,2024-10-09,cust_0000003263
dev_0000003729,2024-11-15,cust_0000003264
dev_0000003730,2024-11-15,cust_0000003264
dev_0000003731,2024-03-16,cust_0000003265
dev_0000003732,2024-03-16,cust_0000003265
dev_0000003733,2025-07-26,cust_0000003266
dev_0000003734,2025-06-12,cust_0000003267
dev_0000003735,2025-11-29,cust_0000003268
dev_0000003736,2024-02-01,cust_0000003269
dev_0000003737,2024-02-01,cust_0000003269
dev_0000003738,2024-06-14,cust_0000003270
dev_0000003739,2026-03-18,cust_0000003271
dev_0000003740,2024-06-01,cust_0000003272
dev_0000003741,2024-09-11,cust_0000003273
dev_0000003742,2024-11-23,cust_0000003274
dev_0000003743,2024-12-25,cust_0000003275
dev_0000003744,2024-07-19,cust_0000003276
dev_0000003745,2024-09-30,cust_0000003277
dev_0000003746,2024-01-02,cust_0000003278
dev_0000003747,2025-07-03,cust_0000003279
dev_0000003748,2025-07-27,cust_0000003280
dev_0000003749,2025-09-12,cust_0000003281
dev_0000003750,2024-04-19,cust_0000003282
dev_0000003751,2025-07-27,cust_0000003283
dev_0000003752,2025-04-17,cust_0000003284
dev_0000003753,2026-01-31,cust_0000003285
dev_0000003754,2025-05-29,cust_0000003286
dev_0000003755,2025-09-27,cust_0000003287
dev_0000003756,2026-01-28,cust_0000003288
dev_0000003757,2024-09-11,cust_0000003289
dev_0000003758,2026-03-24,cust_0000003290
dev_0000003759,2025-07-07,cust_0000003291
dev_0000003760,2024-02-05,cust_0000003292
dev_0000003761,2024-07-17,cust_0000003293
dev_0000003762,2025-05-03,cust_0000003294
dev_0000003763,2024-01-09,cust_0000003295
dev_0000003764,2025-07-25,cust_0000003296
dev_0000003765,2025-07-25,cust_0000003296
dev_0000003766,2025-11-05,cust_0000003297
dev_0000003767,2026-02-10,cust_0000003298
dev_0000003768,2025-04-25,cust_0000003299
dev_0000003769,2025-04-25,cust_0000003299
dev_0000003770,2024-02-12,cust_0000003300
dev_0000003771,2024-04-08,cust_0000003301
dev_0000003772,2026-04-22,cust_0000003302
dev_0000003773,2025-03-15,cust_0000003303
dev_0000003774,2024-01-18,cust_0000003304
dev_0000003775,2025-10-29,cust_0000003305
dev_0000003776,2025-06-15,cust_0000003306
dev_0000003777,2024-08-02,cust_0000003307
dev_0000003778,2025-07-16,cust_0000003308
dev_0000003779,2025-07-16,cust_0000003308
dev_0000003780,2024-05-09,cust_0000003309
dev_0000003781,2024-07-25,cust_0000003310
dev_0000003782,2026-03-19,cust_0000003311
dev_0000003783,2024-08-06,cust_0000003312
dev_0000003784,2025-01-30,cust_0000003313
dev_0000003785,2024-05-08,cust_0000003314
dev_0000003786,2025-12-04,cust_0000003315
dev_0000003787,2025-04-24,cust_0000003316
dev_0000003788,2023-12-31,cust_0000003317
dev_0000003789,2025-01-13,cust_0000003318
dev_0000003790,2025-04-30,cust_0000003319
dev_0000003791,2024-03-21,cust_0000003320
dev_0000003792,2024-12-17,cust_0000003321
dev_0000003793,2025-04-29,cust_0000003322
dev_0000003794,2025-02-24,cust_0000003323
dev_0000003795,2024-05-02,cust_0000003324
dev_0000003796,2024-05-02,cust_0000003324
dev_0000003797,2025-06-01,cust_0000003325
dev_0000003798,2024-12-26,cust_0000003326
dev_0000003799,2024-09-27,cust_0000003327
dev_0000003800,2026-03-01,cust_0000003328
dev_0000003801,2025-01-18,cust_0000003329
dev_0000003802,2024-04-04,cust_0000003330
dev_0000003803,2025-02-18,cust_0000003331
dev_0000003804,2025-02-04,cust_0000003332
dev_0000003805,2024-05-14,cust_0000003333
dev_0000003806,2024-04-11,cust_0000003334
dev_0000003807,2024-04-11,cust_0000003334
dev_0000003808,2024-09-13,cust_0000003335
dev_0000003809,2024-10-26,cust_0000003336
dev_0000003810,2024-05-12,cust_0000003337
dev_0000003811,2024-05-12,cust_0000003337
dev_0000003812,2025-11-27,cust_0000003338
dev_0000003813,2025-09-01,cust_0000003339
dev_0000003814,2024-10-11,cust_0000003340
dev_0000003815,2025-01-08,cust_0000003341
dev_0000003816,2025-01-08,cust_0000003341
dev_0000003817,2024-12-27,cust_0000003342
dev_0000003818,2024-12-27,cust_0000003342
dev_0000003819,2026-04-26,cust_0000003343
dev_0000003820,2026-04-26,cust_0000003343
dev_0000003821,2025-04-09,cust_0000003344
dev_0000003822,2024-06-19,cust_0000003345
dev_0000003823,2025-05-12,cust_0000003346
dev_0000003824,2024-07-07,cust_0000003347
dev_0000003825,2025-03-23,cust_0000003348
dev_0000003826,2026-04-13,cust_0000003349
dev_0000003827,2025-08-18,cust_0000003350
dev_0000003828,2024-02-03,cust_0000003351
dev_0000003829,2025-09-11,cust_0000003352
dev_0000003830,2026-02-23,cust_0000003353
dev_0000003831,2025-01-15,cust_0000003354
dev_0000003832,2024-02-23,cust_0000003355
dev_0000003833,2025-06-28,cust_0000003356
dev_0000003834,2025-06-28,cust_0000003356
dev_0000003835,2025-02-18,cust_0000003357
dev_0000003836,2024-09-11,cust_0000003358
dev_0000003837,2025-04-08,cust_0000003359
dev_0000003838,2024-06-12,cust_0000003360
dev_0000003839,2024-06-12,cust_0000003360
dev_0000003840,2025-10-13,cust_0000003361
dev_0000003841,2026-03-11,cust_0000003362
dev_0000003842,2026-04-16,cust_0000003363
dev_0000003843,2026-04-16,cust_0000003363
dev_0000003844,2024-06-17,cust_0000003364
dev_0000003845,2024-05-03,cust_0000003365
dev_0000003846,2025-08-20,cust_0000003366
dev_0000003847,2025-11-03,cust_0000003367
dev_0000003848,2026-04-29,cust_0000003368
dev_0000003849,2025-01-29,cust_0000003369
dev_0000003850,2026-03-20,cust_0000003370
dev_0000003851,2026-04-17,cust_0000003371
dev_0000003852,2024-03-27,cust_0000003372
dev_0000003853,2024-03-27,cust_0000003372
dev_0000003854,2025-09-01,cust_0000003373
dev_0000003855,2025-10-01,cust_0000003374
dev_0000003856,2025-10-01,cust_0000003374
dev_0000003857,2025-08-25,cust_0000003375
dev_0000003858,2025-08-25,cust_0000003375
dev_0000003859,2025-08-19,cust_0000003376
dev_0000003860,2024-12-29,cust_0000003377
dev_0000003861,2024-12-29,cust_0000003377
dev_0000003862,2023-12-15,cust_0000003378
dev_0000003863,2024-11-11,cust_0000003379
dev_0000003864,2025-03-01,cust_0000003380
dev_0000003865,2025-03-01,cust_0000003380
dev_0000003866,2024-05-07,cust_0000003381
dev_0000003867,2024-01-26,cust_0000003382
dev_0000003868,2024-01-26,cust_0000003382
dev_0000003869,2024-10-21,cust_0000003383
dev_0000003870,2024-01-07,cust_0000003384
dev_0000003871,2024-01-07,cust_0000003384
dev_0000003872,2025-10-14,cust_0000003385
dev_0000003873,2024-07-25,cust_0000003386
dev_0000003874,2025-11-25,cust_0000003387
dev_0000003875,2024-01-09,cust_0000003388
dev_0000003876,2025-02-18,cust_0000003389
dev_0000003877,2024-02-23,cust_0000003390
dev_0000003878,2024-11-19,cust_0000003391
dev_0000003879,2024-12-21,cust_0000003392
dev_0000003880,2024-12-21,cust_0000003392
dev_0000003881,2025-12-27,cust_0000003393
dev_0000003882,2025-03-18,cust_0000003394
dev_0000003883,2025-10-02,cust_0000003395
dev_0000003884,2025-01-07,cust_0000003396
dev_0000003885,2025-01-07,cust_0000003396
dev_0000003886,2024-03-12,cust_0000003397
dev_0000003887,2025-11-12,cust_0000003398
dev_0000003888,2024-02-01,cust_0000003399
dev_0000003889,2025-04-14,cust_0000003400
dev_0000003890,2026-04-13,cust_0000003401
dev_0000003891,2026-04-13,cust_0000003401
dev_0000003892,2026-04-25,cust_0000003402
dev_0000003893,2025-06-22,cust_0000003403
dev_0000003894,2025-06-22,cust_0000003403
dev_0000003895,2025-01-26,cust_0000003404
dev_0000003896,2026-01-01,cust_0000003405
dev_0000003897,2024-01-16,cust_0000003406
dev_0000003898,2024-01-16,cust_0000003406
dev_0000003899,2026-03-26,cust_0000003407
dev_0000003900,2026-03-26,cust_0000003407
dev_0000003901,2025-10-22,cust_0000003408
dev_0000003902,2024-10-05,cust_0000003409
dev_0000003903,2026-03-10,cust_0000003410
dev_0000003904,2026-03-19,cust_0000003411
dev_0000003905,2025-03-27,cust_0000003412
dev_0000003906,2025-10-21,cust_0000003413
dev_0000003907,2025-09-26,cust_0000003414
dev_0000003908,2024-10-20,cust_0000003415
dev_0000003909,2024-01-22,cust_0000003416
dev_0000003910,2024-01-22,cust_0000003416
dev_0000003911,2024-09-13,cust_0000003417
dev_0000003912,2026-02-17,cust_0000003418
dev_0000003913,2025-11-13,cust_0000003419
dev_0000003914,2025-11-13,cust_0000003419
dev_0000003915,2024-05-19,cust_0000003420
dev_0000003916,2024-05-19,cust_0000003420
dev_0000003917,2024-03-06,cust_0000003421
dev_0000003918,2025-10-10,cust_0000003422
dev_0000003919,2026-04-28,cust_0000003423
dev_0000003920,2026-03-01,cust_0000003424
dev_0000003921,2026-03-01,cust_0000003424
dev_0000003922,2025-05-26,cust_0000003425
dev_0000003923,2025-05-26,cust_0000003425
dev_0000003924,2026-01-09,cust_0000003426
dev_0000003925,2026-03-14,cust_0000003427
dev_0000003926,2024-01-10,cust_0000003428
dev_0000003927,2025-09-29,cust_0000003429
dev_0000003928,2025-09-29,cust_0000003429
dev_0000003929,2025-08-14,cust_0000003430
dev_0000003930,2024-01-01,cust_0000003431
dev_0000003931,2025-08-14,cust_0000003432
dev_0000003932,2025-03-01,cust_0000003433
dev_0000003933,2025-03-01,cust_0000003433
dev_0000003934,2025-07-29,cust_0000003434
dev_0000003935,2025-07-29,cust_0000003434
dev_0000003936,2023-12-21,cust_0000003435
dev_0000003937,2025-03-01,cust_0000003436
dev_0000003938,2025-03-01,cust_0000003436
dev_0000003939,2024-09-10,cust_0000003437
dev_0000003940,2026-02-18,cust_0000003438
dev_0000003941,2023-12-27,cust_0000003439
dev_0000003942,2025-03-18,cust_0000003440
dev_0000003943,2024-09-25,cust_0000003441
dev_0000003944,2024-09-25,cust_0000003441
dev_0000003945,2025-11-20,cust_0000003442
dev_0000003946,2024-06-26,cust_0000003443
dev_0000003947,2024-06-26,cust_0000003443
dev_0000003948,2024-08-01,cust_0000003444
dev_0000003949,2025-09-21,cust_0000003445
dev_0000003950,2024-06-20,cust_0000003446
dev_0000003951,2026-04-23,cust_0000003447
dev_0000003952,2024-12-11,cust_0000003448
dev_0000003953,2024-12-11,cust_0000003448
dev_0000003954,2025-06-25,cust_0000003449
dev_0000003955,2025-04-28,cust_0000003450
dev_0000003956,2025-11-01,cust_0000003451
dev_0000003957,2026-01-02,cust_0000003452
dev_0000003958,2026-01-02,cust_0000003452
dev_0000003959,2026-03-30,cust_0000003453
dev_0000003960,2024-11-14,cust_0000003454
dev_0000003961,2024-06-17,cust_0000003455
dev_0000003962,2024-09-05,cust_0000003456
dev_0000003963,2026-03-15,cust_0000003457
dev_0000003964,2025-03-28,cust_0000003458
dev_0000003965,2024-08-07,cust_0000003459
dev_0000003966,2024-08-07,cust_0000003459
dev_0000003967,2025-04-14,cust_0000003460
dev_0000003968,2025-06-24,cust_0000003461
dev_0000003969,2026-01-26,cust_0000003462
dev_0000003970,2025-06-07,cust_0000003463
dev_0000003971,2026-02-26,cust_0000003464
dev_0000003972,2026-02-26,cust_0000003464
dev_0000003973,2025-07-15,cust_0000003465
dev_0000003974,2025-05-16,cust_0000003466
dev_0000003975,2025-12-05,cust_0000003467
dev_0000003976,2024-08-04,cust_0000003468
dev_0000003977,2024-04-17,cust_0000003469
dev_0000003978,2025-02-04,cust_0000003470
dev_0000003979,2025-02-04,cust_0000003470
dev_0000003980,2024-06-15,cust_0000003471
dev_0000003981,2024-03-29,cust_0000003472
dev_0000003982,2025-12-09,cust_0000003473
dev_0000003983,2024-02-29,cust_0000003474
dev_0000003984,2025-09-10,cust_0000003475
dev_0000003985,2024-07-25,cust_0000003476
dev_0000003986,2024-07-25,cust_0000003476
dev_0000003987,2023-12-28,cust_0000003477
dev_0000003988,2024-01-26,cust_0000003478
dev_0000003989,2024-09-19,cust_0000003479
dev_0000003990,2026-03-06,cust_0000003480
dev_0000003991,2024-06-07,cust_0000003481
dev_0000003992,2025-08-17,cust_0000003482
dev_0000003993,2024-01-20,cust_0000003483
dev_0000003994,2026-01-04,cust_0000003484
dev_0000003995,2024-10-06,cust_0000003485
dev_0000003996,2024-06-03,cust_0000003486
dev_0000003997,2025-07-19,cust_0000003487
dev_0000003998,2025-07-19,cust_0000003487
dev_0000003999,2025-06-09,cust_0000003488
dev_0000004000,2024-11-26,cust_0000003489
dev_0000004001,2024-11-26,cust_0000003489
dev_0000004002,2025-12-13,cust_0000003490
dev_0000004003,2026-01-11,cust_0000003491
dev_0000004004,2025-11-08,cust_0000003492
dev_0000004005,2025-11-08,cust_0000003492
dev_0000004006,2024-06-15,cust_0000003493
dev_0000004007,2023-12-17,cust_0000003494
dev_0000004008,2024-12-08,cust_0000003495
dev_0000004009,2024-12-08,cust_0000003495
dev_0000004010,2025-06-30,cust_0000003496
dev_0000004011,2024-06-12,cust_0000003497
dev_0000004012,2026-03-13,cust_0000003498
dev_0000004013,2024-10-23,cust_0000003499
dev_0000004014,2024-12-08,cust_0000003500
dev_0000004015,2024-01-21,cust_0000003501
dev_0000004016,2026-04-18,cust_0000003502
dev_0000004017,2026-02-13,cust_0000003503
dev_0000004018,2025-07-04,cust_0000003504
dev_0000004019,2024-08-04,cust_0000003505
dev_0000004020,2024-08-04,cust_0000003505
dev_0000004021,2026-04-16,cust_0000003506
dev_0000004022,2025-12-25,cust_0000003507
dev_0000004023,2025-12-25,cust_0000003507
dev_0000004024,2026-04-16,cust_0000003508
dev_0000004025,2024-12-04,cust_0000003509
dev_0000004026,2025-09-06,cust_0000003510
dev_0000004027,2025-09-06,cust_0000003510
dev_0000004028,2026-01-05,cust_0000003511
dev_0000004029,2024-11-23,cust_0000003512
dev_0000004030,2024-01-21,cust_0000003513
dev_0000004031,2024-12-31,cust_0000003514
dev_0000004032,2024-04-20,cust_0000003515
dev_0000004033,2025-02-16,cust_0000003516
dev_0000004034,2025-05-14,cust_0000003517
dev_0000004035,2024-07-07,cust_0000003518
dev_0000004036,2024-07-07,cust_0000003518
dev_0000004037,2024-06-28,cust_0000003519
dev_0000004038,2024-01-03,cust_0000003520
dev_0000004039,2025-12-04,cust_0000003521
dev_0000004040,2025-09-03,cust_0000003522
dev_0000004041,2025-09-03,cust_0000003522
dev_0000004042,2026-04-11,cust_0000003523
dev_0000004043,2025-09-13,cust_0000003524
dev_0000004044,2026-04-01,cust_0000003525
dev_0000004045,2024-08-28,cust_0000003526
dev_0000004046,2025-05-25,cust_0000003527
dev_0000004047,2024-12-29,cust_0000003528
dev_0000004048,2025-12-01,cust_0000003529
dev_0000004049,2025-11-30,cust_0000003530
dev_0000004050,2024-01-29,cust_0000003531
dev_0000004051,2026-02-22,cust_0000003532
dev_0000004052,2026-02-22,cust_0000003532
dev_0000004053,2025-10-10,cust_0000003533
dev_0000004054,2025-09-12,cust_0000003534
dev_0000004055,2025-04-22,cust_0000003535
dev_0000004056,2024-02-02,cust_0000003536
dev_0000004057,2024-07-21,cust_0000003537
dev_0000004058,2024-07-21,cust_0000003537
dev_0000004059,2025-09-04,cust_0000003538
dev_0000004060,2025-04-14,cust_0000003539
dev_0000004061,2024-08-11,cust_0000003540
dev_0000004062,2025-07-01,cust_0000003541
dev_0000004063,2026-04-20,cust_0000003542
dev_0000004064,2024-05-28,cust_0000003543
dev_0000004065,2024-04-12,cust_0000003544
dev_0000004066,2024-02-10,cust_0000003545
dev_0000004067,2025-09-15,cust_0000003546
dev_0000004068,2024-09-05,cust_0000003547
dev_0000004069,2025-05-31,cust_0000003548
dev_0000004070,2025-08-19,cust_0000003549
dev_0000004071,2025-11-30,cust_0000003550
dev_0000004072,2025-11-30,cust_0000003550
dev_0000004073,2025-06-13,cust_0000003551
dev_0000004074,2024-12-26,cust_0000003552
dev_0000004075,2025-10-02,cust_0000003553
dev_0000004076,2025-03-09,cust_0000003554
dev_0000004077,2025-12-08,cust_0000003555
dev_0000004078,2024-08-13,cust_0000003556
dev_0000004079,2024-04-09,cust_0000003557
dev_0000004080,2024-04-26,cust_0000003558
dev_0000004081,2024-04-26,cust_0000003558
dev_0000004082,2026-02-23,cust_0000003559
dev_0000004083,2024-08-13,cust_0000003560
dev_0000004084,2024-08-13,cust_0000003560
dev_0000004085,2025-01-24,cust_0000003561
dev_0000004086,2024-02-02,cust_0000003562
dev_0000004087,2024-07-20,cust_0000003563
dev_0000004088,2026-03-02,cust_0000003564
dev_0000004089,2024-03-26,cust_0000003565
dev_0000004090,2024-06-17,cust_0000003566
dev_0000004091,2024-02-10,cust_0000003567
dev_0000004092,2026-01-28,cust_0000003568
dev_0000004093,2026-01-28,cust_0000003568
dev_0000004094,2024-04-02,cust_0000003569
dev_0000004095,2025-02-27,cust_0000003570
dev_0000004096,2024-08-27,cust_0000003571
dev_0000004097,2024-04-11,cust_0000003572
dev_0000004098,2025-04-07,cust_0000003573
dev_0000004099,2025-04-07,cust_0000003573
dev_0000004100,2026-03-09,cust_0000003574
dev_0000004101,2026-03-09,cust_0000003574
dev_0000004102,2024-04-28,cust_0000003575
dev_0000004103,2024-11-06,cust_0000003576
dev_0000004104,2025-08-12,cust_0000003577
dev_0000004105,2025-04-20,cust_0000003578
dev_0000004106,2025-02-01,cust_0000003579
dev_0000004107,2024-02-14,cust_0000003580
dev_0000004108,2025-07-14,cust_0000003581
dev_0000004109,2026-02-11,cust_0000003582
dev_0000004110,2025-08-24,cust_0000003583
dev_0000004111,2024-04-01,cust_0000003584
dev_0000004112,2026-01-26,cust_0000003585
dev_0000004113,2026-01-26,cust_0000003585
dev_0000004114,2024-08-27,cust_0000003586
dev_0000004115,2026-03-06,cust_0000003587
dev_0000004116,2025-04-04,cust_0000003588
dev_0000004117,2026-02-14,cust_0000003589
dev_0000004118,2025-02-08,cust_0000003590
dev_0000004119,2024-02-15,cust_0000003591
dev_0000004120,2025-11-16,cust_0000003592
dev_0000004121,2024-04-17,cust_0000003593
dev_0000004122,2025-11-26,cust_0000003594
dev_0000004123,2024-11-24,cust_0000003595
dev_0000004124,2024-08-19,cust_0000003596
dev_0000004125,2025-10-26,cust_0000003597
dev_0000004126,2025-10-26,cust_0000003597
dev_0000004127,2026-01-10,cust_0000003598
dev_0000004128,2026-01-12,cust_0000003599
dev_0000004129,2024-07-21,cust_0000003600
dev_0000004130,2025-03-22,cust_0000003601
dev_0000004131,2025-03-22,cust_0000003601
dev_0000004132,2024-03-14,cust_0000003602
dev_0000004133,2026-02-11,cust_0000003603
dev_0000004134,2026-04-09,cust_0000003604
dev_0000004135,2024-10-03,cust_0000003605
dev_0000004136,2026-02-19,cust_0000003606
dev_0000004137,2026-02-19,cust_0000003606
dev_0000004138,2025-03-27,cust_0000003607
dev_0000004139,2025-03-27,cust_0000003607
dev_0000004140,2025-09-10,cust_0000003608
dev_0000004141,2025-02-04,cust_0000003609
dev_0000004142,2024-12-19,cust_0000003610
dev_0000004143,2025-11-08,cust_0000003611
dev_0000004144,2024-03-02,cust_0000003612
dev_0000004145,2024-03-02,cust_0000003612
dev_0000004146,2025-06-19,cust_0000003613
dev_0000004147,2026-03-07,cust_0000003614
dev_0000004148,2025-12-18,cust_0000003615
dev_0000004149,2024-05-22,cust_0000003616
dev_0000004150,2024-01-18,cust_0000003617
dev_0000004151,2024-01-18,cust_0000003617
dev_0000004152,2025-12-28,cust_0000003618
dev_0000004153,2025-09-21,cust_0000003619
dev_0000004154,2025-11-01,cust_0000003620
dev_0000004155,2024-08-02,cust_0000003621
dev_0000004156,2026-04-03,cust_0000003622
dev_0000004157,2025-02-25,cust_0000003623
dev_0000004158,2025-02-25,cust_0000003623
dev_0000004159,2024-02-03,cust_0000003624
dev_0000004160,2024-02-01,cust_0000003625
dev_0000004161,2025-01-13,cust_0000003626
dev_0000004162,2025-10-07,cust_0000003627
dev_0000004163,2025-10-25,cust_0000003628
dev_0000004164,2025-07-02,cust_0000003629
dev_0000004165,2024-08-05,cust_0000003630
dev_0000004166,2025-03-27,cust_0000003631
dev_0000004167,2025-11-01,cust_0000003632
dev_0000004168,2024-04-09,cust_0000003633
dev_0000004169,2025-05-28,cust_0000003634
dev_0000004170,2024-11-16,cust_0000003635
dev_0000004171,2025-09-02,cust_0000003636
dev_0000004172,2026-04-11,cust_0000003637
dev_0000004173,2024-01-16,cust_0000003638
dev_0000004174,2025-02-26,cust_0000003639
dev_0000004175,2025-04-02,cust_0000003640
dev_0000004176,2025-05-19,cust_0000003641
dev_0000004177,2026-01-11,cust_0000003642
dev_0000004178,2024-11-19,cust_0000003643
dev_0000004179,2024-11-15,cust_0000003644
dev_0000004180,2024-11-15,cust_0000003644
dev_0000004181,2025-02-04,cust_0000003645
dev_0000004182,2025-10-24,cust_0000003646
dev_0000004183,2025-10-01,cust_0000003647
dev_0000004184,2025-03-20,cust_0000003648
dev_0000004185,2025-04-09,cust_0000003649
dev_0000004186,2024-06-26,cust_0000003650
dev_0000004187,2024-06-26,cust_0000003650
dev_0000004188,2025-05-05,cust_0000003651
dev_0000004189,2025-05-05,cust_0000003651
dev_0000004190,2026-04-24,cust_0000003652
dev_0000004191,2026-04-24,cust_0000003652
dev_0000004192,2026-01-05,cust_0000003653
dev_0000004193,2024-06-09,cust_0000003654
dev_0000004194,2023-12-21,cust_0000003655
dev_0000004195,2026-01-03,cust_0000003656
dev_0000004196,2026-01-03,cust_0000003656
dev_0000004197,2025-07-16,cust_0000003657
dev_0000004198,2024-01-01,cust_0000003658
dev_0000004199,2024-06-27,cust_0000003659
dev_0000004200,2024-06-27,cust_0000003659
dev_0000004201,2024-02-14,cust_0000003660
dev_0000004202,2024-11-29,cust_0000003661
dev_0000004203,2025-10-02,cust_0000003662
dev_0000004204,2024-09-15,cust_0000003663
dev_0000004205,2026-04-27,cust_0000003664
dev_0000004206,2026-04-07,cust_0000003665
dev_0000004207,2025-11-19,cust_0000003666
dev_0000004208,2025-11-19,cust_0000003666
dev_0000004209,2025-06-19,cust_0000003667
dev_0000004210,2025-10-14,cust_0000003668
dev_0000004211,2025-10-14,cust_0000003668
dev_0000004212,2024-08-27,cust_0000003669
dev_0000004213,2024-08-27,cust_0000003669
dev_0000004214,2025-11-14,cust_0000003670
dev_0000004215,2024-03-10,cust_0000003671
dev_0000004216,2024-03-10,cust_0000003671
dev_0000004217,2025-05-16,cust_0000003672
dev_0000004218,2024-08-27,cust_0000003673
dev_0000004219,2024-08-27,cust_0000003673
dev_0000004220,2025-12-03,cust_0000003674
dev_0000004221,2024-04-20,cust_0000003675
dev_0000004222,2025-09-27,cust_0000003676
dev_0000004223,2024-02-21,cust_0000003677
dev_0000004224,2026-04-16,cust_0000003678
dev_0000004225,2026-03-23,cust_0000003679
dev_0000004226,2025-01-02,cust_0000003680
dev_0000004227,2025-03-14,cust_0000003681
dev_0000004228,2025-11-18,cust_0000003682
dev_0000004229,2024-12-31,cust_0000003683
dev_0000004230,2024-02-08,cust_0000003684
dev_0000004231,2024-08-29,cust_0000003685
dev_0000004232,2025-01-25,cust_0000003686
dev_0000004233,2024-02-10,cust_0000003687
dev_0000004234,2025-08-21,cust_0000003688
dev_0000004235,2025-10-01,cust_0000003689
dev_0000004236,2024-06-21,cust_0000003690
dev_0000004237,2024-02-15,cust_0000003691
dev_0000004238,2024-07-10,cust_0000003692
dev_0000004239,2024-07-10,cust_0000003692
dev_0000004240,2025-09-23,cust_0000003693
dev_0000004241,2025-10-25,cust_0000003694
dev_0000004242,2025-07-13,cust_0000003695
dev_0000004243,2026-01-12,cust_0000003696
dev_0000004244,2026-01-04,cust_0000003697
dev_0000004245,2026-01-04,cust_0000003697
dev_0000004246,2024-07-22,cust_0000003698
dev_0000004247,2026-03-12,cust_0000003699
dev_0000004248,2026-03-22,cust_0000003700
dev_0000004249,2025-06-07,cust_0000003701
dev_0000004250,2025-12-12,cust_0000003702
dev_0000004251,2025-12-12,cust_0000003702
dev_0000004252,2025-01-11,cust_0000003703
dev_0000004253,2025-11-26,cust_0000003704
dev_0000004254,2024-05-05,cust_0000003705
dev_0000004255,2026-04-20,cust_0000003706
dev_0000004256,2024-05-07,cust_0000003707
dev_0000004257,2026-03-08,cust_0000003708
dev_0000004258,2025-07-05,cust_0000003709
dev_0000004259,2025-12-06,cust_0000003710
dev_0000004260,2024-10-15,cust_0000003711
dev_0000004261,2024-07-28,cust_0000003712
dev_0000004262,2024-10-31,cust_0000003713
dev_0000004263,2026-04-02,cust_0000003714
dev_0000004264,2024-05-22,cust_0000003715
dev_0000004265,2025-11-04,cust_0000003716
dev_0000004266,2024-09-03,cust_0000003717
dev_0000004267,2024-04-14,cust_0000003718
dev_0000004268,2025-12-02,cust_0000003719
dev_0000004269,2024-04-21,cust_0000003720
dev_0000004270,2024-04-21,cust_0000003720
dev_0000004271,2025-03-01,cust_0000003721
dev_0000004272,2025-03-01,cust_0000003721
dev_0000004273,2024-07-21,cust_0000003722
dev_0000004274,2024-05-21,cust_0000003723
dev_0000004275,2025-06-29,cust_0000003724
dev_0000004276,2025-01-07,cust_0000003725
dev_0000004277,2025-11-07,cust_0000003726
dev_0000004278,2024-04-11,cust_0000003727
dev_0000004279,2024-04-11,cust_0000003727
dev_0000004280,2025-11-21,cust_0000003728
dev_0000004281,2025-01-31,cust_0000003729
dev_0000004282,2025-01-31,cust_0000003729
dev_0000004283,2025-08-12,cust_0000003730
dev_0000004284,2026-01-12,cust_0000003731
dev_0000004285,2024-10-02,cust_0000003732
dev_0000004286,2025-09-30,cust_0000003733
dev_0000004287,2025-04-12,cust_0000003734
dev_0000004288,2024-01-05,cust_0000003735
dev_0000004289,2025-07-10,cust_0000003736
dev_0000004290,2024-11-23,cust_0000003737
dev_0000004291,2025-10-03,cust_0000003738
dev_0000004292,2024-05-07,cust_0000003739
dev_0000004293,2024-07-09,cust_0000003740
dev_0000004294,2024-06-30,cust_0000003741
dev_0000004295,2025-01-21,cust_0000003742
dev_0000004296,2025-01-21,cust_0000003742
dev_0000004297,2025-11-29,cust_0000003743
dev_0000004298,2025-11-29,cust_0000003743
dev_0000004299,2025-02-01,cust_0000003744
dev_0000004300,2024-08-22,cust_0000003745
dev_0000004301,2024-09-18,cust_0000003746
dev_0000004302,2025-07-04,cust_0000003747
dev_0000004303,2024-11-21,cust_0000003748
dev_0000004304,2025-01-24,cust_0000003749
dev_0000004305,2026-04-01,cust_0000003750
dev_0000004306,2024-01-07,cust_0000003751
dev_0000004307,2026-01-27,cust_0000003752
dev_0000004308,2024-01-05,cust_0000003753
dev_0000004309,2024-05-10,cust_0000003754
dev_0000004310,2024-05-10,cust_0000003754
dev_0000004311,2025-10-18,cust_0000003755
dev_0000004312,2025-12-17,cust_0000003756
dev_0000004313,2025-06-19,cust_0000003757
dev_0000004314,2024-03-20,cust_0000003758
dev_0000004315,2024-08-15,cust_0000003759
dev_0000004316,2024-01-29,cust_0000003760
dev_0000004317,2024-07-20,cust_0000003761
dev_0000004318,2026-02-20,cust_0000003762
dev_0000004319,2024-03-06,cust_0000003763
dev_0000004320,2025-12-22,cust_0000003764
dev_0000004321,2026-02-20,cust_0000003765
dev_0000004322,2024-11-17,cust_0000003766
dev_0000004323,2024-11-17,cust_0000003766
dev_0000004324,2025-10-30,cust_0000003767
dev_0000004325,2024-12-12,cust_0000003768
dev_0000004326,2024-12-14,cust_0000003769
dev_0000004327,2024-09-08,cust_0000003770
dev_0000004328,2026-02-28,cust_0000003771
dev_0000004329,2026-02-28,cust_0000003771
dev_0000004330,2026-01-06,cust_0000003772
dev_0000004331,2025-11-30,cust_0000003773
dev_0000004332,2025-05-14,cust_0000003774
dev_0000004333,2026-01-03,cust_0000003775
dev_0000004334,2024-04-18,cust_0000003776
dev_0000004335,2026-02-17,cust_0000003777
dev_0000004336,2026-02-17,cust_0000003777
dev_0000004337,2026-03-31,cust_0000003778
dev_0000004338,2025-09-16,cust_0000003779
dev_0000004339,2025-09-16,cust_0000003779
dev_0000004340,2025-02-23,cust_0000003780
dev_0000004341,2024-02-24,cust_0000003781
dev_0000004342,2025-08-18,cust_0000003782
dev_0000004343,2026-02-14,cust_0000003783
dev_0000004344,2026-02-14,cust_0000003783
dev_0000004345,2025-09-03,cust_0000003784
dev_0000004346,2024-11-28,cust_0000003785
dev_0000004347,2024-03-14,cust_0000003786
dev_0000004348,2025-12-25,cust_0000003787
dev_0000004349,2025-12-10,cust_0000003788
dev_0000004350,2025-12-26,cust_0000003789
dev_0000004351,2025-08-28,cust_0000003790
dev_0000004352,2024-09-23,cust_0000003791
dev_0000004353,2025-01-23,cust_0000003792
dev_0000004354,2024-10-11,cust_0000003793
dev_0000004355,2024-10-11,cust_0000003793
dev_0000004356,2024-09-24,cust_0000003794
dev_0000004357,2024-10-29,cust_0000003795
dev_0000004358,2025-05-21,cust_0000003796
dev_0000004359,2026-03-18,cust_0000003797
dev_0000004360,2025-12-16,cust_0000003798
dev_0000004361,2025-12-16,cust_0000003798
dev_0000004362,2026-02-27,cust_0000003799
dev_0000004363,2024-01-18,cust_0000003800
dev_0000004364,2024-05-28,cust_0000003801
dev_0000004365,2024-05-28,cust_0000003801
dev_0000004366,2025-11-10,cust_0000003802
dev_0000004367,2026-01-03,cust_0000003803
dev_0000004368,2026-01-03,cust_0000003803
dev_0000004369,2026-02-01,cust_0000003804
dev_0000004370,2025-02-27,cust_0000003805
dev_0000004371,2024-09-14,cust_0000003806
dev_0000004372,2025-01-27,cust_0000003807
dev_0000004373,2023-12-30,cust_0000003808
dev_0000004374,2024-02-01,cust_0000003809
dev_0000004375,2024-12-09,cust_0000003810
dev_0000004376,2024-12-09,cust_0000003810
dev_0000004377,2024-02-02,cust_0000003811
dev_0000004378,2025-04-26,cust_0000003812
dev_0000004379,2025-04-17,cust_0000003813
dev_0000004380,2024-02-21,cust_0000003814
dev_0000004381,2024-08-03,cust_0000003815
dev_0000004382,2024-07-21,cust_0000003816
dev_0000004383,2025-10-19,cust_0000003817
dev_0000004384,2025-10-19,cust_0000003817
dev_0000004385,2025-04-10,cust_0000003818
dev_0000004386,2024-01-11,cust_0000003819
dev_0000004387,2025-07-19,cust_0000003820
dev_0000004388,2024-12-22,cust_0000003821
dev_0000004389,2024-12-22,cust_0000003821
dev_0000004390,2024-06-13,cust_0000003822
dev_0000004391,2025-12-26,cust_0000003823
dev_0000004392,2024-03-14,cust_0000003824
dev_0000004393,2024-03-14,cust_0000003824
dev_0000004394,2025-04-25,cust_0000003825
dev_0000004395,2026-03-15,cust_0000003826
dev_0000004396,2024-06-05,cust_0000003827
dev_0000004397,2026-04-15,cust_0000003828
dev_0000004398,2025-04-27,cust_0000003829
dev_0000004399,2025-01-17,cust_0000003830
dev_0000004400,2024-07-11,cust_0000003831
dev_0000004401,2025-01-28,cust_0000003832
dev_0000004402,2024-01-13,cust_0000003833
dev_0000004403,2025-01-12,cust_0000003834
dev_0000004404,2024-02-15,cust_0000003835
dev_0000004405,2025-01-04,cust_0000003836
dev_0000004406,2024-08-31,cust_0000003837
dev_0000004407,2025-01-16,cust_0000003838
dev_0000004408,2024-01-20,cust_0000003839
dev_0000004409,2024-03-06,cust_0000003840
dev_0000004410,2024-03-06,cust_0000003840
dev_0000004411,2024-04-12,cust_0000003841
dev_0000004412,2026-03-13,cust_0000003842
dev_0000004413,2024-07-31,cust_0000003843
dev_0000004414,2024-07-31,cust_0000003843
dev_0000004415,2025-07-03,cust_0000003844
dev_0000004416,2025-04-28,cust_0000003845
dev_0000004417,2025-07-03,cust_0000003846
dev_0000004418,2024-01-03,cust_0000003847
dev_0000004419,2025-07-28,cust_0000003848
dev_0000004420,2024-02-18,cust_0000003849
dev_0000004421,2024-12-16,cust_0000003850
dev_0000004422,2024-04-15,cust_0000003851
dev_0000004423,2024-10-13,cust_0000003852
dev_0000004424,2024-10-13,cust_0000003852
dev_0000004425,2026-02-16,cust_0000003853
dev_0000004426,2026-03-11,cust_0000003854
dev_0000004427,2025-03-09,cust_0000003855
dev_0000004428,2024-03-03,cust_0000003856
dev_0000004429,2025-09-26,cust_0000003857
dev_0000004430,2024-08-29,cust_0000003858
dev_0000004431,2023-12-20,cust_0000003859
dev_0000004432,2024-10-25,cust_0000003860
dev_0000004433,2025-11-27,cust_0000003861
dev_0000004434,2025-08-24,cust_0000003862
dev_0000004435,2024-12-17,cust_0000003863
dev_0000004436,2026-03-30,cust_0000003864
dev_0000004437,2026-03-30,cust_0000003864
dev_0000004438,2024-03-16,cust_0000003865
dev_0000004439,2024-03-16,cust_0000003865
dev_0000004440,2025-10-06,cust_0000003866
dev_0000004441,2025-07-27,cust_0000003867
dev_0000004442,2024-10-29,cust_0000003868
dev_0000004443,2026-02-25,cust_0000003869
dev_0000004444,2025-02-28,cust_0000003870
dev_0000004445,2025-02-28,cust_0000003870
dev_0000004446,2025-08-22,cust_0000003871
dev_0000004447,2024-01-06,cust_0000003872
dev_0000004448,2024-09-06,cust_0000003873
dev_0000004449,2024-12-26,cust_0000003874
dev_0000004450,2025-01-14,cust_0000003875
dev_0000004451,2025-05-10,cust_0000003876
dev_0000004452,2024-09-06,cust_0000003877
dev_0000004453,2024-07-14,cust_0000003878
dev_0000004454,2025-10-20,cust_0000003879
dev_0000004455,2025-04-15,cust_0000003880
dev_0000004456,2025-10-26,cust_0000003881
dev_0000004457,2024-05-07,cust_0000003882
dev_0000004458,2026-03-24,cust_0000003883
dev_0000004459,2026-03-24,cust_0000003883
dev_0000004460,2024-06-02,cust_0000003884
dev_0000004461,2024-06-02,cust_0000003884
dev_0000004462,2026-03-13,cust_0000003885
dev_0000004463,2025-01-18,cust_0000003886
dev_0000004464,2024-08-04,cust_0000003887
dev_0000004465,2025-02-20,cust_0000003888
dev_0000004466,2025-04-14,cust_0000003889
dev_0000004467,2025-04-14,cust_0000003889
dev_0000004468,2025-04-20,cust_0000003890
dev_0000004469,2025-04-20,cust_0000003890
dev_0000004470,2026-03-15,cust_0000003891
dev_0000004471,2025-11-10,cust_0000003892
dev_0000004472,2025-05-20,cust_0000003893
dev_0000004473,2024-02-08,cust_0000003894
dev_0000004474,2024-02-08,cust_0000003894
dev_0000004475,2025-04-07,cust_0000003895
dev_0000004476,2024-04-25,cust_0000003896
dev_0000004477,2024-06-11,cust_0000003897
dev_0000004478,2024-01-23,cust_0000003898
dev_0000004479,2024-01-23,cust_0000003898
dev_0000004480,2026-04-25,cust_0000003899
dev_0000004481,2026-02-27,cust_0000003900
dev_0000004482,2026-02-27,cust_0000003900
dev_0000004483,2024-12-01,cust_0000003901
dev_0000004484,2024-12-01,cust_0000003901
dev_0000004485,2023-12-18,cust_0000003902
dev_0000004486,2025-01-06,cust_0000003903
dev_0000004487,2025-05-31,cust_0000003904
dev_0000004488,2025-09-23,cust_0000003905
dev_0000004489,2025-09-23,cust_0000003905
dev_0000004490,2024-07-17,cust_0000003906
dev_0000004491,2026-02-09,cust_0000003907
dev_0000004492,2026-02-09,cust_0000003907
dev_0000004493,2025-07-02,cust_0000003908
dev_0000004494,2025-07-02,cust_0000003908
dev_0000004495,2025-12-20,cust_0000003909
dev_0000004496,2025-04-29,cust_0000003910
dev_0000004497,2025-04-29,cust_0000003911
dev_0000004498,2025-07-19,cust_0000003912
dev_0000004499,2026-03-25,cust_0000003913
dev_0000004500,2025-09-20,cust_0000003914
dev_0000004501,2025-06-25,cust_0000003915
dev_0000004502,2025-02-01,cust_0000003916
dev_0000004503,2025-10-08,cust_0000003917
dev_0000004504,2024-11-27,cust_0000003918
dev_0000004505,2024-06-28,cust_0000003919
dev_0000004506,2025-12-18,cust_0000003920
dev_0000004507,2026-04-23,cust_0000003921
dev_0000004508,2026-04-23,cust_0000003921
dev_0000004509,2024-02-10,cust_0000003922
dev_0000004510,2024-06-08,cust_0000003923
dev_0000004511,2026-02-10,cust_0000003924
dev_0000004512,2024-08-21,cust_0000003925
dev_0000004513,2026-04-30,cust_0000003926
dev_0000004514,2024-06-16,cust_0000003927
dev_0000004515,2024-06-16,cust_0000003927
dev_0000004516,2025-06-16,cust_0000003928
dev_0000004517,2025-06-16,cust_0000003928
dev_0000004518,2024-03-19,cust_0000003929
dev_0000004519,2025-03-30,cust_0000003930
dev_0000004520,2025-05-08,cust_0000003931
dev_0000004521,2025-02-28,cust_0000003932
dev_0000004522,2024-12-01,cust_0000003933
dev_0000004523,2025-12-19,cust_0000003934
dev_0000004524,2025-12-19,cust_0000003934
dev_0000004525,2026-04-03,cust_0000003935
dev_0000004526,2024-07-19,cust_0000003936
dev_0000004527,2025-02-22,cust_0000003937
dev_0000004528,2026-01-24,cust_0000003938
dev_0000004529,2026-01-24,cust_0000003938
dev_0000004530,2025-09-07,cust_0000003939
dev_0000004531,2024-11-10,cust_0000003940
dev_0000004532,2024-06-17,cust_0000003941
dev_0000004533,2025-11-10,cust_0000003942
dev_0000004534,2025-10-05,cust_0000003943
dev_0000004535,2025-10-05,cust_0000003943
dev_0000004536,2024-01-09,cust_0000003944
dev_0000004537,2024-05-24,cust_0000003945
dev_0000004538,2024-11-10,cust_0000003946
dev_0000004539,2026-01-06,cust_0000003947
dev_0000004540,2025-10-04,cust_0000003948
dev_0000004541,2025-12-29,cust_0000003949
dev_0000004542,2024-12-27,cust_0000003950
dev_0000004543,2024-12-27,cust_0000003950
dev_0000004544,2024-11-09,cust_0000003951
dev_0000004545,2024-04-07,cust_0000003952
dev_0000004546,2023-12-28,cust_0000003953
dev_0000004547,2024-02-14,cust_0000003954
dev_0000004548,2024-05-01,cust_0000003955
dev_0000004549,2025-05-03,cust_0000003956
dev_0000004550,2025-05-03,cust_0000003956
dev_0000004551,2023-12-27,cust_0000003957
dev_0000004552,2024-07-15,cust_0000003958
dev_0000004553,2024-05-24,cust_0000003959
dev_0000004554,2025-05-22,cust_0000003960
dev_0000004555,2025-06-15,cust_0000003961
dev_0000004556,2024-01-17,cust_0000003962
dev_0000004557,2025-12-10,cust_0000003963
dev_0000004558,2026-04-03,cust_0000003964
dev_0000004559,2025-11-07,cust_0000003965
dev_0000004560,2025-06-03,cust_0000003966
dev_0000004561,2025-06-03,cust_0000003966
dev_0000004562,2024-01-01,cust_0000003967
dev_0000004563,2025-04-03,cust_0000003968
dev_0000004564,2026-03-25,cust_0000003969
dev_0000004565,2024-03-05,cust_0000003970
dev_0000004566,2024-06-12,cust_0000003971
dev_0000004567,2024-09-16,cust_0000003972
dev_0000004568,2025-08-04,cust_0000003973
dev_0000004569,2025-08-04,cust_0000003973
dev_0000004570,2026-05-02,cust_0000003974
dev_0000004571,2025-12-13,cust_0000003975
dev_0000004572,2025-01-23,cust_0000003976
dev_0000004573,2025-01-23,cust_0000003976
dev_0000004574,2024-08-09,cust_0000003977
dev_0000004575,2025-01-21,cust_0000003978
dev_0000004576,2024-11-07,cust_0000003979
dev_0000004577,2024-01-16,cust_0000003980
dev_0000004578,2024-10-06,cust_0000003981
dev_0000004579,2024-08-20,cust_0000003982
dev_0000004580,2024-01-16,cust_0000003983
dev_0000004581,2024-10-28,cust_0000003984
dev_0000004582,2025-05-08,cust_0000003985
dev_0000004583,2024-10-06,cust_0000003986
dev_0000004584,2024-07-31,cust_0000003987
dev_0000004585,2026-02-10,cust_0000003988
dev_0000004586,2026-02-10,cust_0000003988
dev_0000004587,2026-03-02,cust_0000003989
dev_0000004588,2026-02-11,cust_0000003990
dev_0000004589,2025-10-23,cust_0000003991
dev_0000004590,2025-01-02,cust_0000003992
dev_0000004591,2025-01-02,cust_0000003992
dev_0000004592,2024-06-05,cust_0000003993
dev_0000004593,2024-06-05,cust_0000003993
dev_0000004594,2025-09-27,cust_0000003994
dev_0000004595,2024-08-16,cust_0000003995
dev_0000004596,2023-12-30,cust_0000003996
dev_0000004597,2023-12-30,cust_0000003996
dev_0000004598,2024-01-21,cust_0000003997
dev_0000004599,2024-01-21,cust_0000003997
dev_0000004600,2025-01-12,cust_0000003998
dev_0000004601,2025-12-12,cust_0000003999
dev_0000004602,2024-06-17,cust_0000004000
dev_0000004603,2024-06-17,cust_0000004000
dev_0000004604,2024-10-28,cust_0000004001
dev_0000004605,2024-07-18,cust_0000004002
dev_0000004606,2026-01-01,cust_0000004003
dev_0000004607,2024-07-08,cust_0000004004
dev_0000004608,2024-05-31,cust_0000004005
dev_0000004609,2024-05-31,cust_0000004005
dev_0000004610,2024-07-03,cust_0000004006
dev_0000004611,2024-07-03,cust_0000004006
dev_0000004612,2024-04-14,cust_0000004007
dev_0000004613,2025-04-17,cust_0000004008
dev_0000004614,2025-04-17,cust_0000004008
dev_0000004615,2024-04-14,cust_0000004009
dev_0000004616,2024-10-15,cust_0000004010
dev_0000004617,2025-04-06,cust_0000004011
dev_0000004618,2025-02-02,cust_0000004012
dev_0000004619,2025-02-02,cust_0000004012
dev_0000004620,2026-01-12,cust_0000004013
dev_0000004621,2025-08-22,cust_0000004014
dev_0000004622,2026-01-15,cust_0000004015
dev_0000004623,2024-07-01,cust_0000004016
dev_0000004624,2024-04-28,cust_0000004017
dev_0000004625,2025-08-03,cust_0000004018
dev_0000004626,2026-03-23,cust_0000004019
dev_0000004627,2024-09-14,cust_0000004020
dev_0000004628,2025-02-05,cust_0000004021
dev_0000004629,2026-02-16,cust_0000004022
dev_0000004630,2024-09-21,cust_0000004023
dev_0000004631,2025-08-21,cust_0000004024
dev_0000004632,2025-07-01,cust_0000004025
dev_0000004633,2025-07-01,cust_0000004025
dev_0000004634,2026-02-23,cust_0000004026
dev_0000004635,2024-07-24,cust_0000004027
dev_0000004636,2025-06-28,cust_0000004028
dev_0000004637,2026-01-29,cust_0000004029
dev_0000004638,2025-03-25,cust_0000004030
dev_0000004639,2025-12-26,cust_0000004031
dev_0000004640,2024-05-09,cust_0000004032
dev_0000004641,2025-10-23,cust_0000004033
dev_0000004642,2025-02-03,cust_0000004034
dev_0000004643,2024-10-04,cust_0000004035
dev_0000004644,2024-04-19,cust_0000004036
dev_0000004645,2026-03-25,cust_0000004037
dev_0000004646,2023-12-25,cust_0000004038
dev_0000004647,2023-12-25,cust_0000004038
dev_0000004648,2025-10-24,cust_0000004039
dev_0000004649,2024-11-11,cust_0000004040
dev_0000004650,2026-05-02,cust_0000004041
dev_0000004651,2025-04-25,cust_0000004042
dev_0000004652,2025-04-25,cust_0000004042
dev_0000004653,2024-05-29,cust_0000004043
dev_0000004654,2025-10-12,cust_0000004044
dev_0000004655,2024-08-30,cust_0000004045
dev_0000004656,2025-04-30,cust_0000004046
dev_0000004657,2025-06-25,cust_0000004047
dev_0000004658,2024-04-09,cust_0000004048
dev_0000004659,2024-08-28,cust_0000004049
dev_0000004660,2025-02-06,cust_0000004050
dev_0000004661,2024-09-02,cust_0000004051
dev_0000004662,2024-11-13,cust_0000004052
dev_0000004663,2024-07-28,cust_0000004053
dev_0000004664,2024-11-20,cust_0000004054
dev_0000004665,2025-06-22,cust_0000004055
dev_0000004666,2025-04-30,cust_0000004056
dev_0000004667,2024-06-22,cust_0000004057
dev_0000004668,2024-08-23,cust_0000004058
dev_0000004669,2026-04-30,cust_0000004059
dev_0000004670,2025-11-06,cust_0000004060
dev_0000004671,2026-03-22,cust_0000004061
dev_0000004672,2024-11-04,cust_0000004062
dev_0000004673,2024-11-04,cust_0000004062
dev_0000004674,2023-12-30,cust_0000004063
dev_0000004675,2025-05-06,cust_0000004064
dev_0000004676,2025-05-06,cust_0000004064
dev_0000004677,2024-03-21,cust_0000004065
dev_0000004678,2024-06-25,cust_0000004066
dev_0000004679,2024-01-13,cust_0000004067
dev_0000004680,2024-01-13,cust_0000004067
dev_0000004681,2024-05-04,cust_0000004068
dev_0000004682,2025-03-17,cust_0000004069
dev_0000004683,2024-12-08,cust_0000004070
dev_0000004684,2024-04-21,cust_0000004071
dev_0000004685,2025-04-15,cust_0000004072
dev_0000004686,2025-04-15,cust_0000004072
dev_0000004687,2024-07-24,cust_0000004073
dev_0000004688,2024-07-24,cust_0000004073
dev_0000004689,2024-05-09,cust_0000004074
dev_0000004690,2024-05-09,cust_0000004074
dev_0000004691,2024-04-28,cust_0000004075
dev_0000004692,2024-11-24,cust_0000004076
dev_0000004693,2024-03-19,cust_0000004077
dev_0000004694,2025-01-28,cust_0000004078
dev_0000004695,2025-01-28,cust_0000004078
dev_0000004696,2024-07-15,cust_0000004079
dev_0000004697,2024-07-15,cust_0000004079
dev_0000004698,2024-05-22,cust_0000004080
dev_0000004699,2024-07-28,cust_0000004081
dev_0000004700,2024-04-07,cust_0000004082
dev_0000004701,2024-11-17,cust_0000004083
dev_0000004702,2025-04-15,cust_0000004084
dev_0000004703,2026-01-15,cust_0000004085
dev_0000004704,2026-03-13,cust_0000004086
dev_0000004705,2024-12-20,cust_0000004087
dev_0000004706,2026-02-22,cust_0000004088
dev_0000004707,2025-02-14,cust_0000004089
dev_0000004708,2024-03-10,cust_0000004090
dev_0000004709,2025-10-20,cust_0000004091
dev_0000004710,2025-02-03,cust_0000004092
dev_0000004711,2025-02-03,cust_0000004092
dev_0000004712,2025-11-15,cust_0000004093
dev_0000004713,2024-07-11,cust_0000004094
dev_0000004714,2024-07-11,cust_0000004094
dev_0000004715,2025-01-04,cust_0000004095
dev_0000004716,2025-01-04,cust_0000004095
dev_0000004717,2024-10-13,cust_0000004096
dev_0000004718,2024-02-14,cust_0000004097
dev_0000004719,2024-02-14,cust_0000004097
dev_0000004720,2025-04-08,cust_0000004098
dev_0000004721,2026-04-17,cust_0000004099
dev_0000004722,2026-04-17,cust_0000004099
dev_0000004723,2024-01-09,cust_0000004100
dev_0000004724,2024-01-09,cust_0000004100
dev_0000004725,2024-12-27,cust_0000004101
dev_0000004726,2024-12-27,cust_0000004101
dev_0000004727,2025-04-07,cust_0000004102
dev_0000004728,2024-12-31,cust_0000004103
dev_0000004729,2025-01-14,cust_0000004104
dev_0000004730,2024-10-06,cust_0000004105
dev_0000004731,2025-04-20,cust_0000004106
dev_0000004732,2025-04-20,cust_0000004106
dev_0000004733,2025-11-15,cust_0000004107
dev_0000004734,2024-07-05,cust_0000004108
dev_0000004735,2025-04-19,cust_0000004109
dev_0000004736,2024-10-23,cust_0000004110
dev_0000004737,2026-01-26,cust_0000004111
dev_0000004738,2026-01-26,cust_0000004111
dev_0000004739,2024-03-18,cust_0000004112
dev_0000004740,2025-09-23,cust_0000004113
dev_0000004741,2025-03-30,cust_0000004114
dev_0000004742,2026-04-14,cust_0000004115
dev_0000004743,2026-03-06,cust_0000004116
dev_0000004744,2024-11-25,cust_0000004117
dev_0000004745,2025-01-30,cust_0000004118
dev_0000004746,2024-12-17,cust_0000004119
dev_0000004747,2024-12-03,cust_0000004120
dev_0000004748,2025-05-23,cust_0000004121
dev_0000004749,2024-12-16,cust_0000004122
dev_0000004750,2025-02-16,cust_0000004123
dev_0000004751,2026-01-10,cust_0000004124
dev_0000004752,2024-09-25,cust_0000004125
dev_0000004753,2024-07-15,cust_0000004126
dev_0000004754,2024-07-15,cust_0000004126
dev_0000004755,2026-01-09,cust_0000004127
dev_0000004756,2024-11-21,cust_0000004128
dev_0000004757,2026-02-19,cust_0000004129
dev_0000004758,2024-01-10,cust_0000004130
dev_0000004759,2024-01-10,cust_0000004130
dev_0000004760,2025-04-29,cust_0000004131
dev_0000004761,2025-04-16,cust_0000004132
dev_0000004762,2024-06-19,cust_0000004133
dev_0000004763,2025-08-16,cust_0000004134
dev_0000004764,2025-08-29,cust_0000004135
dev_0000004765,2025-01-29,cust_0000004136
dev_0000004766,2024-02-28,cust_0000004137
dev_0000004767,2026-03-16,cust_0000004138
dev_0000004768,2026-03-16,cust_0000004138
dev_0000004769,2023-12-24,cust_0000004139
dev_0000004770,2024-09-05,cust_0000004140
dev_0000004771,2026-02-19,cust_0000004141
dev_0000004772,2025-01-25,cust_0000004142
dev_0000004773,2024-06-14,cust_0000004143
dev_0000004774,2024-12-31,cust_0000004144
dev_0000004775,2025-12-02,cust_0000004145
dev_0000004776,2025-12-02,cust_0000004145
dev_0000004777,2024-02-12,cust_0000004146
dev_0000004778,2026-04-18,cust_0000004147
dev_0000004779,2025-02-19,cust_0000004148
dev_0000004780,2025-11-10,cust_0000004149
dev_0000004781,2024-06-12,cust_0000004150
dev_0000004782,2024-07-04,cust_0000004151
dev_0000004783,2024-03-12,cust_0000004152
dev_0000004784,2025-04-20,cust_0000004153
dev_0000004785,2025-11-27,cust_0000004154
dev_0000004786,2025-11-27,cust_0000004154
dev_0000004787,2024-06-09,cust_0000004155
dev_0000004788,2024-03-29,cust_0000004156
dev_0000004789,2026-03-03,cust_0000004157
dev_0000004790,2026-03-03,cust_0000004157
dev_0000004791,2024-01-03,cust_0000004158
dev_0000004792,2024-01-03,cust_0000004158
dev_0000004793,2024-01-27,cust_0000004159
dev_0000004794,2024-06-22,cust_0000004160
dev_0000004795,2024-06-22,cust_0000004160
dev_0000004796,2024-09-04,cust_0000004161
dev_0000004797,2025-11-26,cust_0000004162
dev_0000004798,2025-12-05,cust_0000004163
dev_0000004799,2025-02-08,cust_0000004164
dev_0000004800,2026-02-18,cust_0000004165
dev_0000004801,2026-03-30,cust_0000004166
dev_0000004802,2025-12-12,cust_0000004167
dev_0000004803,2025-12-12,cust_0000004167
dev_0000004804,2025-03-23,cust_0000004168
dev_0000004805,2024-10-11,cust_0000004169
dev_0000004806,2024-10-11,cust_0000004169
dev_0000004807,2025-08-25,cust_0000004170
dev_0000004808,2025-03-11,cust_0000004171
dev_0000004809,2025-03-11,cust_0000004171
dev_0000004810,2024-08-10,cust_0000004172
dev_0000004811,2026-01-27,cust_0000004173
dev_0000004812,2024-02-03,cust_0000004174
dev_0000004813,2024-08-17,cust_0000004175
dev_0000004814,2025-12-06,cust_0000004176
dev_0000004815,2025-02-05,cust_0000004177
dev_0000004816,2025-09-28,cust_0000004178
dev_0000004817,2024-06-29,cust_0000004179
dev_0000004818,2025-08-21,cust_0000004180
dev_0000004819,2025-01-03,cust_0000004181
dev_0000004820,2025-11-12,cust_0000004182
dev_0000004821,2026-04-05,cust_0000004183
dev_0000004822,2025-11-06,cust_0000004184
dev_0000004823,2024-06-01,cust_0000004185
dev_0000004824,2024-01-30,cust_0000004186
dev_0000004825,2025-11-16,cust_0000004187
dev_0000004826,2025-11-16,cust_0000004187
dev_0000004827,2024-05-02,cust_0000004188
dev_0000004828,2025-07-24,cust_0000004189
dev_0000004829,2025-02-10,cust_0000004190
dev_0000004830,2025-05-19,cust_0000004191
dev_0000004831,2025-05-08,cust_0000004192
dev_0000004832,2025-09-17,cust_0000004193
dev_0000004833,2024-04-03,cust_0000004194
dev_0000004834,2025-03-20,cust_0000004195
dev_0000004835,2025-03-20,cust_0000004195
dev_0000004836,2025-12-29,cust_0000004196
dev_0000004837,2026-01-02,cust_0000004197
dev_0000004838,2026-01-02,cust_0000004197
dev_0000004839,2025-11-20,cust_0000004198
dev_0000004840,2025-04-25,cust_0000004199
dev_0000004841,2024-04-19,cust_0000004200
dev_0000004842,2024-04-19,cust_0000004200
dev_0000004843,2026-03-02,cust_0000004201
dev_0000004844,2025-04-27,cust_0000004202
dev_0000004845,2025-04-27,cust_0000004202
dev_0000004846,2026-01-19,cust_0000004203
dev_0000004847,2024-06-20,cust_0000004204
dev_0000004848,2025-11-06,cust_0000004205
dev_0000004849,2026-01-23,cust_0000004206
dev_0000004850,2025-06-07,cust_0000004207
dev_0000004851,2025-03-17,cust_0000004208
dev_0000004852,2025-03-06,cust_0000004209
dev_0000004853,2025-01-26,cust_0000004210
dev_0000004854,2024-09-15,cust_0000004211
dev_0000004855,2025-07-28,cust_0000004212
dev_0000004856,2025-12-10,cust_0000004213
dev_0000004857,2025-10-05,cust_0000004214
dev_0000004858,2026-03-01,cust_0000004215
dev_0000004859,2024-04-29,cust_0000004216
dev_0000004860,2024-09-02,cust_0000004217
dev_0000004861,2024-12-07,cust_0000004218
dev_0000004862,2025-07-27,cust_0000004219
dev_0000004863,2025-07-23,cust_0000004220
dev_0000004864,2024-08-10,cust_0000004221
dev_0000004865,2025-01-31,cust_0000004222
dev_0000004866,2025-09-11,cust_0000004223
dev_0000004867,2024-08-14,cust_0000004224
dev_0000004868,2026-01-08,cust_0000004225
dev_0000004869,2025-10-26,cust_0000004226
dev_0000004870,2024-11-06,cust_0000004227
dev_0000004871,2026-01-22,cust_0000004228
dev_0000004872,2025-11-13,cust_0000004229
dev_0000004873,2026-02-27,cust_0000004230
dev_0000004874,2024-12-19,cust_0000004231
dev_0000004875,2024-11-22,cust_0000004232
dev_0000004876,2025-02-23,cust_0000004233
dev_0000004877,2025-02-23,cust_0000004233
dev_0000004878,2024-03-23,cust_0000004234
dev_0000004879,2025-01-26,cust_0000004235
dev_0000004880,2024-08-30,cust_0000004236
dev_0000004881,2024-04-01,cust_0000004237
dev_0000004882,2024-04-01,cust_0000004237
dev_0000004883,2024-08-26,cust_0000004238
dev_0000004884,2026-01-26,cust_0000004239
dev_0000004885,2025-05-22,cust_0000004240
dev_0000004886,2024-07-07,cust_0000004241
dev_0000004887,2025-07-11,cust_0000004242
dev_0000004888,2024-12-30,cust_0000004243
dev_0000004889,2024-12-04,cust_0000004244
dev_0000004890,2024-05-10,cust_0000004245
dev_0000004891,2024-05-21,cust_0000004246
dev_0000004892,2025-08-18,cust_0000004247
dev_0000004893,2026-04-30,cust_0000004248
dev_0000004894,2025-12-03,cust_0000004249
dev_0000004895,2024-03-21,cust_0000004250
dev_0000004896,2023-12-16,cust_0000004251
dev_0000004897,2025-07-23,cust_0000004252
dev_0000004898,2025-02-05,cust_0000004253
dev_0000004899,2024-01-18,cust_0000004254
dev_0000004900,2025-03-25,cust_0000004255
dev_0000004901,2026-04-07,cust_0000004256
dev_0000004902,2024-02-04,cust_0000004257
dev_0000004903,2025-02-11,cust_0000004258
dev_0000004904,2025-02-07,cust_0000004259
dev_0000004905,2024-06-25,cust_0000004260
dev_0000004906,2024-06-25,cust_0000004260
dev_0000004907,2025-08-03,cust_0000004261
dev_0000004908,2025-08-03,cust_0000004261
dev_0000004909,2025-01-08,cust_0000004262
dev_0000004910,2025-01-08,cust_0000004262
dev_0000004911,2025-03-23,cust_0000004263
dev_0000004912,2024-09-29,cust_0000004264
dev_0000004913,2025-11-22,cust_0000004265
dev_0000004914,2024-02-26,cust_0000004266
dev_0000004915,2025-08-20,cust_0000004267
dev_0000004916,2025-08-20,cust_0000004267
dev_0000004917,2024-12-13,cust_0000004268
dev_0000004918,2026-04-03,cust_0000004269
dev_0000004919,2024-04-07,cust_0000004270
dev_0000004920,2024-04-07,cust_0000004270
dev_0000004921,2025-07-15,cust_0000004271
dev_0000004922,2025-05-23,cust_0000004272
dev_0000004923,2025-03-24,cust_0000004273
dev_0000004924,2023-12-21,cust_0000004274
dev_0000004925,2024-04-06,cust_0000004275
dev_0000004926,2026-03-03,cust_0000004276
dev_0000004927,2024-02-07,cust_0000004277
dev_0000004928,2024-02-16,cust_0000004278
dev_0000004929,2024-02-16,cust_0000004278
dev_0000004930,2025-01-01,cust_0000004279
dev_0000004931,2025-01-01,cust_0000004279
dev_0000004932,2025-09-08,cust_0000004280
dev_0000004933,2026-02-03,cust_0000004281
dev_0000004934,2025-01-29,cust_0000004282
dev_0000004935,2025-08-20,cust_0000004283
dev_0000004936,2024-10-05,cust_0000004284
dev_0000004937,2025-08-13,cust_0000004285
dev_0000004938,2025-08-13,cust_0000004285
dev_0000004939,2024-11-03,cust_0000004286
dev_0000004940,2024-08-08,cust_0000004287
dev_0000004941,2024-01-03,cust_0000004288
dev_0000004942,2025-11-24,cust_0000004289
dev_0000004943,2025-11-10,cust_0000004290
dev_0000004944,2025-01-30,cust_0000004291
dev_0000004945,2026-03-24,cust_0000004292
dev_0000004946,2025-08-03,cust_0000004293
dev_0000004947,2026-02-18,cust_0000004294
dev_0000004948,2024-08-21,cust_0000004295
dev_0000004949,2025-09-25,cust_0000004296
dev_0000004950,2025-10-02,cust_0000004297
dev_0000004951,2024-11-20,cust_0000004298
dev_0000004952,2026-03-16,cust_0000004299
dev_0000004953,2025-10-10,cust_0000004300
dev_0000004954,2024-11-21,cust_0000004301
dev_0000004955,2025-10-22,cust_0000004302
dev_0000004956,2024-09-12,cust_0000004303
dev_0000004957,2024-09-12,cust_0000004303
dev_0000004958,2025-01-23,cust_0000004304
dev_0000004959,2025-08-14,cust_0000004305
dev_0000004960,2024-08-20,cust_0000004306
dev_0000004961,2026-03-19,cust_0000004307
dev_0000004962,2025-01-13,cust_0000004308
dev_0000004963,2024-05-21,cust_0000004309
dev_0000004964,2025-10-09,cust_0000004310
dev_0000004965,2025-02-25,cust_0000004311
dev_0000004966,2025-02-25,cust_0000004311
dev_0000004967,2024-02-02,cust_0000004312
dev_0000004968,2024-03-15,cust_0000004313
dev_0000004969,2024-07-12,cust_0000004314
dev_0000004970,2026-03-11,cust_0000004315
dev_0000004971,2024-07-26,cust_0000004316
dev_0000004972,2024-09-15,cust_0000004317
dev_0000004973,2025-08-06,cust_0000004318
dev_0000004974,2026-02-01,cust_0000004319
dev_0000004975,2024-09-12,cust_0000004320
dev_0000004976,2024-09-12,cust_0000004320
dev_0000004977,2025-10-01,cust_0000004321
dev_0000004978,2024-11-19,cust_0000004322
dev_0000004979,2024-02-14,cust_0000004323
dev_0000004980,2025-07-17,cust_0000004324
dev_0000004981,2024-02-12,cust_0000004325
dev_0000004982,2024-11-26,cust_0000004326
dev_0000004983,2026-05-02,cust_0000004327
dev_0000004984,2026-05-02,cust_0000004327
dev_0000004985,2026-01-04,cust_0000004328
dev_0000004986,2025-08-18,cust_0000004329
dev_0000004987,2024-11-06,cust_0000004330
dev_0000004988,2025-06-23,cust_0000004331
dev_0000004989,2024-11-16,cust_0000004332
dev_0000004990,2025-05-29,cust_0000004333
dev_0000004991,2025-12-10,cust_0000004334
dev_0000004992,2024-02-14,cust_0000004335
dev_0000004993,2025-04-28,cust_0000004336
dev_0000004994,2024-01-18,cust_0000004337
dev_0000004995,2025-09-20,cust_0000004338
dev_0000004996,2024-02-06,cust_0000004339
dev_0000004997,2026-05-01,cust_0000004340
dev_0000004998,2024-01-29,cust_0000004341
dev_0000004999,2025-06-20,cust_0000004342
dev_0000005000,2025-11-20,cust_0000004343
dev_0000005001,2025-11-20,cust_0000004343
dev_0000005002,2024-06-08,cust_0000004344
dev_0000005003,2025-02-10,cust_0000004345
dev_0000005004,2025-05-17,cust_0000004346
dev_0000005005,2024-03-23,cust_0000004347
dev_0000005006,2024-03-23,cust_0000004347
dev_0000005007,2025-04-25,cust_0000004348
dev_0000005008,2025-04-05,cust_0000004349
dev_0000005009,2024-03-04,cust_0000004350
dev_0000005010,2025-09-08,cust_0000004351
dev_0000005011,2025-09-08,cust_0000004351
dev_0000005012,2025-06-17,cust_0000004352
dev_0000005013,2026-01-20,cust_0000004353
dev_0000005014,2025-01-12,cust_0000004354
dev_0000005015,2024-12-31,cust_0000004355
dev_0000005016,2026-03-29,cust_0000004356
dev_0000005017,2024-07-07,cust_0000004357
dev_0000005018,2025-11-25,cust_0000004358
dev_0000005019,2025-11-25,cust_0000004358
dev_0000005020,2024-03-29,cust_0000004359
dev_0000005021,2024-03-29,cust_0000004359
dev_0000005022,2025-07-14,cust_0000004360
dev_0000005023,2024-10-16,cust_0000004361
dev_0000005024,2024-11-15,cust_0000004362
dev_0000005025,2024-09-27,cust_0000004363
dev_0000005026,2025-10-10,cust_0000004364
dev_0000005027,2025-05-16,cust_0000004365
dev_0000005028,2025-05-16,cust_0000004365
dev_0000005029,2024-12-16,cust_0000004366
dev_0000005030,2024-01-14,cust_0000004367
dev_0000005031,2024-10-11,cust_0000004368
dev_0000005032,2024-05-14,cust_0000004369
dev_0000005033,2025-10-14,cust_0000004370
dev_0000005034,2023-12-19,cust_0000004371
dev_0000005035,2025-09-21,cust_0000004372
dev_0000005036,2025-04-01,cust_0000004373
dev_0000005037,2025-03-13,cust_0000004374
dev_0000005038,2025-03-13,cust_0000004374
dev_0000005039,2024-07-29,cust_0000004375
dev_0000005040,2025-01-01,cust_0000004376
dev_0000005041,2025-01-01,cust_0000004376
dev_0000005042,2025-04-07,cust_0000004377
dev_0000005043,2024-09-26,cust_0000004378
dev_0000005044,2024-04-04,cust_0000004379
dev_0000005045,2024-02-24,cust_0000004380
dev_0000005046,2025-09-22,cust_0000004381
dev_0000005047,2025-09-22,cust_0000004381
dev_0000005048,2026-03-22,cust_0000004382
dev_0000005049,2025-10-14,cust_0000004383
dev_0000005050,2026-03-19,cust_0000004384
dev_0000005051,2025-04-22,cust_0000004385
dev_0000005052,2024-07-14,cust_0000004386
dev_0000005053,2024-04-04,cust_0000004387
dev_0000005054,2025-04-28,cust_0000004388
dev_0000005055,2025-02-04,cust_0000004389
dev_0000005056,2025-11-13,cust_0000004390
dev_0000005057,2025-11-15,cust_0000004391
dev_0000005058,2024-03-26,cust_0000004392
dev_0000005059,2024-12-05,cust_0000004393
dev_0000005060,2024-09-27,cust_0000004394
dev_0000005061,2024-09-20,cust_0000004395
dev_0000005062,2024-09-20,cust_0000004395
dev_0000005063,2025-08-18,cust_0000004396
dev_0000005064,2025-12-17,cust_0000004397
dev_0000005065,2025-01-10,cust_0000004398
dev_0000005066,2024-11-16,cust_0000004399
dev_0000005067,2025-12-14,cust_0000004400
dev_0000005068,2025-04-25,cust_0000004401
dev_0000005069,2025-04-25,cust_0000004401
dev_0000005070,2024-07-31,cust_0000004402
dev_0000005071,2025-04-28,cust_0000004403
dev_0000005072,2025-04-30,cust_0000004404
dev_0000005073,2025-04-12,cust_0000004405
dev_0000005074,2026-02-18,cust_0000004406
dev_0000005075,2026-02-24,cust_0000004407
dev_0000005076,2026-02-24,cust_0000004407
dev_0000005077,2025-12-21,cust_0000004408
dev_0000005078,2026-02-18,cust_0000004409
dev_0000005079,2025-08-25,cust_0000004410
dev_0000005080,2024-01-05,cust_0000004411
dev_0000005081,2024-09-06,cust_0000004412
dev_0000005082,2025-03-12,cust_0000004413
dev_0000005083,2026-02-03,cust_0000004414
dev_0000005084,2026-02-03,cust_0000004414
dev_0000005085,2026-04-10,cust_0000004415
dev_0000005086,2025-02-09,cust_0000004416
dev_0000005087,2026-01-27,cust_0000004417
dev_0000005088,2025-07-08,cust_0000004418
dev_0000005089,2024-07-18,cust_0000004419
dev_0000005090,2024-04-29,cust_0000004420
dev_0000005091,2024-04-29,cust_0000004420
dev_0000005092,2025-11-23,cust_0000004421
dev_0000005093,2025-11-24,cust_0000004422
dev_0000005094,2024-02-12,cust_0000004423
dev_0000005095,2024-02-12,cust_0000004423
dev_0000005096,2024-05-11,cust_0000004424
dev_0000005097,2024-08-07,cust_0000004425
dev_0000005098,2025-07-13,cust_0000004426
dev_0000005099,2024-01-21,cust_0000004427
dev_0000005100,2024-06-09,cust_0000004428
dev_0000005101,2024-02-21,cust_0000004429
dev_0000005102,2024-05-02,cust_0000004430
dev_0000005103,2024-04-10,cust_0000004431
dev_0000005104,2025-10-21,cust_0000004432
dev_0000005105,2025-10-23,cust_0000004433
dev_0000005106,2024-12-11,cust_0000004434
dev_0000005107,2024-12-03,cust_0000004435
dev_0000005108,2026-03-16,cust_0000004436
dev_0000005109,2026-03-16,cust_0000004436
dev_0000005110,2025-12-09,cust_0000004437
dev_0000005111,2025-10-25,cust_0000004438
dev_0000005112,2025-10-25,cust_0000004438
dev_0000005113,2025-11-28,cust_0000004439
dev_0000005114,2026-04-29,cust_0000004440
dev_0000005115,2024-05-26,cust_0000004441
dev_0000005116,2024-05-18,cust_0000004442
dev_0000005117,2026-02-22,cust_0000004443
dev_0000005118,2025-06-20,cust_0000004444
dev_0000005119,2025-02-01,cust_0000004445
dev_0000005120,2025-06-13,cust_0000004446
dev_0000005121,2025-06-13,cust_0000004446
dev_0000005122,2025-03-10,cust_0000004447
dev_0000005123,2026-02-01,cust_0000004448
dev_0000005124,2024-09-23,cust_0000004449
dev_0000005125,2025-08-03,cust_0000004450
dev_0000005126,2024-05-14,cust_0000004451
dev_0000005127,2024-05-14,cust_0000004451
dev_0000005128,2024-02-28,cust_0000004452
dev_0000005129,2024-02-28,cust_0000004452
dev_0000005130,2024-07-28,cust_0000004453
dev_0000005131,2024-07-28,cust_0000004453
dev_0000005132,2024-04-19,cust_0000004454
dev_0000005133,2024-10-18,cust_0000004455
dev_0000005134,2024-02-08,cust_0000004456
dev_0000005135,2025-09-27,cust_0000004457
dev_0000005136,2026-02-14,cust_0000004458
dev_0000005137,2025-11-10,cust_0000004459
dev_0000005138,2024-06-28,cust_0000004460
dev_0000005139,2025-03-04,cust_0000004461
dev_0000005140,2024-08-24,cust_0000004462
dev_0000005141,2025-08-26,cust_0000004463
dev_0000005142,2024-04-17,cust_0000004464
dev_0000005143,2026-03-20,cust_0000004465
dev_0000005144,2024-06-21,cust_0000004466
dev_0000005145,2025-11-06,cust_0000004467
dev_0000005146,2024-06-21,cust_0000004468
dev_0000005147,2025-05-13,cust_0000004469
dev_0000005148,2025-09-26,cust_0000004470
dev_0000005149,2026-02-24,cust_0000004471
dev_0000005150,2025-07-01,cust_0000004472
dev_0000005151,2025-04-20,cust_0000004473
dev_0000005152,2025-09-04,cust_0000004474
dev_0000005153,2025-01-08,cust_0000004475
dev_0000005154,2023-12-22,cust_0000004476
dev_0000005155,2023-12-22,cust_0000004476
dev_0000005156,2024-08-01,cust_0000004477
dev_0000005157,2025-04-11,cust_0000004478
dev_0000005158,2024-04-24,cust_0000004479
dev_0000005159,2025-03-06,cust_0000004480
dev_0000005160,2026-04-23,cust_0000004481
dev_0000005161,2026-03-23,cust_0000004482
dev_0000005162,2025-12-01,cust_0000004483
dev_0000005163,2026-01-02,cust_0000004484
dev_0000005164,2024-09-07,cust_0000004485
dev_0000005165,2025-04-21,cust_0000004486
dev_0000005166,2024-04-14,cust_0000004487
dev_0000005167,2026-02-06,cust_0000004488
dev_0000005168,2024-05-10,cust_0000004489
dev_0000005169,2024-02-16,cust_0000004490
dev_0000005170,2025-05-06,cust_0000004491
dev_0000005171,2025-05-06,cust_0000004491
dev_0000005172,2026-01-19,cust_0000004492
dev_0000005173,2025-02-15,cust_0000004493
dev_0000005174,2025-09-06,cust_0000004494
dev_0000005175,2025-11-13,cust_0000004495
dev_0000005176,2025-11-13,cust_0000004495
dev_0000005177,2026-03-06,cust_0000004496
dev_0000005178,2025-04-27,cust_0000004497
dev_0000005179,2024-12-07,cust_0000004498
dev_0000005180,2025-12-26,cust_0000004499
dev_0000005181,2024-04-30,cust_0000004500
dev_0000005182,2025-11-09,cust_0000004501
dev_0000005183,2024-01-04,cust_0000004502
dev_0000005184,2025-08-09,cust_0000004503
dev_0000005185,2025-08-09,cust_0000004503
dev_0000005186,2025-03-03,cust_0000004504
dev_0000005187,2024-10-30,cust_0000004505
dev_0000005188,2024-10-30,cust_0000004505
dev_0000005189,2024-08-02,cust_0000004506
dev_0000005190,2024-01-18,cust_0000004507
dev_0000005191,2026-01-18,cust_0000004508
dev_0000005192,2024-11-29,cust_0000004509
dev_0000005193,2025-02-25,cust_0000004510
dev_0000005194,2025-01-23,cust_0000004511
dev_0000005195,2025-07-20,cust_0000004512
dev_0000005196,2025-12-07,cust_0000004513
dev_0000005197,2025-05-06,cust_0000004514
dev_0000005198,2025-04-25,cust_0000004515
dev_0000005199,2024-03-02,cust_0000004516
dev_0000005200,2024-03-02,cust_0000004516
dev_0000005201,2025-12-24,cust_0000004517
dev_0000005202,2023-12-23,cust_0000004518
dev_0000005203,2025-12-03,cust_0000004519
dev_0000005204,2025-05-17,cust_0000004520
dev_0000005205,2025-02-10,cust_0000004521
dev_0000005206,2025-11-11,cust_0000004522
dev_0000005207,2025-11-11,cust_0000004522
dev_0000005208,2025-01-04,cust_0000004523
dev_0000005209,2024-10-22,cust_0000004524
dev_0000005210,2024-05-23,cust_0000004525
dev_0000005211,2024-02-14,cust_0000004526
dev_0000005212,2026-01-18,cust_0000004527
dev_0000005213,2025-08-22,cust_0000004528
dev_0000005214,2026-02-27,cust_0000004529
dev_0000005215,2026-02-27,cust_0000004529
dev_0000005216,2025-12-02,cust_0000004530
dev_0000005217,2024-04-25,cust_0000004531
dev_0000005218,2025-03-13,cust_0000004532
dev_0000005219,2024-07-14,cust_0000004533
dev_0000005220,2024-07-14,cust_0000004533
dev_0000005221,2026-03-13,cust_0000004534
dev_0000005222,2026-03-13,cust_0000004534
dev_0000005223,2026-03-19,cust_0000004535
dev_0000005224,2025-05-03,cust_0000004536
dev_0000005225,2024-09-09,cust_0000004537
dev_0000005226,2024-10-30,cust_0000004538
dev_0000005227,2024-10-30,cust_0000004538
dev_0000005228,2026-02-15,cust_0000004539
dev_0000005229,2024-12-12,cust_0000004540
dev_0000005230,2026-04-28,cust_0000004541
dev_0000005231,2024-04-03,cust_0000004542
dev_0000005232,2024-04-02,cust_0000004543
dev_0000005233,2024-07-05,cust_0000004544
dev_0000005234,2024-07-13,cust_0000004545
dev_0000005235,2024-07-13,cust_0000004545
dev_0000005236,2024-05-30,cust_0000004546
dev_0000005237,2026-03-17,cust_0000004547
dev_0000005238,2024-01-08,cust_0000004548
dev_0000005239,2024-04-27,cust_0000004549
dev_0000005240,2025-06-05,cust_0000004550
dev_0000005241,2025-09-01,cust_0000004551
dev_0000005242,2023-12-22,cust_0000004552
dev_0000005243,2024-07-31,cust_0000004553
dev_0000005244,2024-07-31,cust_0000004553
dev_0000005245,2024-06-26,cust_0000004554
dev_0000005246,2024-09-05,cust_0000004555
dev_0000005247,2024-09-05,cust_0000004555
dev_0000005248,2025-03-18,cust_0000004556
dev_0000005249,2025-05-25,cust_0000004557
dev_0000005250,2023-12-17,cust_0000004558
dev_0000005251,2024-03-23,cust_0000004559
dev_0000005252,2025-03-01,cust_0000004560
dev_0000005253,2025-09-08,cust_0000004561
dev_0000005254,2025-09-08,cust_0000004561
dev_0000005255,2025-12-06,cust_0000004562
dev_0000005256,2025-06-29,cust_0000004563
dev_0000005257,2025-05-06,cust_0000004564
dev_0000005258,2025-05-06,cust_0000004564
dev_0000005259,2025-05-15,cust_0000004565
dev_0000005260,2024-10-25,cust_0000004566
dev_0000005261,2024-06-13,cust_0000004567
dev_0000005262,2024-02-29,cust_0000004568
dev_0000005263,2024-12-16,cust_0000004569
dev_0000005264,2024-12-16,cust_0000004569
dev_0000005265,2024-06-09,cust_0000004570
dev_0000005266,2025-10-04,cust_0000004571
dev_0000005267,2024-10-22,cust_0000004572
dev_0000005268,2024-10-22,cust_0000004572
dev_0000005269,2026-03-20,cust_0000004573
dev_0000005270,2024-10-22,cust_0000004574
dev_0000005271,2024-12-06,cust_0000004575
dev_0000005272,2025-09-21,cust_0000004576
dev_0000005273,2024-04-14,cust_0000004577
dev_0000005274,2024-02-07,cust_0000004578
dev_0000005275,2025-11-06,cust_0000004579
dev_0000005276,2024-02-13,cust_0000004580
dev_0000005277,2025-01-14,cust_0000004581
dev_0000005278,2025-05-18,cust_0000004582
dev_0000005279,2025-04-01,cust_0000004583
dev_0000005280,2024-07-19,cust_0000004584
dev_0000005281,2023-12-20,cust_0000004585
dev_0000005282,2025-02-01,cust_0000004586
dev_0000005283,2025-02-01,cust_0000004586
dev_0000005284,2025-07-16,cust_0000004587
dev_0000005285,2025-01-07,cust_0000004588
dev_0000005286,2025-01-07,cust_0000004588
dev_0000005287,2024-07-07,cust_0000004589
dev_0000005288,2024-02-08,cust_0000004590
dev_0000005289,2024-06-26,cust_0000004591
dev_0000005290,2024-05-29,cust_0000004592
dev_0000005291,2025-10-09,cust_0000004593
dev_0000005292,2024-11-01,cust_0000004594
dev_0000005293,2025-06-05,cust_0000004595
dev_0000005294,2024-07-04,cust_0000004596
dev_0000005295,2026-01-12,cust_0000004597
dev_0000005296,2024-10-25,cust_0000004598
dev_0000005297,2024-10-24,cust_0000004599
dev_0000005298,2024-10-24,cust_0000004599
dev_0000005299,2025-06-17,cust_0000004600
dev_0000005300,2025-02-02,cust_0000004601
dev_0000005301,2025-02-02,cust_0000004601
dev_0000005302,2026-02-21,cust_0000004602
dev_0000005303,2025-07-13,cust_0000004603
dev_0000005304,2024-12-03,cust_0000004604
dev_0000005305,2025-07-06,cust_0000004605
dev_0000005306,2026-04-09,cust_0000004606
dev_0000005307,2025-11-01,cust_0000004607
dev_0000005308,2025-11-01,cust_0000004607
dev_0000005309,2025-06-14,cust_0000004608
dev_0000005310,2025-02-09,cust_0000004609
dev_0000005311,2026-04-05,cust_0000004610
dev_0000005312,2026-04-05,cust_0000004610
dev_0000005313,2024-06-29,cust_0000004611
dev_0000005314,2024-06-29,cust_0000004611
dev_0000005315,2025-08-29,cust_0000004612
dev_0000005316,2025-08-29,cust_0000004612
dev_0000005317,2026-02-25,cust_0000004613
dev_0000005318,2026-01-02,cust_0000004614
dev_0000005319,2024-12-11,cust_0000004615
dev_0000005320,2025-05-16,cust_0000004616
dev_0000005321,2025-01-29,cust_0000004617
dev_0000005322,2024-06-28,cust_0000004618
dev_0000005323,2025-07-15,cust_0000004619
dev_0000005324,2025-05-24,cust_0000004620
dev_0000005325,2025-05-04,cust_0000004621
dev_0000005326,2025-05-04,cust_0000004621
dev_0000005327,2025-12-07,cust_0000004622
dev_0000005328,2025-12-07,cust_0000004622
dev_0000005329,2024-08-30,cust_0000004623
dev_0000005330,2024-12-29,cust_0000004624
dev_0000005331,2025-03-15,cust_0000004625
dev_0000005332,2025-02-16,cust_0000004626
dev_0000005333,2024-01-31,cust_0000004627
dev_0000005334,2024-01-31,cust_0000004627
dev_0000005335,2024-02-07,cust_0000004628
dev_0000005336,2024-04-07,cust_0000004629
dev_0000005337,2024-04-07,cust_0000004629
dev_0000005338,2025-07-09,cust_0000004630
dev_0000005339,2025-09-11,cust_0000004631
dev_0000005340,2024-09-23,cust_0000004632
dev_0000005341,2025-11-10,cust_0000004633
dev_0000005342,2025-02-02,cust_0000004634
dev_0000005343,2025-01-26,cust_0000004635
dev_0000005344,2023-12-16,cust_0000004636
dev_0000005345,2023-12-16,cust_0000004636
dev_0000005346,2025-11-04,cust_0000004637
dev_0000005347,2024-08-07,cust_0000004638
dev_0000005348,2026-02-22,cust_0000004639
dev_0000005349,2026-02-16,cust_0000004640
dev_0000005350,2026-02-16,cust_0000004640
dev_0000005351,2026-02-09,cust_0000004641
dev_0000005352,2024-04-21,cust_0000004642
dev_0000005353,2024-08-15,cust_0000004643
dev_0000005354,2024-08-15,cust_0000004643
dev_0000005355,2026-03-20,cust_0000004644
dev_0000005356,2024-12-03,cust_0000004645
dev_0000005357,2024-07-17,cust_0000004646
dev_0000005358,2024-09-07,cust_0000004647
dev_0000005359,2025-02-22,cust_0000004648
dev_0000005360,2025-02-22,cust_0000004648
dev_0000005361,2024-01-14,cust_0000004649
dev_0000005362,2024-03-12,cust_0000004650
dev_0000005363,2024-05-29,cust_0000004651
dev_0000005364,2024-05-29,cust_0000004651
dev_0000005365,2026-03-04,cust_0000004652
dev_0000005366,2023-12-20,cust_0000004653
dev_0000005367,2023-12-20,cust_0000004653
dev_0000005368,2025-11-10,cust_0000004654
dev_0000005369,2025-12-21,cust_0000004655
dev_0000005370,2026-04-28,cust_0000004656
dev_0000005371,2024-11-08,cust_0000004657
dev_0000005372,2024-07-09,cust_0000004658
dev_0000005373,2025-07-05,cust_0000004659
dev_0000005374,2024-08-06,cust_0000004660
dev_0000005375,2026-03-03,cust_0000004661
dev_0000005376,2025-02-05,cust_0000004662
dev_0000005377,2024-07-15,cust_0000004663
dev_0000005378,2024-08-02,cust_0000004664
dev_0000005379,2025-07-09,cust_0000004665
dev_0000005380,2024-12-24,cust_0000004666
dev_0000005381,2025-07-06,cust_0000004667
dev_0000005382,2024-07-05,cust_0000004668
dev_0000005383,2024-12-16,cust_0000004669
dev_0000005384,2025-07-02,cust_0000004670
dev_0000005385,2025-07-26,cust_0000004671
dev_0000005386,2025-04-04,cust_0000004672
dev_0000005387,2025-04-04,cust_0000004672
dev_0000005388,2024-10-12,cust_0000004673
dev_0000005389,2024-01-05,cust_0000004674
dev_0000005390,2025-07-10,cust_0000004675
dev_0000005391,2025-03-01,cust_0000004676
dev_0000005392,2024-08-29,cust_0000004677
dev_0000005393,2025-07-30,cust_0000004678
dev_0000005394,2025-02-05,cust_0000004679
dev_0000005395,2025-01-19,cust_0000004680
dev_0000005396,2024-02-11,cust_0000004681
dev_0000005397,2024-02-06,cust_0000004682
dev_0000005398,2025-10-08,cust_0000004683
dev_0000005399,2026-03-07,cust_0000004684
dev_0000005400,2024-06-19,cust_0000004685
dev_0000005401,2024-08-22,cust_0000004686
dev_0000005402,2025-11-25,cust_0000004687
dev_0000005403,2024-02-02,cust_0000004688
dev_0000005404,2025-04-14,cust_0000004689
dev_0000005405,2024-03-25,cust_0000004690
dev_0000005406,2024-10-27,cust_0000004691
dev_0000005407,2025-09-11,cust_0000004692
dev_0000005408,2025-01-22,cust_0000004693
dev_0000005409,2024-05-14,cust_0000004694
dev_0000005410,2025-11-30,cust_0000004695
dev_0000005411,2025-11-30,cust_0000004695
dev_0000005412,2025-07-22,cust_0000004696
dev_0000005413,2025-07-22,cust_0000004696
dev_0000005414,2024-03-17,cust_0000004697
dev_0000005415,2024-06-06,cust_0000004698
dev_0000005416,2024-11-12,cust_0000004699
dev_0000005417,2023-12-30,cust_0000004700
dev_0000005418,2024-06-01,cust_0000004701
dev_0000005419,2024-05-09,cust_0000004702
dev_0000005420,2025-12-04,cust_0000004703
dev_0000005421,2025-12-04,cust_0000004703
dev_0000005422,2025-10-20,cust_0000004704
dev_0000005423,2026-04-30,cust_0000004705
dev_0000005424,2024-03-19,cust_0000004706
dev_0000005425,2026-03-21,cust_0000004707
dev_0000005426,2024-05-29,cust_0000004708
dev_0000005427,2024-01-28,cust_0000004709
dev_0000005428,2024-07-12,cust_0000004710
dev_0000005429,2024-07-12,cust_0000004710
dev_0000005430,2024-06-09,cust_0000004711
dev_0000005431,2024-06-09,cust_0000004711
dev_0000005432,2026-01-11,cust_0000004712
dev_0000005433,2025-12-11,cust_0000004713
dev_0000005434,2024-03-15,cust_0000004714
dev_0000005435,2026-02-03,cust_0000004715
dev_0000005436,2025-08-15,cust_0000004716
dev_0000005437,2025-08-15,cust_0000004716
dev_0000005438,2024-08-19,cust_0000004717
dev_0000005439,2026-04-08,cust_0000004718
dev_0000005440,2024-03-16,cust_0000004719
dev_0000005441,2025-11-10,cust_0000004720
dev_0000005442,2024-05-22,cust_0000004721
dev_0000005443,2024-05-04,cust_0000004722
dev_0000005444,2024-07-26,cust_0000004723
dev_0000005445,2024-01-26,cust_0000004724
dev_0000005446,2025-07-03,cust_0000004725
dev_0000005447,2025-07-03,cust_0000004725
dev_0000005448,2025-01-17,cust_0000004726
dev_0000005449,2024-06-15,cust_0000004727
dev_0000005450,2025-03-16,cust_0000004728
dev_0000005451,2024-10-20,cust_0000004729
dev_0000005452,2025-03-05,cust_0000004730
dev_0000005453,2025-01-18,cust_0000004731
dev_0000005454,2025-05-09,cust_0000004732
dev_0000005455,2024-10-30,cust_0000004733
dev_0000005456,2024-12-11,cust_0000004734
dev_0000005457,2024-04-19,cust_0000004735
dev_0000005458,2025-04-12,cust_0000004736
dev_0000005459,2024-10-05,cust_0000004737
dev_0000005460,2024-10-05,cust_0000004737
dev_0000005461,2025-11-13,cust_0000004738
dev_0000005462,2025-03-03,cust_0000004739
dev_0000005463,2024-06-23,cust_0000004740
dev_0000005464,2024-06-23,cust_0000004740
dev_0000005465,2026-01-27,cust_0000004741
dev_0000005466,2024-04-03,cust_0000004742
dev_0000005467,2024-06-28,cust_0000004743
dev_0000005468,2026-03-21,cust_0000004744
dev_0000005469,2025-10-05,cust_0000004745
dev_0000005470,2024-06-13,cust_0000004746
dev_0000005471,2025-02-07,cust_0000004747
dev_0000005472,2026-03-23,cust_0000004748
dev_0000005473,2025-08-14,cust_0000004749
dev_0000005474,2024-10-31,cust_0000004750
dev_0000005475,2024-10-31,cust_0000004750
dev_0000005476,2024-02-21,cust_0000004751
dev_0000005477,2024-09-28,cust_0000004752
dev_0000005478,2024-09-28,cust_0000004752
dev_0000005479,2024-06-01,cust_0000004753
dev_0000005480,2025-05-28,cust_0000004754
dev_0000005481,2025-02-06,cust_0000004755
dev_0000005482,2025-09-04,cust_0000004756
dev_0000005483,2025-09-22,cust_0000004757
dev_0000005484,2026-02-20,cust_0000004758
dev_0000005485,2024-01-22,cust_0000004759
dev_0000005486,2024-12-27,cust_0000004760
dev_0000005487,2026-03-17,cust_0000004761
dev_0000005488,2025-02-06,cust_0000004762
dev_0000005489,2025-02-06,cust_0000004762
dev_0000005490,2025-09-04,cust_0000004763
dev_0000005491,2024-06-11,cust_0000004764
dev_0000005492,2024-11-15,cust_0000004765
dev_0000005493,2024-12-29,cust_0000004766
dev_0000005494,2025-11-14,cust_0000004767
dev_0000005495,2026-01-04,cust_0000004768
dev_0000005496,2026-01-04,cust_0000004768
dev_0000005497,2024-04-08,cust_0000004769
dev_0000005498,2024-08-26,cust_0000004770
dev_0000005499,2026-03-03,cust_0000004771
dev_0000005500,2025-07-31,cust_0000004772
dev_0000005501,2024-08-30,cust_0000004773
dev_0000005502,2024-11-17,cust_0000004774
dev_0000005503,2025-02-18,cust_0000004775
dev_0000005504,2025-02-18,cust_0000004775
dev_0000005505,2025-11-11,cust_0000004776
dev_0000005506,2025-01-02,cust_0000004777
dev_0000005507,2024-01-16,cust_0000004778
dev_0000005508,2026-01-21,cust_0000004779
dev_0000005509,2025-06-10,cust_0000004780
dev_0000005510,2025-04-18,cust_0000004781
dev_0000005511,2026-03-26,cust_0000004782
dev_0000005512,2024-08-27,cust_0000004783
dev_0000005513,2024-05-07,cust_0000004784
dev_0000005514,2023-12-19,cust_0000004785
dev_0000005515,2025-11-24,cust_0000004786
dev_0000005516,2024-03-09,cust_0000004787
dev_0000005517,2026-04-29,cust_0000004788
dev_0000005518,2024-07-04,cust_0000004789
dev_0000005519,2024-07-04,cust_0000004789
dev_0000005520,2026-01-26,cust_0000004790
dev_0000005521,2025-02-21,cust_0000004791
dev_0000005522,2025-09-17,cust_0000004792
dev_0000005523,2025-09-17,cust_0000004792
dev_0000005524,2025-05-28,cust_0000004793
dev_0000005525,2026-01-03,cust_0000004794
dev_0000005526,2025-12-26,cust_0000004795
dev_0000005527,2025-05-15,cust_0000004796
dev_0000005528,2024-10-18,cust_0000004797
dev_0000005529,2025-08-28,cust_0000004798
dev_0000005530,2025-04-02,cust_0000004799
dev_0000005531,2025-08-25,cust_0000004800
dev_0000005532,2025-08-09,cust_0000004801
dev_0000005533,2024-08-17,cust_0000004802
dev_0000005534,2025-05-27,cust_0000004803
dev_0000005535,2025-04-11,cust_0000004804
dev_0000005536,2025-08-15,cust_0000004805
dev_0000005537,2024-10-22,cust_0000004806
dev_0000005538,2024-10-22,cust_0000004806
dev_0000005539,2025-11-30,cust_0000004807
dev_0000005540,2025-11-07,cust_0000004808
dev_0000005541,2025-03-11,cust_0000004809
dev_0000005542,2024-09-09,cust_0000004810
dev_0000005543,2024-10-21,cust_0000004811
dev_0000005544,2024-01-30,cust_0000004812
dev_0000005545,2025-05-12,cust_0000004813
dev_0000005546,2025-11-08,cust_0000004814
dev_0000005547,2024-03-13,cust_0000004815
dev_0000005548,2024-10-21,cust_0000004816
dev_0000005549,2024-04-27,cust_0000004817
dev_0000005550,2026-01-16,cust_0000004818
dev_0000005551,2024-11-02,cust_0000004819
dev_0000005552,2024-11-02,cust_0000004819
dev_0000005553,2025-10-15,cust_0000004820
dev_0000005554,2025-03-23,cust_0000004821
dev_0000005555,2025-07-21,cust_0000004822
dev_0000005556,2025-07-21,cust_0000004822
dev_0000005557,2024-04-30,cust_0000004823
dev_0000005558,2025-11-22,cust_0000004824
dev_0000005559,2025-11-22,cust_0000004824
dev_0000005560,2025-04-15,cust_0000004825
dev_0000005561,2025-01-11,cust_0000004826
dev_0000005562,2024-05-28,cust_0000004827
dev_0000005563,2024-12-31,cust_0000004828
dev_0000005564,2026-04-22,cust_0000004829
dev_0000005565,2026-04-22,cust_0000004829
dev_0000005566,2025-09-04,cust_0000004830
dev_0000005567,2026-01-04,cust_0000004831
dev_0000005568,2026-01-04,cust_0000004831
dev_0000005569,2025-05-11,cust_0000004832
dev_0000005570,2025-05-11,cust_0000004832
dev_0000005571,2025-12-26,cust_0000004833
dev_0000005572,2024-10-28,cust_0000004834
dev_0000005573,2024-07-18,cust_0000004835
dev_0000005574,2025-09-09,cust_0000004836
dev_0000005575,2025-09-09,cust_0000004836
dev_0000005576,2025-05-09,cust_0000004837
dev_0000005577,2025-06-01,cust_0000004838
dev_0000005578,2026-03-15,cust_0000004839
dev_0000005579,2025-05-15,cust_0000004840
dev_0000005580,2025-05-15,cust_0000004840
dev_0000005581,2025-04-25,cust_0000004841
dev_0000005582,2024-05-22,cust_0000004842
dev_0000005583,2025-02-08,cust_0000004843
dev_0000005584,2024-11-23,cust_0000004844
dev_0000005585,2026-04-21,cust_0000004845
dev_0000005586,2026-04-21,cust_0000004845
dev_0000005587,2024-10-18,cust_0000004846
dev_0000005588,2024-02-17,cust_0000004847
dev_0000005589,2024-02-17,cust_0000004847
dev_0000005590,2025-08-03,cust_0000004848
dev_0000005591,2024-09-15,cust_0000004849
dev_0000005592,2026-01-26,cust_0000004850
dev_0000005593,2025-10-21,cust_0000004851
dev_0000005594,2025-09-05,cust_0000004852
dev_0000005595,2025-02-02,cust_0000004853
dev_0000005596,2024-10-13,cust_0000004854
dev_0000005597,2024-10-13,cust_0000004854
dev_0000005598,2026-01-13,cust_0000004855
dev_0000005599,2026-01-13,cust_0000004855
dev_0000005600,2025-10-26,cust_0000004856
dev_0000005601,2024-08-28,cust_0000004857
dev_0000005602,2024-09-08,cust_0000004858
dev_0000005603,2025-03-21,cust_0000004859
dev_0000005604,2025-05-30,cust_0000004860
dev_0000005605,2025-02-15,cust_0000004861
dev_0000005606,2026-03-18,cust_0000004862
dev_0000005607,2026-03-18,cust_0000004862
dev_0000005608,2025-11-30,cust_0000004863
dev_0000005609,2025-06-29,cust_0000004864
dev_0000005610,2025-06-29,cust_0000004864
dev_0000005611,2024-02-02,cust_0000004865
dev_0000005612,2024-02-02,cust_0000004865
dev_0000005613,2024-03-24,cust_0000004866
dev_0000005614,2024-01-26,cust_0000004867
dev_0000005615,2024-11-21,cust_0000004868
dev_0000005616,2024-11-21,cust_0000004868
dev_0000005617,2025-01-11,cust_0000004869
dev_0000005618,2024-09-22,cust_0000004870
dev_0000005619,2024-08-17,cust_0000004871
dev_0000005620,2025-12-11,cust_0000004872
dev_0000005621,2025-12-11,cust_0000004872
dev_0000005622,2023-12-15,cust_0000004873
dev_0000005623,2025-04-06,cust_0000004874
dev_0000005624,2025-04-02,cust_0000004875
dev_0000005625,2024-08-18,cust_0000004876
dev_0000005626,2024-08-18,cust_0000004876
dev_0000005627,2025-07-28,cust_0000004877
dev_0000005628,2024-10-27,cust_0000004878
dev_0000005629,2025-02-23,cust_0000004879
dev_0000005630,2025-01-06,cust_0000004880
dev_0000005631,2024-04-28,cust_0000004881
dev_0000005632,2024-11-10,cust_0000004882
dev_0000005633,2025-05-07,cust_0000004883
dev_0000005634,2024-04-22,cust_0000004884
dev_0000005635,2024-12-07,cust_0000004885
dev_0000005636,2024-07-30,cust_0000004886
dev_0000005637,2024-10-23,cust_0000004887
dev_0000005638,2024-10-23,cust_0000004887
dev_0000005639,2026-02-03,cust_0000004888
dev_0000005640,2026-02-11,cust_0000004889
dev_0000005641,2026-02-03,cust_0000004890
dev_0000005642,2024-03-28,cust_0000004891
dev_0000005643,2024-01-31,cust_0000004892
dev_0000005644,2024-02-21,cust_0000004893
dev_0000005645,2024-05-07,cust_0000004894
dev_0000005646,2024-11-10,cust_0000004895
dev_0000005647,2025-03-18,cust_0000004896
dev_0000005648,2024-02-21,cust_0000004897
dev_0000005649,2025-08-08,cust_0000004898
dev_0000005650,2025-08-08,cust_0000004898
dev_0000005651,2024-11-08,cust_0000004899
dev_0000005652,2025-06-27,cust_0000004900
dev_0000005653,2025-01-16,cust_0000004901
dev_0000005654,2024-07-16,cust_0000004902
dev_0000005655,2026-04-22,cust_0000004903
dev_0000005656,2025-11-24,cust_0000004904
dev_0000005657,2025-11-24,cust_0000004904
dev_0000005658,2024-06-23,cust_0000004905
dev_0000005659,2024-06-23,cust_0000004905
dev_0000005660,2026-04-13,cust_0000004906
dev_0000005661,2025-07-25,cust_0000004907
dev_0000005662,2025-07-25,cust_0000004907
dev_0000005663,2025-06-18,cust_0000004908
dev_0000005664,2024-07-18,cust_0000004909
dev_0000005665,2025-06-29,cust_0000004910
dev_0000005666,2026-03-16,cust_0000004911
dev_0000005667,2026-04-29,cust_0000004912
dev_0000005668,2026-04-29,cust_0000004912
dev_0000005669,2024-12-03,cust_0000004913
dev_0000005670,2025-07-18,cust_0000004914
dev_0000005671,2024-02-09,cust_0000004915
dev_0000005672,2024-02-09,cust_0000004915
dev_0000005673,2024-01-13,cust_0000004916
dev_0000005674,2024-12-04,cust_0000004917
dev_0000005675,2024-08-07,cust_0000004918
dev_0000005676,2024-10-31,cust_0000004919
dev_0000005677,2024-10-31,cust_0000004919
dev_0000005678,2024-03-28,cust_0000004920
dev_0000005679,2025-11-28,cust_0000004921
dev_0000005680,2025-11-28,cust_0000004921
dev_0000005681,2024-01-10,cust_0000004922
dev_0000005682,2025-10-09,cust_0000004923
dev_0000005683,2025-10-09,cust_0000004923
dev_0000005684,2025-10-19,cust_0000004924
dev_0000005685,2025-04-07,cust_0000004925
dev_0000005686,2026-02-04,cust_0000004926
dev_0000005687,2024-08-19,cust_0000004927
dev_0000005688,2024-06-11,cust_0000004928
dev_0000005689,2025-05-07,cust_0000004929
dev_0000005690,2025-03-28,cust_0000004930
dev_0000005691,2025-03-11,cust_0000004931
dev_0000005692,2025-03-14,cust_0000004932
dev_0000005693,2025-04-06,cust_0000004933
dev_0000005694,2025-02-20,cust_0000004934
dev_0000005695,2025-01-28,cust_0000004935
dev_0000005696,2024-01-23,cust_0000004936
dev_0000005697,2026-01-07,cust_0000004937
dev_0000005698,2024-04-12,cust_0000004938
dev_0000005699,2024-04-29,cust_0000004939
dev_0000005700,2025-09-13,cust_0000004940
dev_0000005701,2025-10-29,cust_0000004941
dev_0000005702,2024-08-26,cust_0000004942
dev_0000005703,2024-11-29,cust_0000004943
dev_0000005704,2025-10-20,cust_0000004944
dev_0000005705,2025-03-17,cust_0000004945
dev_0000005706,2024-05-17,cust_0000004946
dev_0000005707,2024-12-10,cust_0000004947
dev_0000005708,2024-12-10,cust_0000004947
dev_0000005709,2024-10-01,cust_0000004948
dev_0000005710,2025-10-27,cust_0000004949
dev_0000005711,2024-11-05,cust_0000004950
dev_0000005712,2024-10-20,cust_0000004951
dev_0000005713,2025-06-06,cust_0000004952
dev_0000005714,2025-06-06,cust_0000004952
dev_0000005715,2025-10-25,cust_0000004953
dev_0000005716,2025-12-21,cust_0000004954
dev_0000005717,2024-12-17,cust_0000004955
dev_0000005718,2024-01-19,cust_0000004956
dev_0000005719,2024-09-16,cust_0000004957
dev_0000005720,2025-03-10,cust_0000004958
dev_0000005721,2025-02-13,cust_0000004959
dev_0000005722,2025-12-18,cust_0000004960
dev_0000005723,2025-11-07,cust_0000004961
dev_0000005724,2025-11-07,cust_0000004961
dev_0000005725,2025-02-16,cust_0000004962
dev_0000005726,2024-09-30,cust_0000004963
dev_0000005727,2025-04-14,cust_0000004964
dev_0000005728,2025-12-12,cust_0000004965
dev_0000005729,2025-10-24,cust_0000004966
dev_0000005730,2025-08-07,cust_0000004967
dev_0000005731,2026-01-18,cust_0000004968
dev_0000005732,2024-10-02,cust_0000004969
dev_0000005733,2026-04-08,cust_0000004970
dev_0000005734,2026-04-08,cust_0000004970
dev_0000005735,2025-04-22,cust_0000004971
dev_0000005736,2025-04-22,cust_0000004971
dev_0000005737,2025-10-26,cust_0000004972
dev_0000005738,2025-05-28,cust_0000004973
dev_0000005739,2024-01-08,cust_0000004974
dev_0000005740,2024-02-08,cust_0000004975
dev_0000005741,2025-07-28,cust_0000004976
dev_0000005742,2025-09-22,cust_0000004977
dev_0000005743,2024-03-20,cust_0000004978
dev_0000005744,2025-07-02,cust_0000004979
dev_0000005745,2024-06-21,cust_0000004980
dev_0000005746,2025-03-25,cust_0000004981
dev_0000005747,2024-01-29,cust_0000004982
dev_0000005748,2024-01-29,cust_0000004982
dev_0000005749,2024-11-20,cust_0000004983
dev_0000005750,2025-12-19,cust_0000004984
dev_0000005751,2025-03-21,cust_0000004985
dev_0000005752,2026-02-10,cust_0000004986
dev_0000005753,2024-10-26,cust_0000004987
dev_0000005754,2025-05-03,cust_0000004988
dev_0000005755,2024-07-01,cust_0000004989
dev_0000005756,2025-07-25,cust_0000004990
dev_0000005757,2025-07-25,cust_0000004990
dev_0000005758,2024-10-29,cust_0000004991
dev_0000005759,2024-04-17,cust_0000004992
dev_0000005760,2025-05-26,cust_0000004993
dev_0000005761,2025-12-25,cust_0000004994
dev_0000005762,2025-11-06,cust_0000004995
dev_0000005763,2025-11-06,cust_0000004995
dev_0000005764,2025-05-08,cust_0000004996
dev_0000005765,2024-04-25,cust_0000004997
dev_0000005766,2024-01-14,cust_0000004998
dev_0000005767,2024-01-14,cust_0000004998
dev_0000005768,2025-12-16,cust_0000004999
dev_0000005769,2026-07-16,cust_0000000794
dev_0000005770,2026-08-22,cust_0000003191
dev_0000005771,2026-08-14,cust_0000003745
dev_0000005772,2026-07-19,cust_0000000419
dev_0000005773,2026-08-16,cust_0000003214
dev_0000005774,2026-08-20,cust_0000002616
dev_0000005775,2026-07-17,cust_0000002231
dev_0000005776,2026-08-09,cust_0000001280
dev_0000005777,2026-08-03,cust_0000004561
dev_0000005778,2026-07-01,cust_0000003356
dev_0000005779,2026-08-02,cust_0000002552
dev_0000005780,2026-08-21,cust_0000001346
dev_0000005781,2026-08-02,cust_0000000627
dev_0000005782,2026-06-09,cust_0000003122
dev_0000005783,2026-06-01,cust_0000001951
dev_0000005784,2026-07-25,cust_0000001693
dev_0000005785,2026-07-21,cust_0000002632
dev_0000005786,2026-07-11,cust_0000000360
dev_0000005787,2026-08-05,cust_0000001527
dev_0000005788,2026-06-12,cust_0000003774
dev_0000005789,2026-07-05,cust_0000003322
dev_0000005790,2026-08-02,cust_0000000998
dev_0000005791,2026-08-17,cust_0000001434
dev_0000005792,2026-06-26,cust_0000001466
dev_0000005793,2026-08-29,cust_0000001898
dev_0000005794,2026-06-08,cust_0000002933
dev_0000005795,2026-07-06,cust_0000003438
dev_0000005796,2026-08-27,cust_0000000790
dev_0000005797,2026-08-03,cust_0000003665
dev_0000005798,2026-08-18,cust_0000000004
dev_0000005799,2026-07-25,cust_0000004093
dev_0000005800,2026-08-27,cust_0000001993
dev_0000005801,2026-08-22,cust_0000001321
dev_0000005802,2026-08-22,cust_0000003918
dev_0000005803,2026-07-01,cust_0000003317
dev_0000005804,2026-07-03,cust_0000000930
dev_0000005805,2026-08-14,cust_0000000523
dev_0000005806,2026-06-09,cust_0000000073
dev_0000005807,2026-07-03,cust_0000003280
dev_0000005808,2026-06-09,cust_0000004524
dev_0000005809,2026-08-18,cust_0000002812
dev_0000005810,2026-07-16,cust_0000002350
dev_0000005811,2026-06-11,cust_0000004787
dev_0000005812,2026-08-19,cust_0000003778
dev_0000005813,2026-06-04,cust_0000002254
dev_0000005814,2026-08-16,cust_0000003420
dev_0000005815,2026-06-19,cust_0000000468
dev_0000005816,2026-08-18,cust_0000000465
dev_0000005817,2026-07-29,cust_0000001454
dev_0000005818,2026-07-29,cust_0000004323
dev_0000005819,2026-07-22,cust_0000000693
dev_0000005820,2026-07-01,cust_0000001728
dev_0000005821,2026-08-16,cust_0000000168
dev_0000005822,2026-07-22,cust_0000002615
dev_0000005823,2026-08-01,cust_0000001973
dev_0000005824,2026-07-14,cust_0000003932
dev_0000005825,2026-06-29,cust_0000002553
dev_0000005826,2026-08-20,cust_0000004581
dev_0000005827,2026-07-26,cust_0000001745
dev_0000005828,2026-08-03,cust_0000002351
dev_0000005829,2026-07-08,cust_0000002871
dev_0000005830,2026-07-19,cust_0000001803
dev_0000005831,2026-08-11,cust_0000004154
dev_0000005832,2026-06-22,cust_0000000983
dev_0000005833,2026-07-24,cust_0000004165
dev_0000005834,2026-07-06,cust_0000003663
dev_0000005835,2026-08-12,cust_0000004403
dev_0000005836,2026-07-10,cust_0000001305
dev_0000005837,2026-06-30,cust_0000002735
dev_0000005838,2026-06-18,cust_0000000156
dev_0000005839,2026-07-24,cust_0000000215
dev_0000005840,2026-07-19,cust_0000002142
dev_0000005841,2026-06-19,cust_0000001748
dev_0000005842,2026-07-07,cust_0000004010
dev_0000005843,2026-07-11,cust_0000002709
dev_0000005844,2026-06-07,cust_0000004219
dev_0000005845,2026-06-28,cust_0000002978
dev_0000005846,2026-08-11,cust_0000000076
dev_0000005847,2026-07-28,cust_0000001263
dev_0000005848,2026-08-15,cust_0000000489
dev_0000005849,2026-08-03,cust_0000003512
dev_0000005850,2026-07-28,cust_0000002473
dev_0000005851,2026-08-15,cust_0000004173
dev_0000005852,2026-06-07,cust_0000002255
dev_0000005853,2026-08-28,cust_0000001675
dev_0000005854,2026-08-08,cust_0000002920
dev_0000005855,2026-06-24,cust_0000001100
dev_0000005856,2026-06-26,cust_0000001343
dev_0000005857,2026-07-22,cust_0000004814
dev_0000005858,2026-06-21,cust_0000002107
dev_0000005859,2026-08-01,cust_0000003560
dev_0000005860,2026-07-14,cust_0000000281
dev_0000005861,2026-08-08,cust_0000000678
dev_0000005862,2026-07-17,cust_0000000961
dev_0000005863,2026-06-08,cust_0000001868
dev_0000005864,2026-07-05,cust_0000004211
dev_0000005865,2026-06-27,cust_0000000129
dev_0000005866,2026-06-20,cust_0000001749
dev_0000005867,2026-08-27,cust_0000003840
dev_0000005868,2026-08-06,cust_0000004859
dev_0000005869,2026-07-25,cust_0000003204
dev_0000005870,2026-07-29,cust_0000004040
dev_0000005871,2026-08-15,cust_0000002718
dev_0000005872,2026-08-20,cust_0000003295
dev_0000005873,2026-08-18,cust_0000004924
dev_0000005874,2026-06-30,cust_0000001274
dev_0000005875,2026-07-15,cust_0000003725
dev_0000005876,2026-07-24,cust_0000004630
dev_0000005877,2026-07-13,cust_0000000701
dev_0000005878,2026-07-26,cust_0000004110
dev_0000005879,2026-08-29,cust_0000002384
dev_0000005880,2026-07-18,cust_0000004893
dev_0000005881,2026-08-06,cust_0000002832
dev_0000005882,2026-08-09,cust_0000002259
dev_0000005883,2026-07-05,cust_0000003728
dev_0000005884,2026-06-13,cust_0000004489
dev_0000005885,2026-07-27,cust_0000004964
dev_0000005886,2026-06-27,cust_0000001916
dev_0000005887,2026-06-25,cust_0000003586
dev_0000005888,2026-06-28,cust_0000001281
dev_0000005889,2026-08-19,cust_0000003521
dev_0000005890,2026-06-09,cust_0000002328
dev_0000005891,2026-08-06,cust_0000003029
dev_0000005892,2026-08-28,cust_0000002720
dev_0000005893,2026-06-10,cust_0000004885
dev_0000005894,2026-07-15,cust_0000003344
dev_0000005895,2026-06-09,cust_0000000104
dev_0000005896,2026-06-12,cust_0000004628
dev_0000005897,2026-07-02,cust_0000003238
dev_0000005898,2026-06-15,cust_0000000270
dev_0000005899,2026-07-20,cust_0000004834
dev_0000005900,2026-06-28,cust_0000003566
dev_0000005901,2026-07-28,cust_0000004107
dev_0000005902,2026-07-17,cust_0000003810
dev_0000005903,2026-08-06,cust_0000002310
dev_0000005904,2026-07-09,cust_0000004937
dev_0000005905,2026-07-20,cust_0000001694
dev_0000005906,2026-08-19,cust_0000004193
dev_0000005907,2026-08-14,cust_0000000860
dev_0000005908,2026-06-20,cust_0000003697
dev_0000005909,2026-07-10,cust_0000003883
dev_0000005910,2026-06-19,cust_0000003857
dev_0000005911,2026-06-04,cust_0000000632
dev_0000005912,2026-08-28,cust_0000002393
dev_0000005913,2026-07-10,cust_0000003323
dev_0000005914,2026-08-16,cust_0000003739
dev_0000005915,2026-07-16,cust_0000002465
dev_0000005916,2026-07-09,cust_0000002856
dev_0000005917,2026-08-03,cust_0000003834
dev_0000005918,2026-07-23,cust_0000002762
dev_0000005919,2026-07-13,cust_0000004245
dev_0000005920,2026-07-20,cust_0000001621
dev_0000005921,2026-06-13,cust_0000000163
dev_0000005922,2026-06-05,cust_0000004097
dev_0000005923,2026-08-22,cust_0000003479
dev_0000005924,2026-07-13,cust_0000003701
dev_0000005925,2026-07-26,cust_0000004015
dev_0000005926,2026-06-29,cust_0000002532
dev_0000005927,2026-07-21,cust_0000000868
dev_0000005928,2026-06-11,cust_0000001686
dev_0000005929,2026-06-21,cust_0000001377
dev_0000005930,2026-07-08,cust_0000002261
dev_0000005931,2026-07-27,cust_0000001769
dev_0000005932,2026-08-13,cust_0000000250
dev_0000005933,2026-08-14,cust_0000000041
dev_0000005934,2026-08-24,cust_0000000176
dev_0000005935,2026-08-23,cust_0000004968
dev_0000005936,2026-06-12,cust_0000000960
dev_0000005937,2026-08-07,cust_0000000171
dev_0000005938,2026-08-07,cust_0000000809
dev_0000005939,2026-07-08,cust_0000001134
dev_0000005940,2026-06-28,cust_0000000356
dev_0000005941,2026-07-29,cust_0000002606
dev_0000005942,2026-06-27,cust_0000002793
dev_0000005943,2026-07-25,cust_0000003353
dev_0000005944,2026-06-08,cust_0000004208
dev_0000005945,2026-07-01,cust_0000004000
dev_0000005946,2026-08-20,cust_0000001606
dev_0000005947,2026-06-25,cust_0000002438
dev_0000005948,2026-06-19,cust_0000002778
dev_0000005949,2026-06-10,cust_0000003446
dev_0000005950,2026-07-19,cust_0000001172
dev_0000005951,2026-06-05,cust_0000004456
dev_0000005952,2026-06-13,cust_0000001934
dev_0000005953,2026-08-16,cust_0000002494
dev_0000005954,2026-07-21,cust_0000000411
dev_0000005955,2026-08-25,cust_0000004660
dev_0000005956,2026-08-22,cust_0000004954
dev_0000005957,2026-06-08,cust_0000002319
dev_0000005958,2026-08-15,cust_0000000266
dev_0000005959,2026-07-24,cust_0000000832
dev_0000005960,2026-08-29,cust_0000003444
dev_0000005961,2026-06-25,cust_0000000210
dev_0000005962,2026-07-08,cust_0000004862
dev_0000005963,2026-08-12,cust_0000004118
dev_0000005964,2026-06-11,cust_0000001038
dev_0000005965,2026-08-16,cust_0000004375
dev_0000005966,2026-08-19,cust_0000000869
dev_0000005967,2026-07-06,cust_0000000600
dev_0000005968,2026-07-03,cust_0000003700
dev_0000005969,2026-06-04,cust_0000001242
dev_0000005970,2026-07-12,cust_0000003530
dev_0000005971,2026-08-16,cust_0000001442
dev_0000005972,2026-07-08,cust_0000003733
dev_0000005973,2026-08-28,cust_0000003525
dev_0000005974,2026-07-04,cust_0000002456
dev_0000005975,2026-07-08,cust_0000002047
dev_0000005976,2026-07-31,cust_0000001348
dev_0000005977,2026-08-17,cust_0000004999
dev_0000005978,2026-07-04,cust_0000004168
dev_0000005979,2026-06-20,cust_0000003379
dev_0000005980,2026-07-07,cust_0000000390
dev_0000005981,2026-06-30,cust_0000002592
dev_0000005982,2026-06-24,cust_0000004354
dev_0000005983,2026-08-03,cust_0000000853
dev_0000005984,2026-06-28,cust_0000004670
dev_0000005985,2026-08-24,cust_0000004166
dev_0000005986,2026-07-19,cust_0000000812
dev_0000005987,2026-07-24,cust_0000002988
dev_0000005988,2026-06-07,cust_0000000985
dev_0000005989,2026-08-28,cust_0000003754
dev_0000005990,2026-06-11,cust_0000003198
dev_0000005991,2026-07-15,cust_0000003628
dev_0000005992,2026-06-04,cust_0000000842
dev_0000005993,2026-06-27,cust_0000003445
dev_0000005994,2026-06-09,cust_0000001102
dev_0000005995,2026-06-17,cust_0000000124
dev_0000005996,2026-06-28,cust_0000003219
dev_0000005997,2026-08-04,cust_0000001418
dev_0000005998,2026-08-05,cust_0000001654
dev_0000005999,2026-06-24,cust_0000002831
dev_0000006000,2026-08-03,cust_0000003504
dev_0000006001,2026-07-03,cust_0000001834
dev_0000006002,2026-06-04,cust_0000000202
dev_0000006003,2026-08-11,cust_0000002450
dev_0000006004,2026-08-04,cust_0000003299
dev_0000006005,2026-06-09,cust_0000002684
dev_0000006006,2026-06-04,cust_0000002992
dev_0000006007,2026-06-25,cust_0000003239
dev_0000006008,2026-07-31,cust_0000002352
dev_0000006009,2026-08-16,cust_0000003819
dev_0000006010,2026-07-10,cust_0000004926
dev_0000006011,2026-06-20,cust_0000000496
dev_0000006012,2026-06-27,cust_0000001464
dev_0000006013,2026-07-28,cust_0000000033
dev_0000006014,2026-07-10,cust_0000004844
dev_0000006015,2026-08-04,cust_0000001545
dev_0000006016,2026-06-26,cust_0000004914
