instrument_id,first_seen,associated_customer_ids
inst_0000000000,2026-02-14,cust_0000000000
inst_0000000001,2024-04-16,cust_0000000001
inst_0000000002,2025-01-29,cust_0000000002
inst_0000000003,2024-06-18,cust_0000000003
inst_0000000004,2024-06-18,cust_0000000003
inst_0000000005,2025-02-21,cust_0000000004
inst_0000000006,2024-10-19,cust_0000000005
inst_0000000007,2025-04-06,cust_0000000006
inst_0000000008,2026-03-08,cust_0000000007
inst_0000000009,2026-03-08,cust_0000000007
inst_0000000010,2025-12-10,cust_0000000008
inst_0000000011,2024-01-09,cust_0000000009
inst_0000000012,2024-07-10,cust_0000000010
inst_0000000013,2026-03-25,cust_0000000011
inst_0000000014,2024-02-20,cust_0000000012
inst_0000000015,2025-07-23,cust_0000000013
inst_0000000016,2024-06-09,cust_0000000014
inst_0000000017,2025-03-15,cust_0000000015
inst_0000000018,2024-02-04,cust_0000000016
inst_0000000019,2024-05-08,cust_0000000017
inst_0000000020,2024-03-12,cust_0000000018
inst_0000000021,2026-01-01,cust_0000000019
inst_0000000022,2024-06-08,cust_0000000020
inst_0000000023,2024-06-08,cust_0000000020
inst_0000000024,2024-08-27,cust_0000000021
inst_0000000025,2024-08-27,cust_0000000021
inst_0000000026,2025-02-17,cust_0000000022
inst_0000000027,2026-01-23,cust_0000000023
inst_0000000028,2024-04-19,cust_0000000024
inst_0000000029,2024-10-27,cust_0000000025
inst_0000000030,2024-06-10,cust_0000000026
inst_0000000031,2025-04-18,cust_0000000027
inst_0000000032,2023-12-21,cust_0000000028
inst_0000000033,2026-03-13,cust_0000000029
inst_0000000034,2025-04-20,cust_0000000030
inst_0000000035,2024-06-20,cust_0000000031
inst_0000000036,2024-06-20,cust_0000000031
inst_0000000037,2025-05-04,cust_0000000032
inst_0000000038,2026-04-13,cust_0000000033
inst_0000000039,2024-09-03,cust_0000000034
inst_0000000040,2025-02-21,cust_0000000035
inst_0000000041,2025-02-25,cust_0000000036
inst_0000000042,2025-08-13,cust_0000000037
inst_0000000043,2025-08-13,cust_0000000037
inst_0000000044,2024-01-19,cust_0000000038
inst_0000000045,2024-01-17,cust_0000000039
inst_0000000046,2025-03-31,cust_0000000040
inst_0000000047,2024-06-24,cust_0000000041
inst_0000000048,2024-07-30,cust_0000000042
inst_0000000049,2024-03-08,cust_0000000043
inst_0000000050,2024-08-13,cust_0000000044
inst_0000000051,2025-11-30,cust_0000000045
inst_0000000052,2025-02-28,cust_0000000046
inst_0000000053,2024-11-03,cust_0000000047
inst_0000000054,2024-11-01,cust_0000000048
inst_0000000055,2026-03-27,cust_0000000049
inst_0000000056,2024-10-05,cust_0000000050
inst_0000000057,2024-12-07,cust_0000000051
inst_0000000058,2023-12-23,cust_0000000052
inst_0000000059,2024-12-04,cust_0000000053
inst_0000000060,2025-05-04,cust_0000000054
inst_0000000061,2025-05-04,cust_0000000054
inst_0000000062,2026-02-20,cust_0000000055
inst_0000000063,2025-04-14,cust_0000000056
inst_0000000064,2025-04-14,cust_0000000056
inst_0000000065,2025-03-17,cust_0000000057
inst_0000000066,2025-01-13,cust_0000000058
inst_0000000067,2026-04-14,cust_0000000059
inst_0000000068,2025-01-15,cust_0000000060
inst_0000000069,2026-01-28,cust_0000000061
inst_0000000070,2026-01-28,cust_0000000061
inst_0000000071,2025-10-02,cust_0000000062
inst_0000000072,2024-07-03,cust_0000000063
inst_0000000073,2024-01-05,cust_0000000064
inst_0000000074,2024-01-05,cust_0000000064
inst_0000000075,2025-01-05,cust_0000000065
inst_0000000076,2025-03-28,cust_0000000066
inst_0000000077,2025-03-28,cust_0000000066
inst_0000000078,2024-01-24,cust_0000000067
inst_0000000079,2024-03-06,cust_0000000068
inst_0000000080,2024-03-06,cust_0000000068
inst_0000000081,2025-12-10,cust_0000000069
inst_0000000082,2024-01-10,cust_0000000070
inst_0000000083,2024-07-20,cust_0000000071
inst_0000000084,2026-01-22,cust_0000000072
inst_0000000085,2024-06-30,cust_0000000073
inst_0000000086,2024-03-22,cust_0000000074
inst_0000000087,2025-09-16,cust_0000000075
inst_0000000088,2026-04-05,cust_0000000076
inst_0000000089,2025-12-20,cust_0000000077
inst_0000000090,2024-08-14,cust_0000000078
inst_0000000091,2025-08-06,cust_0000000079
inst_0000000092,2025-02-22,cust_0000000080
inst_0000000093,2026-04-20,cust_0000000081
inst_0000000094,2026-04-17,cust_0000000082
inst_0000000095,2025-02-16,cust_0000000083
inst_0000000096,2025-05-05,cust_0000000084
inst_0000000097,2024-08-18,cust_0000000085
inst_0000000098,2025-04-20,cust_0000000086
inst_0000000099,2025-05-22,cust_0000000087
inst_0000000100,2025-02-14,cust_0000000088
inst_0000000101,2025-08-26,cust_0000000089
inst_0000000102,2025-08-26,cust_0000000089
inst_0000000103,2024-11-29,cust_0000000090
inst_0000000104,2026-01-30,cust_0000000091
inst_0000000105,2026-01-30,cust_0000000091
inst_0000000106,2026-04-27,cust_0000000092
inst_0000000107,2024-02-11,cust_0000000093
inst_0000000108,2024-10-28,cust_0000000094
inst_0000000109,2024-10-28,cust_0000000094
inst_0000000110,2026-01-28,cust_0000000095
inst_0000000111,2026-01-28,cust_0000000095
inst_0000000112,2025-03-26,cust_0000000096
inst_0000000113,2024-11-21,cust_0000000097
inst_0000000114,2024-02-16,cust_0000000098
inst_0000000115,2024-04-08,cust_0000000099
inst_0000000116,2024-04-08,cust_0000000099
inst_0000000117,2025-09-11,cust_0000000100
inst_0000000118,2024-05-22,cust_0000000101
inst_0000000119,2025-03-15,cust_0000000102
inst_0000000120,2024-05-15,cust_0000000103
inst_0000000121,2024-02-26,cust_0000000104
inst_0000000122,2024-02-26,cust_0000000104
inst_0000000123,2025-08-28,cust_0000000105
inst_0000000124,2025-01-17,cust_0000000106
inst_0000000125,2025-12-02,cust_0000000107
inst_0000000126,2025-02-08,cust_0000000108
inst_0000000127,2025-07-30,cust_0000000109
inst_0000000128,2025-07-30,cust_0000000109
inst_0000000129,2024-06-12,cust_0000000110
inst_0000000130,2025-11-26,cust_0000000111
inst_0000000131,2024-10-20,cust_0000000112
inst_0000000132,2024-10-20,cust_0000000112
inst_0000000133,2026-03-21,cust_0000000113
inst_0000000134,2026-01-30,cust_0000000114
inst_0000000135,2026-02-05,cust_0000000115
inst_0000000136,2025-10-06,cust_0000000116
inst_0000000137,2024-06-23,cust_0000000117
inst_0000000138,2024-07-29,cust_0000000118
inst_0000000139,2024-07-29,cust_0000000118
inst_0000000140,2025-02-09,cust_0000000119
inst_0000000141,2024-06-19,cust_0000000120
inst_0000000142,2025-09-13,cust_0000000121
inst_0000000143,2025-12-10,cust_0000000122
inst_0000000144,2025-06-17,cust_0000000123
inst_0000000145,2025-04-20,cust_0000000124
inst_0000000146,2025-08-17,cust_0000000125
inst_0000000147,2024-04-19,cust_0000000126
inst_0000000148,2024-04-19,cust_0000000126
inst_0000000149,2025-01-22,cust_0000000127
inst_0000000150,2025-11-07,cust_0000000128
inst_0000000151,2024-10-29,cust_0000000129
inst_0000000152,2026-04-02,cust_0000000130
inst_0000000153,2024-04-14,cust_0000000131
inst_0000000154,2024-10-26,cust_0000000132
inst_0000000155,2026-02-18,cust_0000000133
inst_0000000156,2026-02-18,cust_0000000133
inst_0000000157,2024-01-18,cust_0000000134
inst_0000000158,2024-12-02,cust_0000000135
inst_0000000159,2024-12-02,cust_0000000135
inst_0000000160,2024-02-12,cust_0000000136
inst_0000000161,2024-12-05,cust_0000000137
inst_0000000162,2025-12-08,cust_0000000138
inst_0000000163,2024-12-20,cust_0000000139
inst_0000000164,2024-08-07,cust_0000000140
inst_0000000165,2025-02-28,cust_0000000141
inst_0000000166,2024-04-27,cust_0000000142
inst_0000000167,2026-02-15,cust_0000000143
inst_0000000168,2024-02-21,cust_0000000144
inst_0000000169,2025-07-16,cust_0000000145
inst_0000000170,2024-10-27,cust_0000000146
inst_0000000171,2025-08-02,cust_0000000147
inst_0000000172,2026-02-16,cust_0000000148
inst_0000000173,2025-06-03,cust_0000000149
inst_0000000174,2024-01-28,cust_0000000150
inst_0000000175,2025-03-11,cust_0000000151
inst_0000000176,2026-04-28,cust_0000000152
inst_0000000177,2026-01-19,cust_0000000153
inst_0000000178,2026-01-19,cust_0000000153
inst_0000000179,2026-01-16,cust_0000000154
inst_0000000180,2024-09-13,cust_0000000155
inst_0000000181,2024-08-12,cust_0000000156
inst_0000000182,2025-03-30,cust_0000000157
inst_0000000183,2025-02-08,cust_0000000158
inst_0000000184,2025-02-08,cust_0000000158
inst_0000000185,2026-01-26,cust_0000000159
inst_0000000186,2024-09-14,cust_0000000160
inst_0000000187,2026-01-30,cust_0000000161
inst_0000000188,2024-09-17,cust_0000000162
inst_0000000189,2025-10-05,cust_0000000163
inst_0000000190,2024-05-29,cust_0000000164
inst_0000000191,2024-10-09,cust_0000000165
inst_0000000192,2025-12-17,cust_0000000166
inst_0000000193,2024-06-04,cust_0000000167
inst_0000000194,2025-10-01,cust_0000000168
inst_0000000195,2025-10-01,cust_0000000168
inst_0000000196,2024-02-15,cust_0000000169
inst_0000000197,2024-05-19,cust_0000000170
inst_0000000198,2024-05-19,cust_0000000170
inst_0000000199,2026-01-14,cust_0000000171
inst_0000000200,2025-01-11,cust_0000000172
inst_0000000201,2025-12-18,cust_0000000173
inst_0000000202,2026-04-19,cust_0000000174
inst_0000000203,2024-01-01,cust_0000000175
inst_0000000204,2026-03-02,cust_0000000176
inst_0000000205,2024-03-24,cust_0000000177
inst_0000000206,2025-06-14,cust_0000000178
inst_0000000207,2024-01-01,cust_0000000179
inst_0000000208,2025-09-23,cust_0000000180
inst_0000000209,2025-12-27,cust_0000000181
inst_0000000210,2025-05-04,cust_0000000182
inst_0000000211,2024-10-15,cust_0000000183
inst_0000000212,2025-03-27,cust_0000000184
inst_0000000213,2025-03-27,cust_0000000184
inst_0000000214,2025-03-16,cust_0000000185
inst_0000000215,2024-01-29,cust_0000000186
inst_0000000216,2025-04-25,cust_0000000187
inst_0000000217,2024-01-08,cust_0000000188
inst_0000000218,2025-10-25,cust_0000000189
inst_0000000219,2025-10-25,cust_0000000189
inst_0000000220,2024-02-22,cust_0000000190
inst_0000000221,2025-03-16,cust_0000000191
inst_0000000222,2025-07-01,cust_0000000192
inst_0000000223,2024-10-16,cust_0000000193
inst_0000000224,2025-09-30,cust_0000000194
inst_0000000225,2025-04-22,cust_0000000195
inst_0000000226,2024-01-17,cust_0000000196
inst_0000000227,2024-03-22,cust_0000000197
inst_0000000228,2024-03-22,cust_0000000197
inst_0000000229,2024-08-02,cust_0000000198
inst_0000000230,2025-08-02,cust_0000000199
inst_0000000231,2026-03-27,cust_0000000200
inst_0000000232,2024-04-30,cust_0000000201
inst_0000000233,2024-04-30,cust_0000000201
inst_0000000234,2024-12-27,cust_0000000202
inst_0000000235,2025-08-02,cust_0000000203
inst_0000000236,2025-04-18,cust_0000000204
inst_0000000237,2025-06-13,cust_0000000205
inst_0000000238,2024-09-28,cust_0000000206
inst_0000000239,2024-01-20,cust_0000000207
inst_0000000240,2025-04-28,cust_0000000208
inst_0000000241,2024-08-27,cust_0000000209
inst_0000000242,2024-08-27,cust_0000000209
inst_0000000243,2025-07-16,cust_0000000210
inst_0000000244,2025-01-31,cust_0000000211
inst_0000000245,2025-01-31,cust_0000000211
inst_0000000246,2025-05-04,cust_0000000212
inst_0000000247,2025-01-04,cust_0000000213
inst_0000000248,2025-01-04,cust_0000000213
inst_0000000249,2024-10-13,cust_0000000214
inst_0000000250,2025-05-26,cust_0000000215
inst_0000000251,2025-05-26,cust_0000000215
inst_0000000252,2026-03-28,cust_0000000216
inst_0000000253,2025-12-22,cust_0000000217
inst_0000000254,2024-02-04,cust_0000000218
inst_0000000255,2025-08-21,cust_0000000219
inst_0000000256,2024-08-11,cust_0000000220
inst_0000000257,2025-10-03,cust_0000000221
inst_0000000258,2025-01-04,cust_0000000222
inst_0000000259,2024-07-08,cust_0000000223
inst_0000000260,2024-07-25,cust_0000000224
inst_0000000261,2024-04-28,cust_0000000225
inst_0000000262,2024-09-10,cust_0000000226
inst_0000000263,2024-03-02,cust_0000000227
inst_0000000264,2025-06-02,cust_0000000228
inst_0000000265,2025-05-21,cust_0000000229
inst_0000000266,2025-05-27,cust_0000000230
inst_0000000267,2025-11-17,cust_0000000231
inst_0000000268,2024-09-09,cust_0000000232
inst_0000000269,2024-11-28,cust_0000000233
inst_0000000270,2025-12-05,cust_0000000234
inst_0000000271,2023-12-30,cust_0000000235
inst_0000000272,2023-12-30,cust_0000000235
inst_0000000273,2023-12-28,cust_0000000236
inst_0000000274,2024-08-13,cust_0000000237
inst_0000000275,2025-03-28,cust_0000000238
inst_0000000276,2024-08-03,cust_0000000239
inst_0000000277,2024-01-17,cust_0000000240
inst_0000000278,2023-12-28,cust_0000000241
inst_0000000279,2024-01-09,cust_0000000242
inst_0000000280,2026-01-15,cust_0000000243
inst_0000000281,2024-01-15,cust_0000000244
inst_0000000282,2024-01-15,cust_0000000244
inst_0000000283,2025-03-24,cust_0000000245
inst_0000000284,2026-02-27,cust_0000000246
inst_0000000285,2025-01-04,cust_0000000247
inst_0000000286,2025-04-11,cust_0000000248
inst_0000000287,2025-06-12,cust_0000000249
inst_0000000288,2024-02-12,cust_0000000250
inst_0000000289,2024-06-28,cust_0000000251
inst_0000000290,2025-05-25,cust_0000000252
inst_0000000291,2025-10-10,cust_0000000253
inst_0000000292,2025-10-10,cust_0000000253
inst_0000000293,2025-04-11,cust_0000000254
inst_0000000294,2024-09-20,cust_0000000255
inst_0000000295,2024-09-01,cust_0000000256
inst_0000000296,2025-10-08,cust_0000000257
inst_0000000297,2024-06-23,cust_0000000258
inst_0000000298,2024-12-05,cust_0000000259
inst_0000000299,2025-01-09,cust_0000000260
inst_0000000300,2026-02-18,cust_0000000261
inst_0000000301,2025-04-28,cust_0000000262
inst_0000000302,2025-08-18,cust_0000000263
inst_0000000303,2026-01-19,cust_0000000264
inst_0000000304,2026-01-19,cust_0000000264
inst_0000000305,2025-05-26,cust_0000000265
inst_0000000306,2025-07-07,cust_0000000266
inst_0000000307,2026-03-05,cust_0000000267
inst_0000000308,2025-08-13,cust_0000000268
inst_0000000309,2025-08-13,cust_0000000268
inst_0000000310,2025-07-08,cust_0000000269
inst_0000000311,2024-01-16,cust_0000000270
inst_0000000312,2024-01-16,cust_0000000270
inst_0000000313,2025-08-28,cust_0000000271
inst_0000000314,2024-12-31,cust_0000000272
inst_0000000315,2025-01-27,cust_0000000273
inst_0000000316,2024-11-09,cust_0000000274
inst_0000000317,2025-10-05,cust_0000000275
inst_0000000318,2025-07-05,cust_0000000276
inst_0000000319,2025-07-05,cust_0000000276
inst_0000000320,2024-12-30,cust_0000000277
inst_0000000321,2024-10-27,cust_0000000278
inst_0000000322,2023-12-19,cust_0000000279
inst_0000000323,2024-09-25,cust_0000000280
inst_0000000324,2025-11-22,cust_0000000281
inst_0000000325,2025-04-26,cust_0000000282
inst_0000000326,2025-02-10,cust_0000000283
inst_0000000327,2024-02-06,cust_0000000284
inst_0000000328,2026-03-28,cust_0000000285
inst_0000000329,2023-12-28,cust_0000000286
inst_0000000330,2025-08-04,cust_0000000287
inst_0000000331,2024-10-27,cust_0000000288
inst_0000000332,2024-09-02,cust_0000000289
inst_0000000333,2024-09-02,cust_0000000289
inst_0000000334,2025-03-02,cust_0000000290
inst_0000000335,2026-05-01,cust_0000000291
inst_0000000336,2025-12-12,cust_0000000292
inst_0000000337,2025-03-03,cust_0000000293
inst_0000000338,2025-01-08,cust_0000000294
inst_0000000339,2025-09-18,cust_0000000295
inst_0000000340,2024-02-27,cust_0000000296
inst_0000000341,2025-10-16,cust_0000000297
inst_0000000342,2025-03-09,cust_0000000298
inst_0000000343,2024-08-21,cust_0000000299
inst_0000000344,2024-08-21,cust_0000000299
inst_0000000345,2025-07-29,cust_0000000300
inst_0000000346,2026-04-24,cust_0000000301
inst_0000000347,2025-12-20,cust_0000000302
inst_0000000348,2025-10-04,cust_0000000303
inst_0000000349,2024-09-11,cust_0000000304
inst_0000000350,2024-04-20,cust_0000000305
inst_0000000351,2024-03-13,cust_0000000306
inst_0000000352,2025-09-23,cust_0000000307
inst_0000000353,2024-01-11,cust_0000000308
inst_0000000354,2025-06-22,cust_0000000309
inst_0000000355,2025-01-11,cust_0000000310
inst_0000000356,2025-10-26,cust_0000000311
inst_0000000357,2024-05-16,cust_0000000312
inst_0000000358,2024-05-16,cust_0000000312
inst_0000000359,2025-07-05,cust_0000000313
inst_0000000360,2024-10-06,cust_0000000314
inst_0000000361,2024-10-06,cust_0000000314
inst_0000000362,2024-07-29,cust_0000000315
inst_0000000363,2024-07-29,cust_0000000315
inst_0000000364,2025-12-25,cust_0000000316
inst_0000000365,2025-12-28,cust_0000000317
inst_0000000366,2024-06-10,cust_0000000318
inst_0000000367,2026-04-29,cust_0000000319
inst_0000000368,2024-12-16,cust_0000000320
inst_0000000369,2024-03-13,cust_0000000321
inst_0000000370,2025-12-10,cust_0000000322
inst_0000000371,2026-03-20,cust_0000000323
inst_0000000372,2025-07-08,cust_0000000324
inst_0000000373,2026-04-17,cust_0000000325
inst_0000000374,2024-04-25,cust_0000000326
inst_0000000375,2024-11-17,cust_0000000327
inst_0000000376,2024-11-17,cust_0000000327
inst_0000000377,2024-07-18,cust_0000000328
inst_0000000378,2024-12-25,cust_0000000329
inst_0000000379,2025-12-23,cust_0000000330
inst_0000000380,2026-04-22,cust_0000000331
inst_0000000381,2025-04-25,cust_0000000332
inst_0000000382,2025-04-25,cust_0000000332
inst_0000000383,2024-03-19,cust_0000000333
inst_0000000384,2024-03-19,cust_0000000333
inst_0000000385,2025-03-21,cust_0000000334
inst_0000000386,2025-03-21,cust_0000000334
inst_0000000387,2025-11-28,cust_0000000335
inst_0000000388,2023-12-29,cust_0000000336
inst_0000000389,2025-03-20,cust_0000000337
inst_0000000390,2024-10-18,cust_0000000338
inst_0000000391,2024-07-26,cust_0000000339
inst_0000000392,2024-01-27,cust_0000000340
inst_0000000393,2024-03-07,cust_0000000341
inst_0000000394,2025-02-19,cust_0000000342
inst_0000000395,2025-02-19,cust_0000000342
inst_0000000396,2024-07-25,cust_0000000343
inst_0000000397,2023-12-25,cust_0000000344
inst_0000000398,2023-12-25,cust_0000000344
inst_0000000399,2024-03-21,cust_0000000345
inst_0000000400,2025-07-04,cust_0000000346
inst_0000000401,2025-05-12,cust_0000000347
inst_0000000402,2025-02-18,cust_0000000348
inst_0000000403,2025-06-08,cust_0000000349
inst_0000000404,2025-07-17,cust_0000000350
inst_0000000405,2025-07-11,cust_0000000351
inst_0000000406,2025-11-11,cust_0000000352
inst_0000000407,2024-03-27,cust_0000000353
inst_0000000408,2024-01-05,cust_0000000354
inst_0000000409,2024-01-05,cust_0000000354
inst_0000000410,2025-03-21,cust_0000000355
inst_0000000411,2026-04-25,cust_0000000356
inst_0000000412,2024-10-12,cust_0000000357
inst_0000000413,2025-10-11,cust_0000000358
inst_0000000414,2024-07-06,cust_0000000359
inst_0000000415,2026-01-31,cust_0000000360
inst_0000000416,2024-01-24,cust_0000000361
inst_0000000417,2024-02-04,cust_0000000362
inst_0000000418,2026-02-07,cust_0000000363
inst_0000000419,2025-05-17,cust_0000000364
inst_0000000420,2025-09-24,cust_0000000365
inst_0000000421,2025-06-10,cust_0000000366
inst_0000000422,2025-08-18,cust_0000000367
inst_0000000423,2026-01-26,cust_0000000368
inst_0000000424,2025-11-04,cust_0000000369
inst_0000000425,2025-10-12,cust_0000000370
inst_0000000426,2025-09-14,cust_0000000371
inst_0000000427,2024-10-13,cust_0000000372
inst_0000000428,2025-10-01,cust_0000000373
inst_0000000429,2024-12-19,cust_0000000374
inst_0000000430,2025-01-26,cust_0000000375
inst_0000000431,2025-08-18,cust_0000000376
inst_0000000432,2024-03-21,cust_0000000377
inst_0000000433,2025-08-30,cust_0000000378
inst_0000000434,2025-08-30,cust_0000000378
inst_0000000435,2025-01-21,cust_0000000379
inst_0000000436,2025-06-24,cust_0000000380
inst_0000000437,2025-03-09,cust_0000000381
inst_0000000438,2025-06-12,cust_0000000382
inst_0000000439,2025-09-24,cust_0000000383
inst_0000000440,2025-12-17,cust_0000000384
inst_0000000441,2024-11-19,cust_0000000385
inst_0000000442,2025-01-28,cust_0000000386
inst_0000000443,2023-12-24,cust_0000000387
inst_0000000444,2025-06-14,cust_0000000388
inst_0000000445,2024-02-22,cust_0000000389
inst_0000000446,2024-02-12,cust_0000000390
inst_0000000447,2024-11-07,cust_0000000391
inst_0000000448,2024-05-13,cust_0000000392
inst_0000000449,2025-04-16,cust_0000000393
inst_0000000450,2025-01-07,cust_0000000394
inst_0000000451,2026-03-10,cust_0000000395
inst_0000000452,2025-04-20,cust_0000000396
inst_0000000453,2025-05-26,cust_0000000397
inst_0000000454,2025-05-07,cust_0000000398
inst_0000000455,2024-10-05,cust_0000000399
inst_0000000456,2024-10-05,cust_0000000399
inst_0000000457,2024-11-14,cust_0000000400
inst_0000000458,2025-11-29,cust_0000000401
inst_0000000459,2024-12-11,cust_0000000402
inst_0000000460,2024-12-11,cust_0000000402
inst_0000000461,2024-03-17,cust_0000000403
inst_0000000462,2025-12-04,cust_0000000404
inst_0000000463,2025-12-04,cust_0000000404
inst_0000000464,2025-06-18,cust_0000000405
inst_0000000465,2024-03-15,cust_0000000406
inst_0000000466,2024-03-15,cust_0000000406
inst_0000000467,2025-02-14,cust_0000000407
inst_0000000468,2025-11-19,cust_0000000408
inst_0000000469,2025-05-12,cust_0000000409
inst_0000000470,2024-05-13,cust_0000000410
inst_0000000471,2024-10-09,cust_0000000411
inst_0000000472,2024-03-22,cust_0000000412
inst_0000000473,2024-06-25,cust_0000000413
inst_0000000474,2024-02-28,cust_0000000414
inst_0000000475,2024-02-28,cust_0000000414
inst_0000000476,2025-09-05,cust_0000000415
inst_0000000477,2025-09-05,cust_0000000415
inst_0000000478,2025-08-31,cust_0000000416
inst_0000000479,2025-11-07,cust_0000000417
inst_0000000480,2024-07-02,cust_0000000418
inst_0000000481,2025-09-23,cust_0000000419
inst_0000000482,2024-08-16,cust_0000000420
inst_0000000483,2024-09-13,cust_0000000421
inst_0000000484,2024-08-31,cust_0000000422
inst_0000000485,2025-04-11,cust_0000000423
inst_0000000486,2025-07-21,cust_0000000424
inst_0000000487,2025-03-02,cust_0000000425
inst_0000000488,2024-05-29,cust_0000000426
inst_0000000489,2024-02-19,cust_0000000427
inst_0000000490,2026-04-14,cust_0000000428
inst_0000000491,2024-07-08,cust_0000000429
inst_0000000492,2024-09-01,cust_0000000430
inst_0000000493,2025-08-24,cust_0000000431
inst_0000000494,2025-06-21,cust_0000000432
inst_0000000495,2024-05-23,cust_0000000433
inst_0000000496,2025-06-18,cust_0000000434
inst_0000000497,2024-06-08,cust_0000000435
inst_0000000498,2024-09-01,cust_0000000436
inst_0000000499,2025-05-28,cust_0000000437
inst_0000000500,2024-01-31,cust_0000000438
inst_0000000501,2024-11-09,cust_0000000439
inst_0000000502,2024-10-29,cust_0000000440
inst_0000000503,2024-06-14,cust_0000000441
inst_0000000504,2025-10-20,cust_0000000442
inst_0000000505,2024-05-08,cust_0000000443
inst_0000000506,2025-02-16,cust_0000000444
inst_0000000507,2024-09-13,cust_0000000445
inst_0000000508,2026-04-12,cust_0000000446
inst_0000000509,2026-02-09,cust_0000000447
inst_0000000510,2025-07-28,cust_0000000448
inst_0000000511,2025-04-28,cust_0000000449
inst_0000000512,2024-07-08,cust_0000000450
inst_0000000513,2024-05-09,cust_0000000451
inst_0000000514,2025-05-24,cust_0000000452
inst_0000000515,2024-06-04,cust_0000000453
inst_0000000516,2025-09-12,cust_0000000454
inst_0000000517,2026-02-08,cust_0000000455
inst_0000000518,2025-08-31,cust_0000000456
inst_0000000519,2026-05-02,cust_0000000457
inst_0000000520,2026-02-06,cust_0000000458
inst_0000000521,2024-05-16,cust_0000000459
inst_0000000522,2026-03-07,cust_0000000460
inst_0000000523,2025-01-19,cust_0000000461
inst_0000000524,2025-04-29,cust_0000000462
inst_0000000525,2025-09-21,cust_0000000463
inst_0000000526,2025-01-19,cust_0000000464
inst_0000000527,2025-01-19,cust_0000000464
inst_0000000528,2025-06-16,cust_0000000465
inst_0000000529,2024-10-15,cust_0000000466
inst_0000000530,2026-02-17,cust_0000000467
inst_0000000531,2026-03-25,cust_0000000468
inst_0000000532,2026-03-25,cust_0000000468
inst_0000000533,2023-12-23,cust_0000000469
inst_0000000534,2025-11-27,cust_0000000470
inst_0000000535,2025-11-27,cust_0000000470
inst_0000000536,2024-04-01,cust_0000000471
inst_0000000537,2025-04-02,cust_0000000472
inst_0000000538,2024-10-09,cust_0000000473
inst_0000000539,2026-04-27,cust_0000000474
inst_0000000540,2024-05-12,cust_0000000475
inst_0000000541,2025-01-26,cust_0000000476
inst_0000000542,2025-03-06,cust_0000000477
inst_0000000543,2025-03-06,cust_0000000477
inst_0000000544,2025-09-20,cust_0000000478
inst_0000000545,2024-12-30,cust_0000000479
inst_0000000546,2026-01-07,cust_0000000480
inst_0000000547,2026-01-07,cust_0000000480
inst_0000000548,2024-12-28,cust_0000000481
inst_0000000549,2025-06-21,cust_0000000482
inst_0000000550,2024-03-15,cust_0000000483
inst_0000000551,2024-05-02,cust_0000000484
inst_0000000552,2025-03-14,cust_0000000485
inst_0000000553,2025-07-11,cust_0000000486
inst_0000000554,2025-11-13,cust_0000000487
inst_0000000555,2024-03-17,cust_0000000488
inst_0000000556,2025-04-30,cust_0000000489
inst_0000000557,2024-10-13,cust_0000000490
inst_0000000558,2025-06-23,cust_0000000491
inst_0000000559,2025-07-09,cust_0000000492
inst_0000000560,2025-11-05,cust_0000000493
inst_0000000561,2024-09-01,cust_0000000494
inst_0000000562,2026-01-22,cust_0000000495
inst_0000000563,2025-11-10,cust_0000000496
inst_0000000564,2025-11-10,cust_0000000496
inst_0000000565,2024-05-19,cust_0000000497
inst_0000000566,2025-04-12,cust_0000000498
inst_0000000567,2025-04-12,cust_0000000498
inst_0000000568,2025-07-25,cust_0000000499
inst_0000000569,2024-02-26,cust_0000000500
inst_0000000570,2024-01-02,cust_0000000501
inst_0000000571,2025-08-23,cust_0000000502
inst_0000000572,2025-05-22,cust_0000000503
inst_0000000573,2024-10-10,cust_0000000504
inst_0000000574,2026-02-02,cust_0000000505
inst_0000000575,2026-02-02,cust_0000000505
inst_0000000576,2024-12-16,cust_0000000506
inst_0000000577,2025-04-22,cust_0000000507
inst_0000000578,2025-04-22,cust_0000000507
inst_0000000579,2024-06-04,cust_0000000508
inst_0000000580,2025-07-20,cust_0000000509
inst_0000000581,2025-06-03,cust_0000000510
inst_0000000582,2025-06-03,cust_0000000510
inst_0000000583,2025-01-05,cust_0000000511
inst_0000000584,2026-03-02,cust_0000000512
inst_0000000585,2025-12-09,cust_0000000513
inst_0000000586,2024-04-11,cust_0000000514
inst_0000000587,2024-07-14,cust_0000000515
inst_0000000588,2024-01-09,cust_0000000516
inst_0000000589,2024-09-28,cust_0000000517
inst_0000000590,2024-04-25,cust_0000000518
inst_0000000591,2024-12-15,cust_0000000519
inst_0000000592,2024-12-15,cust_0000000519
inst_0000000593,2024-02-08,cust_0000000520
inst_0000000594,2026-04-09,cust_0000000521
inst_0000000595,2025-10-06,cust_0000000522
inst_0000000596,2025-10-06,cust_0000000522
inst_0000000597,2026-04-28,cust_0000000523
inst_0000000598,2024-03-27,cust_0000000524
inst_0000000599,2024-12-27,cust_0000000525
inst_0000000600,2025-04-19,cust_0000000526
inst_0000000601,2025-04-19,cust_0000000526
inst_0000000602,2025-01-21,cust_0000000527
inst_0000000603,2024-06-13,cust_0000000528
inst_0000000604,2024-12-01,cust_0000000529
inst_0000000605,2026-01-20,cust_0000000530
inst_0000000606,2025-03-09,cust_0000000531
inst_0000000607,2024-08-06,cust_0000000532
inst_0000000608,2025-06-15,cust_0000000533
inst_0000000609,2024-03-27,cust_0000000534
inst_0000000610,2025-08-28,cust_0000000535
inst_0000000611,2026-03-06,cust_0000000536
inst_0000000612,2025-03-25,cust_0000000537
inst_0000000613,2024-11-03,cust_0000000538
inst_0000000614,2024-11-10,cust_0000000539
inst_0000000615,2024-01-17,cust_0000000540
inst_0000000616,2026-01-01,cust_0000000541
inst_0000000617,2026-01-01,cust_0000000541
inst_0000000618,2025-11-22,cust_0000000542
inst_0000000619,2025-05-15,cust_0000000543
inst_0000000620,2025-10-01,cust_0000000544
inst_0000000621,2024-04-04,cust_0000000545
inst_0000000622,2024-04-04,cust_0000000545
inst_0000000623,2026-01-06,cust_0000000546
inst_0000000624,2025-01-22,cust_0000000547
inst_0000000625,2025-01-22,cust_0000000547
inst_0000000626,2024-10-05,cust_0000000548
inst_0000000627,2025-08-13,cust_0000000549
inst_0000000628,2025-08-05,cust_0000000550
inst_0000000629,2026-01-20,cust_0000000551
inst_0000000630,2024-02-07,cust_0000000552
inst_0000000631,2024-02-26,cust_0000000553
inst_0000000632,2024-06-12,cust_0000000554
inst_0000000633,2024-01-11,cust_0000000555
inst_0000000634,2025-02-10,cust_0000000556
inst_0000000635,2026-02-09,cust_0000000557
inst_0000000636,2025-01-17,cust_0000000558
inst_0000000637,2024-04-30,cust_0000000559
inst_0000000638,2024-02-20,cust_0000000560
inst_0000000639,2024-02-20,cust_0000000560
inst_0000000640,2025-01-15,cust_0000000561
inst_0000000641,2025-04-16,cust_0000000562
inst_0000000642,2025-03-31,cust_0000000563
inst_0000000643,2025-11-14,cust_0000000564
inst_0000000644,2025-11-14,cust_0000000564
inst_0000000645,2026-02-24,cust_0000000565
inst_0000000646,2025-11-15,cust_0000000566
inst_0000000647,2026-04-02,cust_0000000567
inst_0000000648,2026-04-02,cust_0000000567
inst_0000000649,2025-08-30,cust_0000000568
inst_0000000650,2025-02-08,cust_0000000569
inst_0000000651,2025-02-08,cust_0000000569
inst_0000000652,2026-03-28,cust_0000000570
inst_0000000653,2025-12-20,cust_0000000571
inst_0000000654,2025-12-24,cust_0000000572
inst_0000000655,2025-01-20,cust_0000000573
inst_0000000656,2025-02-15,cust_0000000574
inst_0000000657,2024-04-11,cust_0000000575
inst_0000000658,2026-01-25,cust_0000000576
inst_0000000659,2026-01-25,cust_0000000576
inst_0000000660,2025-04-17,cust_0000000577
inst_0000000661,2025-07-23,cust_0000000578
inst_0000000662,2025-07-23,cust_0000000578
inst_0000000663,2025-11-24,cust_0000000579
inst_0000000664,2025-12-02,cust_0000000580
inst_0000000665,2025-10-16,cust_0000000581
inst_0000000666,2024-08-18,cust_0000000582
inst_0000000667,2026-01-29,cust_0000000583
inst_0000000668,2026-04-05,cust_0000000584
inst_0000000669,2023-12-19,cust_0000000585
inst_0000000670,2024-02-21,cust_0000000586
inst_0000000671,2024-12-03,cust_0000000587
inst_0000000672,2024-11-17,cust_0000000588
inst_0000000673,2025-03-20,cust_0000000589
inst_0000000674,2024-08-17,cust_0000000590
inst_0000000675,2024-10-16,cust_0000000591
inst_0000000676,2025-04-01,cust_0000000592
inst_0000000677,2024-10-30,cust_0000000593
inst_0000000678,2024-06-25,cust_0000000594
inst_0000000679,2025-06-14,cust_0000000595
inst_0000000680,2025-06-15,cust_0000000596
inst_0000000681,2025-03-29,cust_0000000597
inst_0000000682,2025-07-02,cust_0000000598
inst_0000000683,2024-11-03,cust_0000000599
inst_0000000684,2024-08-03,cust_0000000600
inst_0000000685,2024-01-22,cust_0000000601
inst_0000000686,2024-01-22,cust_0000000601
inst_0000000687,2025-05-24,cust_0000000602
inst_0000000688,2024-03-25,cust_0000000603
inst_0000000689,2024-05-05,cust_0000000604
inst_0000000690,2025-03-12,cust_0000000605
inst_0000000691,2025-09-28,cust_0000000606
inst_0000000692,2025-01-09,cust_0000000607
inst_0000000693,2025-04-30,cust_0000000608
inst_0000000694,2024-07-21,cust_0000000609
inst_0000000695,2025-04-15,cust_0000000610
inst_0000000696,2025-06-23,cust_0000000611
inst_0000000697,2025-07-08,cust_0000000612
inst_0000000698,2024-07-17,cust_0000000613
inst_0000000699,2025-06-19,cust_0000000614
inst_0000000700,2025-08-12,cust_0000000615
inst_0000000701,2025-08-12,cust_0000000615
inst_0000000702,2025-01-18,cust_0000000616
inst_0000000703,2025-02-23,cust_0000000617
inst_0000000704,2024-11-06,cust_0000000618
inst_0000000705,2024-03-19,cust_0000000619
inst_0000000706,2024-03-19,cust_0000000619
inst_0000000707,2025-06-24,cust_0000000620
inst_0000000708,2026-04-19,cust_0000000621
inst_0000000709,2025-03-01,cust_0000000622
inst_0000000710,2025-01-07,cust_0000000623
inst_0000000711,2024-08-20,cust_0000000624
inst_0000000712,2024-04-25,cust_0000000625
inst_0000000713,2026-01-19,cust_0000000626
inst_0000000714,2025-05-18,cust_0000000627
inst_0000000715,2025-05-18,cust_0000000627
inst_0000000716,2024-11-01,cust_0000000628
inst_0000000717,2025-01-03,cust_0000000629
inst_0000000718,2025-10-20,cust_0000000630
inst_0000000719,2024-01-28,cust_0000000631
inst_0000000720,2026-04-30,cust_0000000632
inst_0000000721,2025-12-01,cust_0000000633
inst_0000000722,2024-02-21,cust_0000000634
inst_0000000723,2024-02-21,cust_0000000634
inst_0000000724,2024-09-20,cust_0000000635
inst_0000000725,2024-01-18,cust_0000000636
inst_0000000726,2024-01-18,cust_0000000636
inst_0000000727,2025-09-14,cust_0000000637
inst_0000000728,2025-09-14,cust_0000000637
inst_0000000729,2024-09-01,cust_0000000638
inst_0000000730,2024-06-30,cust_0000000639
inst_0000000731,2024-05-01,cust_0000000640
inst_0000000732,2024-12-22,cust_0000000641
inst_0000000733,2025-11-02,cust_0000000642
inst_0000000734,2024-05-28,cust_0000000643
inst_0000000735,2025-07-12,cust_0000000644
inst_0000000736,2025-11-19,cust_0000000645
inst_0000000737,2025-04-19,cust_0000000646
inst_0000000738,2024-10-21,cust_0000000647
inst_0000000739,2024-10-21,cust_0000000647
inst_0000000740,2025-12-10,cust_0000000648
inst_0000000741,2025-12-10,cust_0000000648
inst_0000000742,2024-02-19,cust_0000000649
inst_0000000743,2026-02-16,cust_0000000650
inst_0000000744,2025-03-21,cust_0000000651
inst_0000000745,2025-05-16,cust_0000000652
inst_0000000746,2024-06-09,cust_0000000653
inst_0000000747,2024-10-26,cust_0000000654
inst_0000000748,2025-09-23,cust_0000000655
inst_0000000749,2025-02-10,cust_0000000656
inst_0000000750,2024-04-26,cust_0000000657
inst_0000000751,2026-02-18,cust_0000000658
inst_0000000752,2024-06-20,cust_0000000659
inst_0000000753,2024-06-20,cust_0000000659
inst_0000000754,2024-11-14,cust_0000000660
inst_0000000755,2025-10-16,cust_0000000661
inst_0000000756,2025-01-16,cust_0000000662
inst_0000000757,2024-07-10,cust_0000000663
inst_0000000758,2025-12-15,cust_0000000664
inst_0000000759,2025-04-14,cust_0000000665
inst_0000000760,2025-04-14,cust_0000000665
inst_0000000761,2023-12-28,cust_0000000666
inst_0000000762,2023-12-28,cust_0000000666
inst_0000000763,2024-07-20,cust_0000000667
inst_0000000764,2024-07-20,cust_0000000667
inst_0000000765,2023-12-26,cust_0000000668
inst_0000000766,2023-12-26,cust_0000000668
inst_0000000767,2025-02-17,cust_0000000669
inst_0000000768,2024-05-09,cust_0000000670
inst_0000000769,2025-09-30,cust_0000000671
inst_0000000770,2025-09-30,cust_0000000671
inst_0000000771,2025-09-24,cust_0000000672
inst_0000000772,2025-09-24,cust_0000000672
inst_0000000773,2024-06-10,cust_0000000673
inst_0000000774,2024-05-24,cust_0000000674
inst_0000000775,2025-06-30,cust_0000000675
inst_0000000776,2026-03-02,cust_0000000676
inst_0000000777,2025-05-09,cust_0000000677
inst_0000000778,2025-02-07,cust_0000000678
inst_0000000779,2024-01-01,cust_0000000679
inst_0000000780,2025-09-27,cust_0000000680
inst_0000000781,2025-09-27,cust_0000000680
inst_0000000782,2024-11-21,cust_0000000681
inst_0000000783,2024-01-29,cust_0000000682
inst_0000000784,2024-08-21,cust_0000000683
inst_0000000785,2024-08-21,cust_0000000683
inst_0000000786,2025-03-16,cust_0000000684
inst_0000000787,2024-04-10,cust_0000000685
inst_0000000788,2025-05-05,cust_0000000686
inst_0000000789,2024-07-19,cust_0000000687
inst_0000000790,2025-10-20,cust_0000000688
inst_0000000791,2025-10-27,cust_0000000689
inst_0000000792,2024-06-06,cust_0000000690
inst_0000000793,2026-04-09,cust_0000000691
inst_0000000794,2026-01-29,cust_0000000692
inst_0000000795,2025-01-25,cust_0000000693
inst_0000000796,2026-03-10,cust_0000000694
inst_0000000797,2026-03-10,cust_0000000694
inst_0000000798,2024-03-21,cust_0000000695
inst_0000000799,2024-03-21,cust_0000000695
inst_0000000800,2024-01-08,cust_0000000696
inst_0000000801,2024-01-08,cust_0000000696
inst_0000000802,2024-01-08,cust_0000000697
inst_0000000803,2024-05-14,cust_0000000698
inst_0000000804,2025-10-30,cust_0000000699
inst_0000000805,2025-06-06,cust_0000000700
inst_0000000806,2026-02-27,cust_0000000701
inst_0000000807,2024-08-01,cust_0000000702
inst_0000000808,2024-10-31,cust_0000000703
inst_0000000809,2025-04-15,cust_0000000704
inst_0000000810,2025-04-08,cust_0000000705
inst_0000000811,2026-03-04,cust_0000000706
inst_0000000812,2025-09-18,cust_0000000707
inst_0000000813,2024-06-06,cust_0000000708
inst_0000000814,2024-09-13,cust_0000000709
inst_0000000815,2024-09-13,cust_0000000709
inst_0000000816,2024-03-27,cust_0000000710
inst_0000000817,2025-10-26,cust_0000000711
inst_0000000818,2026-01-25,cust_0000000712
inst_0000000819,2025-08-23,cust_0000000713
inst_0000000820,2025-04-10,cust_0000000714
inst_0000000821,2025-04-10,cust_0000000714
inst_0000000822,2026-01-05,cust_0000000715
inst_0000000823,2025-01-01,cust_0000000716
inst_0000000824,2025-04-09,cust_0000000717
inst_0000000825,2025-04-09,cust_0000000717
inst_0000000826,2023-12-18,cust_0000000718
inst_0000000827,2024-07-25,cust_0000000719
inst_0000000828,2024-01-17,cust_0000000720
inst_0000000829,2024-11-09,cust_0000000721
inst_0000000830,2024-01-19,cust_0000000722
inst_0000000831,2024-07-30,cust_0000000723
inst_0000000832,2024-09-28,cust_0000000724
inst_0000000833,2024-09-28,cust_0000000724
inst_0000000834,2025-02-27,cust_0000000725
inst_0000000835,2025-02-10,cust_0000000726
inst_0000000836,2025-10-26,cust_0000000727
inst_0000000837,2024-10-17,cust_0000000728
inst_0000000838,2024-08-02,cust_0000000729
inst_0000000839,2024-01-05,cust_0000000730
inst_0000000840,2025-12-08,cust_0000000731
inst_0000000841,2025-05-24,cust_0000000732
inst_0000000842,2024-07-11,cust_0000000733
inst_0000000843,2024-02-01,cust_0000000734
inst_0000000844,2024-04-23,cust_0000000735
inst_0000000845,2024-08-09,cust_0000000736
inst_0000000846,2025-09-16,cust_0000000737
inst_0000000847,2025-09-16,cust_0000000737
inst_0000000848,2026-04-25,cust_0000000738
inst_0000000849,2024-10-24,cust_0000000739
inst_0000000850,2025-07-26,cust_0000000740
inst_0000000851,2025-07-26,cust_0000000740
inst_0000000852,2024-05-08,cust_0000000741
inst_0000000853,2025-10-04,cust_0000000742
inst_0000000854,2025-10-04,cust_0000000742
inst_0000000855,2024-03-05,cust_0000000743
inst_0000000856,2024-03-05,cust_0000000743
inst_0000000857,2026-03-31,cust_0000000744
inst_0000000858,2024-12-31,cust_0000000745
inst_0000000859,2025-05-09,cust_0000000746
inst_0000000860,2025-05-09,cust_0000000746
inst_0000000861,2025-07-16,cust_0000000747
inst_0000000862,2025-04-23,cust_0000000748
inst_0000000863,2025-04-09,cust_0000000749
inst_0000000864,2025-04-09,cust_0000000749
inst_0000000865,2023-12-28,cust_0000000750
inst_0000000866,2025-07-31,cust_0000000751
inst_0000000867,2024-03-18,cust_0000000752
inst_0000000868,2026-03-16,cust_0000000753
inst_0000000869,2026-04-13,cust_0000000754
inst_0000000870,2024-11-21,cust_0000000755
inst_0000000871,2024-11-21,cust_0000000755
inst_0000000872,2025-06-04,cust_0000000756
inst_0000000873,2025-06-04,cust_0000000756
inst_0000000874,2024-03-17,cust_0000000757
inst_0000000875,2024-12-02,cust_0000000758
inst_0000000876,2025-12-23,cust_0000000759
inst_0000000877,2025-12-31,cust_0000000760
inst_0000000878,2024-01-24,cust_0000000761
inst_0000000879,2024-02-21,cust_0000000762
inst_0000000880,2025-10-19,cust_0000000763
inst_0000000881,2025-03-09,cust_0000000764
inst_0000000882,2025-04-15,cust_0000000765
inst_0000000883,2024-10-30,cust_0000000766
inst_0000000884,2024-08-21,cust_0000000767
inst_0000000885,2024-08-21,cust_0000000767
inst_0000000886,2024-11-08,cust_0000000768
inst_0000000887,2026-03-26,cust_0000000769
inst_0000000888,2025-12-12,cust_0000000770
inst_0000000889,2024-05-15,cust_0000000771
inst_0000000890,2024-11-19,cust_0000000772
inst_0000000891,2024-02-18,cust_0000000773
inst_0000000892,2024-04-03,cust_0000000774
inst_0000000893,2024-03-05,cust_0000000775
inst_0000000894,2024-06-15,cust_0000000776
inst_0000000895,2024-11-14,cust_0000000777
inst_0000000896,2024-10-24,cust_0000000778
inst_0000000897,2024-07-28,cust_0000000779
inst_0000000898,2025-11-24,cust_0000000780
inst_0000000899,2025-02-13,cust_0000000781
inst_0000000900,2026-01-09,cust_0000000782
inst_0000000901,2025-12-01,cust_0000000783
inst_0000000902,2025-12-01,cust_0000000783
inst_0000000903,2024-12-02,cust_0000000784
inst_0000000904,2025-10-27,cust_0000000785
inst_0000000905,2025-11-10,cust_0000000786
inst_0000000906,2024-11-10,cust_0000000787
inst_0000000907,2026-02-09,cust_0000000788
inst_0000000908,2026-02-09,cust_0000000788
inst_0000000909,2025-12-22,cust_0000000789
inst_0000000910,2024-04-16,cust_0000000790
inst_0000000911,2024-04-16,cust_0000000790
inst_0000000912,2025-03-15,cust_0000000791
inst_0000000913,2025-02-12,cust_0000000792
inst_0000000914,2025-02-12,cust_0000000792
inst_0000000915,2025-02-04,cust_0000000793
inst_0000000916,2025-02-04,cust_0000000793
inst_0000000917,2024-06-05,cust_0000000794
inst_0000000918,2026-01-22,cust_0000000795
inst_0000000919,2025-08-29,cust_0000000796
inst_0000000920,2024-09-11,cust_0000000797
inst_0000000921,2025-04-02,cust_0000000798
inst_0000000922,2025-05-07,cust_0000000799
inst_0000000923,2025-05-07,cust_0000000799
inst_0000000924,2025-04-27,cust_0000000800
inst_0000000925,2025-06-11,cust_0000000801
inst_0000000926,2025-05-08,cust_0000000802
inst_0000000927,2025-05-08,cust_0000000802
inst_0000000928,2025-03-31,cust_0000000803
inst_0000000929,2026-04-27,cust_0000000804
inst_0000000930,2024-12-02,cust_0000000805
inst_0000000931,2024-07-13,cust_0000000806
inst_0000000932,2024-07-13,cust_0000000806
inst_0000000933,2026-02-04,cust_0000000807
inst_0000000934,2025-07-24,cust_0000000808
inst_0000000935,2024-07-07,cust_0000000809
inst_0000000936,2024-07-07,cust_0000000809
inst_0000000937,2025-02-20,cust_0000000810
inst_0000000938,2023-12-31,cust_0000000811
inst_0000000939,2024-01-18,cust_0000000812
inst_0000000940,2025-07-14,cust_0000000813
inst_0000000941,2026-02-24,cust_0000000814
inst_0000000942,2025-07-25,cust_0000000815
inst_0000000943,2025-08-22,cust_0000000816
inst_0000000944,2024-01-31,cust_0000000817
inst_0000000945,2026-03-24,cust_0000000818
inst_0000000946,2026-03-24,cust_0000000818
inst_0000000947,2024-02-13,cust_0000000819
inst_0000000948,2024-01-06,cust_0000000820
inst_0000000949,2024-04-15,cust_0000000821
inst_0000000950,2025-05-08,cust_0000000822
inst_0000000951,2025-01-26,cust_0000000823
inst_0000000952,2024-08-26,cust_0000000824
inst_0000000953,2025-05-27,cust_0000000825
inst_0000000954,2025-03-26,cust_0000000826
inst_0000000955,2025-03-26,cust_0000000826
inst_0000000956,2025-09-15,cust_0000000827
inst_0000000957,2025-09-15,cust_0000000827
inst_0000000958,2025-08-11,cust_0000000828
inst_0000000959,2025-06-22,cust_0000000829
inst_0000000960,2025-09-13,cust_0000000830
inst_0000000961,2025-07-08,cust_0000000831
inst_0000000962,2025-01-06,cust_0000000832
inst_0000000963,2024-07-22,cust_0000000833
inst_0000000964,2024-03-05,cust_0000000834
inst_0000000965,2024-08-22,cust_0000000835
inst_0000000966,2025-03-03,cust_0000000836
inst_0000000967,2025-03-03,cust_0000000836
inst_0000000968,2025-02-05,cust_0000000837
inst_0000000969,2025-04-07,cust_0000000838
inst_0000000970,2024-02-15,cust_0000000839
inst_0000000971,2024-02-01,cust_0000000840
inst_0000000972,2025-09-06,cust_0000000841
inst_0000000973,2025-09-06,cust_0000000841
inst_0000000974,2024-02-29,cust_0000000842
inst_0000000975,2025-07-12,cust_0000000843
inst_0000000976,2025-07-12,cust_0000000843
inst_0000000977,2024-11-23,cust_0000000844
inst_0000000978,2024-07-13,cust_0000000845
inst_0000000979,2026-03-24,cust_0000000846
inst_0000000980,2025-08-02,cust_0000000847
inst_0000000981,2024-08-02,cust_0000000848
inst_0000000982,2024-08-02,cust_0000000848
inst_0000000983,2025-04-20,cust_0000000849
inst_0000000984,2024-07-07,cust_0000000850
inst_0000000985,2026-02-09,cust_0000000851
inst_0000000986,2026-04-01,cust_0000000852
inst_0000000987,2026-04-01,cust_0000000852
inst_0000000988,2026-04-03,cust_0000000853
inst_0000000989,2024-06-03,cust_0000000854
inst_0000000990,2026-02-06,cust_0000000855
inst_0000000991,2026-02-06,cust_0000000855
inst_0000000992,2024-04-21,cust_0000000856
inst_0000000993,2025-09-14,cust_0000000857
inst_0000000994,2026-03-21,cust_0000000858
inst_0000000995,2024-03-16,cust_0000000859
inst_0000000996,2024-07-27,cust_0000000860
inst_0000000997,2025-09-21,cust_0000000861
inst_0000000998,2024-07-04,cust_0000000862
inst_0000000999,2025-05-08,cust_0000000863
inst_0000001000,2024-09-27,cust_0000000864
inst_0000001001,2024-01-12,cust_0000000865
inst_0000001002,2024-01-12,cust_0000000865
inst_0000001003,2024-02-16,cust_0000000866
inst_0000001004,2024-05-21,cust_0000000867
inst_0000001005,2025-12-09,cust_0000000868
inst_0000001006,2025-12-09,cust_0000000868
inst_0000001007,2024-12-28,cust_0000000869
inst_0000001008,2025-07-13,cust_0000000870
inst_0000001009,2026-03-05,cust_0000000871
inst_0000001010,2026-03-03,cust_0000000872
inst_0000001011,2026-03-03,cust_0000000872
inst_0000001012,2024-02-07,cust_0000000873
inst_0000001013,2025-09-18,cust_0000000874
inst_0000001014,2025-09-18,cust_0000000874
inst_0000001015,2024-08-16,cust_0000000875
inst_0000001016,2024-08-16,cust_0000000875
inst_0000001017,2024-08-20,cust_0000000876
inst_0000001018,2025-03-09,cust_0000000877
inst_0000001019,2025-03-09,cust_0000000877
inst_0000001020,2024-03-12,cust_0000000878
inst_0000001021,2024-01-29,cust_0000000879
inst_0000001022,2024-09-15,cust_0000000880
inst_0000001023,2024-09-15,cust_0000000880
inst_0000001024,2025-11-18,cust_0000000881
inst_0000001025,2025-03-13,cust_0000000882
inst_0000001026,2026-03-30,cust_0000000883
inst_0000001027,2024-12-07,cust_0000000884
inst_0000001028,2024-01-27,cust_0000000885
inst_0000001029,2025-03-04,cust_0000000886
inst_0000001030,2025-06-16,cust_0000000887
inst_0000001031,2024-05-05,cust_0000000888
inst_0000001032,2025-09-23,cust_0000000889
inst_0000001033,2024-09-04,cust_0000000890
inst_0000001034,2025-05-30,cust_0000000891
inst_0000001035,2023-12-17,cust_0000000892
inst_0000001036,2023-12-17,cust_0000000892
inst_0000001037,2024-12-07,cust_0000000893
inst_0000001038,2024-12-07,cust_0000000893
inst_0000001039,2026-01-16,cust_0000000894
inst_0000001040,2026-03-12,cust_0000000895
inst_0000001041,2025-01-19,cust_0000000896
inst_0000001042,2026-02-11,cust_0000000897
inst_0000001043,2024-08-28,cust_0000000898
inst_0000001044,2024-08-11,cust_0000000899
inst_0000001045,2024-08-11,cust_0000000899
inst_0000001046,2024-02-16,cust_0000000900
inst_0000001047,2024-04-30,cust_0000000901
inst_0000001048,2024-04-30,cust_0000000901
inst_0000001049,2026-02-05,cust_0000000902
inst_0000001050,2024-04-14,cust_0000000903
inst_0000001051,2026-04-15,cust_0000000904
inst_0000001052,2024-08-28,cust_0000000905
inst_0000001053,2025-02-26,cust_0000000906
inst_0000001054,2025-11-10,cust_0000000907
inst_0000001055,2025-12-10,cust_0000000908
inst_0000001056,2025-08-08,cust_0000000909
inst_0000001057,2026-02-28,cust_0000000910
inst_0000001058,2026-04-28,cust_0000000911
inst_0000001059,2025-08-03,cust_0000000912
inst_0000001060,2025-03-06,cust_0000000913
inst_0000001061,2024-06-17,cust_0000000914
inst_0000001062,2024-11-28,cust_0000000915
inst_0000001063,2024-05-13,cust_0000000916
inst_0000001064,2025-11-26,cust_0000000917
inst_0000001065,2025-09-06,cust_0000000918
inst_0000001066,2025-02-25,cust_0000000919
inst_0000001067,2024-01-24,cust_0000000920
inst_0000001068,2026-02-22,cust_0000000921
inst_0000001069,2025-07-18,cust_0000000922
inst_0000001070,2024-12-19,cust_0000000923
inst_0000001071,2025-12-19,cust_0000000924
inst_0000001072,2026-01-02,cust_0000000925
inst_0000001073,2025-10-31,cust_0000000926
inst_0000001074,2024-12-25,cust_0000000927
inst_0000001075,2024-09-03,cust_0000000928
inst_0000001076,2025-08-25,cust_0000000929
inst_0000001077,2023-12-23,cust_0000000930
inst_0000001078,2026-02-14,cust_0000000931
inst_0000001079,2025-01-14,cust_0000000932
inst_0000001080,2025-01-14,cust_0000000932
inst_0000001081,2025-01-11,cust_0000000933
inst_0000001082,2024-03-22,cust_0000000934
inst_0000001083,2023-12-24,cust_0000000935
inst_0000001084,2024-01-31,cust_0000000936
inst_0000001085,2024-03-22,cust_0000000937
inst_0000001086,2024-03-22,cust_0000000937
inst_0000001087,2024-07-08,cust_0000000938
inst_0000001088,2025-06-18,cust_0000000939
inst_0000001089,2025-06-18,cust_0000000939
inst_0000001090,2025-04-25,cust_0000000940
inst_0000001091,2025-09-26,cust_0000000941
inst_0000001092,2024-05-31,cust_0000000942
inst_0000001093,2026-01-06,cust_0000000943
inst_0000001094,2026-02-06,cust_0000000944
inst_0000001095,2026-04-25,cust_0000000945
inst_0000001096,2025-11-29,cust_0000000946
inst_0000001097,2025-11-29,cust_0000000946
inst_0000001098,2024-07-21,cust_0000000947
inst_0000001099,2025-07-08,cust_0000000948
inst_0000001100,2026-04-23,cust_0000000949
inst_0000001101,2024-01-09,cust_0000000950
inst_0000001102,2026-01-15,cust_0000000951
inst_0000001103,2025-10-22,cust_0000000952
inst_0000001104,2024-03-17,cust_0000000953
inst_0000001105,2024-03-17,cust_0000000953
inst_0000001106,2025-01-29,cust_0000000954
inst_0000001107,2025-01-29,cust_0000000954
inst_0000001108,2025-07-20,cust_0000000955
inst_0000001109,2024-03-03,cust_0000000956
inst_0000001110,2025-01-20,cust_0000000957
inst_0000001111,2025-05-28,cust_0000000958
inst_0000001112,2025-05-28,cust_0000000958
inst_0000001113,2026-03-05,cust_0000000959
inst_0000001114,2026-02-06,cust_0000000960
inst_0000001115,2026-02-06,cust_0000000960
inst_0000001116,2026-02-07,cust_0000000961
inst_0000001117,2026-01-30,cust_0000000962
inst_0000001118,2024-10-30,cust_0000000963
inst_0000001119,2024-03-18,cust_0000000964
inst_0000001120,2025-07-26,cust_0000000965
inst_0000001121,2026-03-12,cust_0000000966
inst_0000001122,2025-04-17,cust_0000000967
inst_0000001123,2025-02-23,cust_0000000968
inst_0000001124,2025-01-18,cust_0000000969
inst_0000001125,2026-03-13,cust_0000000970
inst_0000001126,2024-12-11,cust_0000000971
inst_0000001127,2024-11-08,cust_0000000972
inst_0000001128,2024-11-08,cust_0000000972
inst_0000001129,2024-06-14,cust_0000000973
inst_0000001130,2026-01-31,cust_0000000974
inst_0000001131,2024-04-03,cust_0000000975
inst_0000001132,2025-05-21,cust_0000000976
inst_0000001133,2025-05-21,cust_0000000976
inst_0000001134,2024-08-02,cust_0000000977
inst_0000001135,2024-01-18,cust_0000000978
inst_0000001136,2025-04-09,cust_0000000979
inst_0000001137,2025-06-15,cust_0000000980
inst_0000001138,2026-03-20,cust_0000000981
inst_0000001139,2025-12-14,cust_0000000982
inst_0000001140,2025-02-17,cust_0000000983
inst_0000001141,2025-10-18,cust_0000000984
inst_0000001142,2025-06-03,cust_0000000985
inst_0000001143,2024-12-20,cust_0000000986
inst_0000001144,2024-12-20,cust_0000000986
inst_0000001145,2024-01-19,cust_0000000987
inst_0000001146,2024-01-13,cust_0000000988
inst_0000001147,2025-02-02,cust_0000000989
inst_0000001148,2024-07-22,cust_0000000990
inst_0000001149,2026-04-03,cust_0000000991
inst_0000001150,2025-02-24,cust_0000000992
inst_0000001151,2026-03-17,cust_0000000993
inst_0000001152,2026-03-17,cust_0000000993
inst_0000001153,2026-03-15,cust_0000000994
inst_0000001154,2025-03-26,cust_0000000995
inst_0000001155,2025-09-23,cust_0000000996
inst_0000001156,2024-05-05,cust_0000000997
inst_0000001157,2024-02-27,cust_0000000998
inst_0000001158,2025-12-12,cust_0000000999
inst_0000001159,2024-06-30,cust_0000001000
inst_0000001160,2025-12-22,cust_0000001001
inst_0000001161,2024-01-29,cust_0000001002
inst_0000001162,2024-01-29,cust_0000001002
inst_0000001163,2024-11-09,cust_0000001003
inst_0000001164,2024-11-09,cust_0000001003
inst_0000001165,2025-01-29,cust_0000001004
inst_0000001166,2024-12-09,cust_0000001005
inst_0000001167,2025-07-20,cust_0000001006
inst_0000001168,2025-02-15,cust_0000001007
inst_0000001169,2024-05-10,cust_0000001008
inst_0000001170,2025-06-10,cust_0000001009
inst_0000001171,2024-11-13,cust_0000001010
inst_0000001172,2025-01-15,cust_0000001011
inst_0000001173,2024-07-12,cust_0000001012
inst_0000001174,2024-09-07,cust_0000001013
inst_0000001175,2025-09-22,cust_0000001014
inst_0000001176,2024-11-11,cust_0000001015
inst_0000001177,2024-11-11,cust_0000001015
inst_0000001178,2025-09-29,cust_0000001016
inst_0000001179,2025-05-23,cust_0000001017
inst_0000001180,2025-03-30,cust_0000001018
inst_0000001181,2026-04-19,cust_0000001019
inst_0000001182,2026-04-19,cust_0000001019
inst_0000001183,2025-03-15,cust_0000001020
inst_0000001184,2024-11-09,cust_0000001021
inst_0000001185,2024-02-14,cust_0000001022
inst_0000001186,2026-04-10,cust_0000001023
inst_0000001187,2024-08-12,cust_0000001024
inst_0000001188,2025-04-10,cust_0000001025
inst_0000001189,2025-11-09,cust_0000001026
inst_0000001190,2024-07-04,cust_0000001027
inst_0000001191,2024-04-12,cust_0000001028
inst_0000001192,2024-04-12,cust_0000001028
inst_0000001193,2024-02-28,cust_0000001029
inst_0000001194,2024-02-08,cust_0000001030
inst_0000001195,2025-05-10,cust_0000001031
inst_0000001196,2025-05-10,cust_0000001031
inst_0000001197,2024-08-27,cust_0000001032
inst_0000001198,2024-08-27,cust_0000001032
inst_0000001199,2025-12-28,cust_0000001033
inst_0000001200,2024-06-17,cust_0000001034
inst_0000001201,2024-03-22,cust_0000001035
inst_0000001202,2025-08-05,cust_0000001036
inst_0000001203,2025-08-05,cust_0000001036
inst_0000001204,2025-02-26,cust_0000001037
inst_0000001205,2025-01-02,cust_0000001038
inst_0000001206,2024-03-30,cust_0000001039
inst_0000001207,2024-12-10,cust_0000001040
inst_0000001208,2025-04-30,cust_0000001041
inst_0000001209,2025-04-30,cust_0000001041
inst_0000001210,2026-03-12,cust_0000001042
inst_0000001211,2026-02-20,cust_0000001043
inst_0000001212,2025-01-15,cust_0000001044
inst_0000001213,2025-04-25,cust_0000001045
inst_0000001214,2025-09-28,cust_0000001046
inst_0000001215,2024-08-17,cust_0000001047
inst_0000001216,2024-08-17,cust_0000001047
inst_0000001217,2025-08-26,cust_0000001048
inst_0000001218,2024-03-26,cust_0000001049
inst_0000001219,2026-04-28,cust_0000001050
inst_0000001220,2023-12-21,cust_0000001051
inst_0000001221,2023-12-21,cust_0000001051
inst_0000001222,2025-05-25,cust_0000001052
inst_0000001223,2024-02-16,cust_0000001053
inst_0000001224,2025-01-20,cust_0000001054
inst_0000001225,2024-05-01,cust_0000001055
inst_0000001226,2024-05-01,cust_0000001055
inst_0000001227,2024-12-27,cust_0000001056
inst_0000001228,2024-05-31,cust_0000001057
inst_0000001229,2024-07-28,cust_0000001058
inst_0000001230,2024-11-14,cust_0000001059
inst_0000001231,2025-02-23,cust_0000001060
inst_0000001232,2025-02-21,cust_0000001061
inst_0000001233,2024-09-05,cust_0000001062
inst_0000001234,2024-06-05,cust_0000001063
inst_0000001235,2024-06-05,cust_0000001063
inst_0000001236,2026-02-16,cust_0000001064
inst_0000001237,2024-07-28,cust_0000001065
inst_0000001238,2024-07-28,cust_0000001065
inst_0000001239,2025-12-05,cust_0000001066
inst_0000001240,2024-01-28,cust_0000001067
inst_0000001241,2025-10-10,cust_0000001068
inst_0000001242,2025-10-10,cust_0000001068
inst_0000001243,2026-04-05,cust_0000001069
inst_0000001244,2024-04-22,cust_0000001070
inst_0000001245,2025-05-30,cust_0000001071
inst_0000001246,2026-04-14,cust_0000001072
inst_0000001247,2025-10-14,cust_0000001073
inst_0000001248,2024-06-05,cust_0000001074
inst_0000001249,2025-09-27,cust_0000001075
inst_0000001250,2024-01-17,cust_0000001076
inst_0000001251,2023-12-22,cust_0000001077
inst_0000001252,2025-02-07,cust_0000001078
inst_0000001253,2025-06-27,cust_0000001079
inst_0000001254,2025-09-23,cust_0000001080
inst_0000001255,2025-09-23,cust_0000001080
inst_0000001256,2026-01-04,cust_0000001081
inst_0000001257,2024-03-12,cust_0000001082
inst_0000001258,2025-01-05,cust_0000001083
inst_0000001259,2024-12-02,cust_0000001084
inst_0000001260,2024-12-02,cust_0000001084
inst_0000001261,2025-01-27,cust_0000001085
inst_0000001262,2023-12-23,cust_0000001086
inst_0000001263,2025-12-01,cust_0000001087
inst_0000001264,2025-12-01,cust_0000001087
inst_0000001265,2025-03-16,cust_0000001088
inst_0000001266,2025-11-21,cust_0000001089
inst_0000001267,2024-01-31,cust_0000001090
inst_0000001268,2024-05-04,cust_0000001091
inst_0000001269,2025-05-14,cust_0000001092
inst_0000001270,2024-09-02,cust_0000001093
inst_0000001271,2025-04-17,cust_0000001094
inst_0000001272,2026-02-04,cust_0000001095
inst_0000001273,2024-12-04,cust_0000001096
inst_0000001274,2024-12-04,cust_0000001096
inst_0000001275,2024-09-22,cust_0000001097
inst_0000001276,2024-09-22,cust_0000001097
inst_0000001277,2025-08-28,cust_0000001098
inst_0000001278,2024-03-21,cust_0000001099
inst_0000001279,2024-11-25,cust_0000001100
inst_0000001280,2025-02-09,cust_0000001101
inst_0000001281,2025-03-15,cust_0000001102
inst_0000001282,2024-10-25,cust_0000001103
inst_0000001283,2024-07-09,cust_0000001104
inst_0000001284,2025-01-18,cust_0000001105
inst_0000001285,2025-01-19,cust_0000001106
inst_0000001286,2024-07-28,cust_0000001107
inst_0000001287,2024-07-28,cust_0000001107
inst_0000001288,2026-02-20,cust_0000001108
inst_0000001289,2026-02-20,cust_0000001108
inst_0000001290,2025-06-29,cust_0000001109
inst_0000001291,2025-07-13,cust_0000001110
inst_0000001292,2026-03-10,cust_0000001111
inst_0000001293,2025-09-03,cust_0000001112
inst_0000001294,2024-08-05,cust_0000001113
inst_0000001295,2026-04-13,cust_0000001114
inst_0000001296,2026-03-29,cust_0000001115
inst_0000001297,2025-02-03,cust_0000001116
inst_0000001298,2025-04-19,cust_0000001117
inst_0000001299,2024-09-22,cust_0000001118
inst_0000001300,2024-09-22,cust_0000001118
inst_0000001301,2024-01-22,cust_0000001119
inst_0000001302,2026-03-14,cust_0000001120
inst_0000001303,2024-05-26,cust_0000001121
inst_0000001304,2024-04-14,cust_0000001122
inst_0000001305,2024-05-14,cust_0000001123
inst_0000001306,2024-01-24,cust_0000001124
inst_0000001307,2025-06-13,cust_0000001125
inst_0000001308,2025-06-05,cust_0000001126
inst_0000001309,2025-10-01,cust_0000001127
inst_0000001310,2025-10-01,cust_0000001127
inst_0000001311,2024-03-23,cust_0000001128
inst_0000001312,2024-07-04,cust_0000001129
inst_0000001313,2024-07-04,cust_0000001129
inst_0000001314,2025-09-03,cust_0000001130
inst_0000001315,2025-07-27,cust_0000001131
inst_0000001316,2025-03-25,cust_0000001132
inst_0000001317,2024-07-21,cust_0000001133
inst_0000001318,2024-09-14,cust_0000001134
inst_0000001319,2026-02-01,cust_0000001135
inst_0000001320,2026-02-01,cust_0000001135
inst_0000001321,2024-04-29,cust_0000001136
inst_0000001322,2024-04-29,cust_0000001136
inst_0000001323,2024-02-13,cust_0000001137
inst_0000001324,2024-03-19,cust_0000001138
inst_0000001325,2025-09-27,cust_0000001139
inst_0000001326,2026-01-19,cust_0000001140
inst_0000001327,2025-01-27,cust_0000001141
inst_0000001328,2025-11-14,cust_0000001142
inst_0000001329,2025-07-20,cust_0000001143
inst_0000001330,2025-05-11,cust_0000001144
inst_0000001331,2026-01-28,cust_0000001145
inst_0000001332,2024-03-25,cust_0000001146
inst_0000001333,2024-11-18,cust_0000001147
inst_0000001334,2025-05-27,cust_0000001148
inst_0000001335,2024-11-06,cust_0000001149
inst_0000001336,2025-04-17,cust_0000001150
inst_0000001337,2023-12-17,cust_0000001151
inst_0000001338,2025-08-15,cust_0000001152
inst_0000001339,2024-02-20,cust_0000001153
inst_0000001340,2024-04-04,cust_0000001154
inst_0000001341,2024-09-24,cust_0000001155
inst_0000001342,2024-05-17,cust_0000001156
inst_0000001343,2026-04-03,cust_0000001157
inst_0000001344,2025-01-05,cust_0000001158
inst_0000001345,2025-01-05,cust_0000001158
inst_0000001346,2024-09-23,cust_0000001159
inst_0000001347,2025-09-22,cust_0000001160
inst_0000001348,2025-06-19,cust_0000001161
inst_0000001349,2024-12-16,cust_0000001162
inst_0000001350,2024-03-26,cust_0000001163
inst_0000001351,2024-07-30,cust_0000001164
inst_0000001352,2025-10-02,cust_0000001165
inst_0000001353,2024-05-07,cust_0000001166
inst_0000001354,2025-12-07,cust_0000001167
inst_0000001355,2026-01-13,cust_0000001168
inst_0000001356,2024-01-20,cust_0000001169
inst_0000001357,2026-02-10,cust_0000001170
inst_0000001358,2026-02-10,cust_0000001170
inst_0000001359,2024-02-28,cust_0000001171
inst_0000001360,2024-09-11,cust_0000001172
inst_0000001361,2025-09-29,cust_0000001173
inst_0000001362,2024-10-09,cust_0000001174
inst_0000001363,2024-12-03,cust_0000001175
inst_0000001364,2025-07-12,cust_0000001176
inst_0000001365,2024-12-19,cust_0000001177
inst_0000001366,2025-11-10,cust_0000001178
inst_0000001367,2024-02-13,cust_0000001179
inst_0000001368,2025-11-14,cust_0000001180
inst_0000001369,2025-11-14,cust_0000001180
inst_0000001370,2024-08-17,cust_0000001181
inst_0000001371,2024-05-11,cust_0000001182
inst_0000001372,2024-05-11,cust_0000001182
inst_0000001373,2024-11-21,cust_0000001183
inst_0000001374,2024-11-21,cust_0000001183
inst_0000001375,2025-02-24,cust_0000001184
inst_0000001376,2025-02-24,cust_0000001184
inst_0000001377,2025-12-14,cust_0000001185
inst_0000001378,2024-02-15,cust_0000001186
inst_0000001379,2024-02-15,cust_0000001186
inst_0000001380,2025-01-10,cust_0000001187
inst_0000001381,2024-05-15,cust_0000001188
inst_0000001382,2024-01-02,cust_0000001189
inst_0000001383,2024-10-23,cust_0000001190
inst_0000001384,2024-07-23,cust_0000001191
inst_0000001385,2024-10-08,cust_0000001192
inst_0000001386,2026-02-22,cust_0000001193
inst_0000001387,2025-07-30,cust_0000001194
inst_0000001388,2024-09-02,cust_0000001195
inst_0000001389,2024-07-02,cust_0000001196
inst_0000001390,2025-07-23,cust_0000001197
inst_0000001391,2024-12-03,cust_0000001198
inst_0000001392,2025-08-02,cust_0000001199
inst_0000001393,2024-04-23,cust_0000001200
inst_0000001394,2025-06-08,cust_0000001201
inst_0000001395,2025-06-08,cust_0000001201
inst_0000001396,2025-06-12,cust_0000001202
inst_0000001397,2023-12-27,cust_0000001203
inst_0000001398,2024-03-01,cust_0000001204
inst_0000001399,2024-10-27,cust_0000001205
inst_0000001400,2024-09-24,cust_0000001206
inst_0000001401,2024-09-24,cust_0000001206
inst_0000001402,2024-07-19,cust_0000001207
inst_0000001403,2025-08-02,cust_0000001208
inst_0000001404,2025-09-28,cust_0000001209
inst_0000001405,2025-09-28,cust_0000001209
inst_0000001406,2024-05-15,cust_0000001210
inst_0000001407,2024-11-14,cust_0000001211
inst_0000001408,2024-04-28,cust_0000001212
inst_0000001409,2024-11-28,cust_0000001213
inst_0000001410,2025-12-10,cust_0000001214
inst_0000001411,2025-04-09,cust_0000001215
inst_0000001412,2025-12-29,cust_0000001216
inst_0000001413,2026-04-18,cust_0000001217
inst_0000001414,2025-01-18,cust_0000001218
inst_0000001415,2025-01-18,cust_0000001218
inst_0000001416,2024-03-05,cust_0000001219
inst_0000001417,2026-02-15,cust_0000001220
inst_0000001418,2026-02-15,cust_0000001220
inst_0000001419,2025-10-21,cust_0000001221
inst_0000001420,2025-08-12,cust_0000001222
inst_0000001421,2025-07-31,cust_0000001223
inst_0000001422,2024-07-23,cust_0000001224
inst_0000001423,2024-04-01,cust_0000001225
inst_0000001424,2025-05-28,cust_0000001226
inst_0000001425,2026-03-22,cust_0000001227
inst_0000001426,2024-11-10,cust_0000001228
inst_0000001427,2024-01-24,cust_0000001229
inst_0000001428,2024-08-26,cust_0000001230
inst_0000001429,2024-09-21,cust_0000001231
inst_0000001430,2025-04-16,cust_0000001232
inst_0000001431,2025-08-13,cust_0000001233
inst_0000001432,2024-12-01,cust_0000001234
inst_0000001433,2024-10-29,cust_0000001235
inst_0000001434,2024-05-27,cust_0000001236
inst_0000001435,2025-12-12,cust_0000001237
inst_0000001436,2024-06-13,cust_0000001238
inst_0000001437,2025-11-16,cust_0000001239
inst_0000001438,2024-11-05,cust_0000001240
inst_0000001439,2025-04-26,cust_0000001241
inst_0000001440,2024-09-07,cust_0000001242
inst_0000001441,2024-07-09,cust_0000001243
inst_0000001442,2026-03-02,cust_0000001244
inst_0000001443,2025-08-12,cust_0000001245
inst_0000001444,2026-03-02,cust_0000001246
inst_0000001445,2024-10-23,cust_0000001247
inst_0000001446,2024-10-23,cust_0000001247
inst_0000001447,2025-12-25,cust_0000001248
inst_0000001448,2026-05-02,cust_0000001249
inst_0000001449,2024-05-30,cust_0000001250
inst_0000001450,2025-07-18,cust_0000001251
inst_0000001451,2024-06-21,cust_0000001252
inst_0000001452,2023-12-30,cust_0000001253
inst_0000001453,2026-03-16,cust_0000001254
inst_0000001454,2024-09-09,cust_0000001255
inst_0000001455,2025-01-17,cust_0000001256
inst_0000001456,2023-12-26,cust_0000001257
inst_0000001457,2025-01-01,cust_0000001258
inst_0000001458,2026-03-29,cust_0000001259
inst_0000001459,2024-09-02,cust_0000001260
inst_0000001460,2024-02-07,cust_0000001261
inst_0000001461,2024-05-14,cust_0000001262
inst_0000001462,2026-02-21,cust_0000001263
inst_0000001463,2025-12-28,cust_0000001264
inst_0000001464,2025-12-28,cust_0000001264
inst_0000001465,2025-11-14,cust_0000001265
inst_0000001466,2025-03-05,cust_0000001266
inst_0000001467,2025-05-30,cust_0000001267
inst_0000001468,2024-12-27,cust_0000001268
inst_0000001469,2024-07-09,cust_0000001269
inst_0000001470,2024-07-26,cust_0000001270
inst_0000001471,2025-05-05,cust_0000001271
inst_0000001472,2025-10-30,cust_0000001272
inst_0000001473,2025-07-01,cust_0000001273
inst_0000001474,2024-01-05,cust_0000001274
inst_0000001475,2024-07-21,cust_0000001275
inst_0000001476,2024-05-21,cust_0000001276
inst_0000001477,2025-09-06,cust_0000001277
inst_0000001478,2025-08-24,cust_0000001278
inst_0000001479,2024-05-30,cust_0000001279
inst_0000001480,2025-08-19,cust_0000001280
inst_0000001481,2025-04-15,cust_0000001281
inst_0000001482,2025-06-18,cust_0000001282
inst_0000001483,2026-01-07,cust_0000001283
inst_0000001484,2026-01-07,cust_0000001283
inst_0000001485,2025-10-03,cust_0000001284
inst_0000001486,2024-03-12,cust_0000001285
inst_0000001487,2024-06-17,cust_0000001286
inst_0000001488,2025-01-04,cust_0000001287
inst_0000001489,2024-11-16,cust_0000001288
inst_0000001490,2024-01-08,cust_0000001289
inst_0000001491,2024-01-08,cust_0000001289
inst_0000001492,2024-01-28,cust_0000001290
inst_0000001493,2024-06-02,cust_0000001291
inst_0000001494,2025-09-06,cust_0000001292
inst_0000001495,2026-02-22,cust_0000001293
inst_0000001496,2026-04-20,cust_0000001294
inst_0000001497,2025-10-16,cust_0000001295
inst_0000001498,2025-07-07,cust_0000001296
inst_0000001499,2024-01-19,cust_0000001297
inst_0000001500,2024-09-09,cust_0000001298
inst_0000001501,2024-05-19,cust_0000001299
inst_0000001502,2025-12-30,cust_0000001300
inst_0000001503,2024-10-01,cust_0000001301
inst_0000001504,2026-02-02,cust_0000001302
inst_0000001505,2024-10-24,cust_0000001303
inst_0000001506,2026-03-30,cust_0000001304
inst_0000001507,2025-06-30,cust_0000001305
inst_0000001508,2025-01-13,cust_0000001306
inst_0000001509,2024-01-13,cust_0000001307
inst_0000001510,2024-04-13,cust_0000001308
inst_0000001511,2024-02-03,cust_0000001309
inst_0000001512,2024-04-05,cust_0000001310
inst_0000001513,2026-03-22,cust_0000001311
inst_0000001514,2025-03-18,cust_0000001312
inst_0000001515,2024-02-10,cust_0000001313
inst_0000001516,2024-02-10,cust_0000001313
inst_0000001517,2024-06-18,cust_0000001314
inst_0000001518,2026-03-08,cust_0000001315
inst_0000001519,2026-02-07,cust_0000001316
inst_0000001520,2026-04-22,cust_0000001317
inst_0000001521,2026-04-22,cust_0000001317
inst_0000001522,2025-12-30,cust_0000001318
inst_0000001523,2024-04-26,cust_0000001319
inst_0000001524,2024-03-21,cust_0000001320
inst_0000001525,2024-02-01,cust_0000001321
inst_0000001526,2026-02-22,cust_0000001322
inst_0000001527,2025-07-01,cust_0000001323
inst_0000001528,2024-05-31,cust_0000001324
inst_0000001529,2025-07-11,cust_0000001325
inst_0000001530,2025-11-17,cust_0000001326
inst_0000001531,2024-09-25,cust_0000001327
inst_0000001532,2024-03-26,cust_0000001328
inst_0000001533,2026-04-04,cust_0000001329
inst_0000001534,2026-04-12,cust_0000001330
inst_0000001535,2026-04-12,cust_0000001330
inst_0000001536,2025-06-27,cust_0000001331
inst_0000001537,2024-12-28,cust_0000001332
inst_0000001538,2024-12-28,cust_0000001332
inst_0000001539,2025-07-30,cust_0000001333
inst_0000001540,2024-04-11,cust_0000001334
inst_0000001541,2024-04-11,cust_0000001334
inst_0000001542,2025-07-19,cust_0000001335
inst_0000001543,2025-05-21,cust_0000001336
inst_0000001544,2024-03-17,cust_0000001337
inst_0000001545,2026-04-22,cust_0000001338
inst_0000001546,2026-04-22,cust_0000001338
inst_0000001547,2025-04-28,cust_0000001339
inst_0000001548,2025-01-30,cust_0000001340
inst_0000001549,2025-08-26,cust_0000001341
inst_0000001550,2024-10-01,cust_0000001342
inst_0000001551,2024-09-13,cust_0000001343
inst_0000001552,2025-02-02,cust_0000001344
inst_0000001553,2026-01-02,cust_0000001345
inst_0000001554,2024-10-14,cust_0000001346
inst_0000001555,2024-02-16,cust_0000001347
inst_0000001556,2026-02-25,cust_0000001348
inst_0000001557,2026-03-04,cust_0000001349
inst_0000001558,2025-02-23,cust_0000001350
inst_0000001559,2024-05-26,cust_0000001351
inst_0000001560,2024-04-01,cust_0000001352
inst_0000001561,2024-10-06,cust_0000001353
inst_0000001562,2024-10-06,cust_0000001353
inst_0000001563,2025-01-19,cust_0000001354
inst_0000001564,2025-10-13,cust_0000001355
inst_0000001565,2024-08-18,cust_0000001356
inst_0000001566,2024-04-14,cust_0000001357
inst_0000001567,2026-01-27,cust_0000001358
inst_0000001568,2025-01-28,cust_0000001359
inst_0000001569,2024-09-07,cust_0000001360
inst_0000001570,2024-09-07,cust_0000001360
inst_0000001571,2024-12-29,cust_0000001361
inst_0000001572,2025-04-08,cust_0000001362
inst_0000001573,2024-12-30,cust_0000001363
inst_0000001574,2025-04-14,cust_0000001364
inst_0000001575,2025-09-15,cust_0000001365
inst_0000001576,2024-03-26,cust_0000001366
inst_0000001577,2025-07-14,cust_0000001367
inst_0000001578,2025-07-14,cust_0000001367
inst_0000001579,2025-09-16,cust_0000001368
inst_0000001580,2024-09-08,cust_0000001369
inst_0000001581,2026-04-06,cust_0000001370
inst_0000001582,2024-06-21,cust_0000001371
inst_0000001583,2026-04-06,cust_0000001372
inst_0000001584,2025-04-05,cust_0000001373
inst_0000001585,2025-05-31,cust_0000001374
inst_0000001586,2024-06-12,cust_0000001375
inst_0000001587,2025-03-08,cust_0000001376
inst_0000001588,2025-03-08,cust_0000001376
inst_0000001589,2025-04-15,cust_0000001377
inst_0000001590,2025-04-15,cust_0000001377
inst_0000001591,2025-03-21,cust_0000001378
inst_0000001592,2025-04-21,cust_0000001379
inst_0000001593,2025-04-21,cust_0000001379
inst_0000001594,2025-12-03,cust_0000001380
inst_0000001595,2025-04-13,cust_0000001381
inst_0000001596,2024-03-07,cust_0000001382
inst_0000001597,2024-03-07,cust_0000001382
inst_0000001598,2024-07-19,cust_0000001383
inst_0000001599,2024-06-13,cust_0000001384
inst_0000001600,2024-04-18,cust_0000001385
inst_0000001601,2024-12-21,cust_0000001386
inst_0000001602,2024-07-12,cust_0000001387
inst_0000001603,2024-07-12,cust_0000001387
inst_0000001604,2024-03-10,cust_0000001388
inst_0000001605,2026-05-02,cust_0000001389
inst_0000001606,2026-04-07,cust_0000001390
inst_0000001607,2026-04-07,cust_0000001390
inst_0000001608,2024-05-28,cust_0000001391
inst_0000001609,2025-02-05,cust_0000001392
inst_0000001610,2023-12-25,cust_0000001393
inst_0000001611,2024-03-18,cust_0000001394
inst_0000001612,2025-12-04,cust_0000001395
inst_0000001613,2025-01-28,cust_0000001396
inst_0000001614,2025-01-28,cust_0000001396
inst_0000001615,2026-01-27,cust_0000001397
inst_0000001616,2023-12-22,cust_0000001398
inst_0000001617,2025-12-20,cust_0000001399
inst_0000001618,2025-03-07,cust_0000001400
inst_0000001619,2025-03-17,cust_0000001401
inst_0000001620,2025-08-16,cust_0000001402
inst_0000001621,2024-12-03,cust_0000001403
inst_0000001622,2025-07-09,cust_0000001404
inst_0000001623,2025-07-09,cust_0000001404
inst_0000001624,2024-03-23,cust_0000001405
inst_0000001625,2024-10-11,cust_0000001406
inst_0000001626,2023-12-17,cust_0000001407
inst_0000001627,2023-12-17,cust_0000001407
inst_0000001628,2025-03-29,cust_0000001408
inst_0000001629,2025-07-07,cust_0000001409
inst_0000001630,2026-03-29,cust_0000001410
inst_0000001631,2026-03-29,cust_0000001410
inst_0000001632,2024-02-17,cust_0000001411
inst_0000001633,2025-02-02,cust_0000001412
inst_0000001634,2024-03-07,cust_0000001413
inst_0000001635,2024-03-07,cust_0000001413
inst_0000001636,2025-07-27,cust_0000001414
inst_0000001637,2025-03-08,cust_0000001415
inst_0000001638,2025-03-08,cust_0000001415
inst_0000001639,2025-11-27,cust_0000001416
inst_0000001640,2025-08-08,cust_0000001417
inst_0000001641,2025-08-08,cust_0000001417
inst_0000001642,2024-11-28,cust_0000001418
inst_0000001643,2025-09-21,cust_0000001419
inst_0000001644,2026-03-24,cust_0000001420
inst_0000001645,2025-05-18,cust_0000001421
inst_0000001646,2024-03-11,cust_0000001422
inst_0000001647,2025-03-07,cust_0000001423
inst_0000001648,2025-04-10,cust_0000001424
inst_0000001649,2025-04-10,cust_0000001424
inst_0000001650,2024-05-31,cust_0000001425
inst_0000001651,2025-03-15,cust_0000001426
inst_0000001652,2025-04-16,cust_0000001427
inst_0000001653,2026-04-29,cust_0000001428
inst_0000001654,2024-02-09,cust_0000001429
inst_0000001655,2025-09-30,cust_0000001430
inst_0000001656,2025-10-18,cust_0000001431
inst_0000001657,2025-02-06,cust_0000001432
inst_0000001658,2024-11-24,cust_0000001433
inst_0000001659,2025-06-30,cust_0000001434
inst_0000001660,2024-01-15,cust_0000001435
inst_0000001661,2024-08-07,cust_0000001436
inst_0000001662,2024-09-28,cust_0000001437
inst_0000001663,2024-09-28,cust_0000001437
inst_0000001664,2025-11-03,cust_0000001438
inst_0000001665,2025-11-18,cust_0000001439
inst_0000001666,2025-02-07,cust_0000001440
inst_0000001667,2024-12-06,cust_0000001441
inst_0000001668,2026-02-28,cust_0000001442
inst_0000001669,2025-01-23,cust_0000001443
inst_0000001670,2026-01-24,cust_0000001444
inst_0000001671,2026-01-24,cust_0000001444
inst_0000001672,2026-03-18,cust_0000001445
inst_0000001673,2025-10-08,cust_0000001446
inst_0000001674,2024-04-15,cust_0000001447
inst_0000001675,2024-04-15,cust_0000001447
inst_0000001676,2024-03-01,cust_0000001448
inst_0000001677,2025-07-30,cust_0000001449
inst_0000001678,2024-03-20,cust_0000001450
inst_0000001679,2026-03-14,cust_0000001451
inst_0000001680,2025-03-14,cust_0000001452
inst_0000001681,2025-10-05,cust_0000001453
inst_0000001682,2025-07-16,cust_0000001454
inst_0000001683,2024-12-18,cust_0000001455
inst_0000001684,2024-07-28,cust_0000001456
inst_0000001685,2024-07-28,cust_0000001456
inst_0000001686,2024-06-14,cust_0000001457
inst_0000001687,2024-02-18,cust_0000001458
inst_0000001688,2026-03-17,cust_0000001459
inst_0000001689,2023-12-23,cust_0000001460
inst_0000001690,2025-11-23,cust_0000001461
inst_0000001691,2025-06-14,cust_0000001462
inst_0000001692,2025-06-05,cust_0000001463
inst_0000001693,2024-11-06,cust_0000001464
inst_0000001694,2024-07-17,cust_0000001465
inst_0000001695,2024-12-03,cust_0000001466
inst_0000001696,2025-04-23,cust_0000001467
inst_0000001697,2025-05-01,cust_0000001468
inst_0000001698,2026-03-11,cust_0000001469
inst_0000001699,2026-03-11,cust_0000001469
inst_0000001700,2025-10-05,cust_0000001470
inst_0000001701,2024-08-02,cust_0000001471
inst_0000001702,2024-01-20,cust_0000001472
inst_0000001703,2024-04-21,cust_0000001473
inst_0000001704,2025-05-10,cust_0000001474
inst_0000001705,2025-03-15,cust_0000001475
inst_0000001706,2024-09-21,cust_0000001476
inst_0000001707,2024-05-19,cust_0000001477
inst_0000001708,2024-11-19,cust_0000001478
inst_0000001709,2024-07-13,cust_0000001479
inst_0000001710,2024-07-13,cust_0000001479
inst_0000001711,2025-04-08,cust_0000001480
inst_0000001712,2025-12-08,cust_0000001481
inst_0000001713,2025-03-15,cust_0000001482
inst_0000001714,2025-04-14,cust_0000001483
inst_0000001715,2026-04-09,cust_0000001484
inst_0000001716,2026-02-13,cust_0000001485
inst_0000001717,2024-04-13,cust_0000001486
inst_0000001718,2025-11-09,cust_0000001487
inst_0000001719,2024-07-12,cust_0000001488
inst_0000001720,2025-03-24,cust_0000001489
inst_0000001721,2025-08-30,cust_0000001490
inst_0000001722,2025-12-10,cust_0000001491
inst_0000001723,2025-05-16,cust_0000001492
inst_0000001724,2026-03-13,cust_0000001493
inst_0000001725,2025-10-21,cust_0000001494
inst_0000001726,2024-10-31,cust_0000001495
inst_0000001727,2025-05-19,cust_0000001496
inst_0000001728,2024-06-12,cust_0000001497
inst_0000001729,2024-11-11,cust_0000001498
inst_0000001730,2024-01-17,cust_0000001499
inst_0000001731,2024-01-17,cust_0000001499
inst_0000001732,2025-09-01,cust_0000001500
inst_0000001733,2025-01-31,cust_0000001501
inst_0000001734,2025-01-31,cust_0000001501
inst_0000001735,2025-01-28,cust_0000001502
inst_0000001736,2024-09-02,cust_0000001503
inst_0000001737,2026-04-24,cust_0000001504
inst_0000001738,2024-12-29,cust_0000001505
inst_0000001739,2025-03-01,cust_0000001506
inst_0000001740,2025-09-07,cust_0000001507
inst_0000001741,2026-02-25,cust_0000001508
inst_0000001742,2026-04-15,cust_0000001509
inst_0000001743,2024-06-16,cust_0000001510
inst_0000001744,2024-06-07,cust_0000001511
inst_0000001745,2024-03-29,cust_0000001512
inst_0000001746,2025-04-23,cust_0000001513
inst_0000001747,2026-02-23,cust_0000001514
inst_0000001748,2024-05-01,cust_0000001515
inst_0000001749,2026-01-29,cust_0000001516
inst_0000001750,2024-08-12,cust_0000001517
inst_0000001751,2024-08-12,cust_0000001517
inst_0000001752,2026-01-10,cust_0000001518
inst_0000001753,2024-11-05,cust_0000001519
inst_0000001754,2024-06-19,cust_0000001520
inst_0000001755,2025-08-23,cust_0000001521
inst_0000001756,2025-08-23,cust_0000001521
inst_0000001757,2023-12-27,cust_0000001522
inst_0000001758,2023-12-27,cust_0000001522
inst_0000001759,2025-08-29,cust_0000001523
inst_0000001760,2025-02-09,cust_0000001524
inst_0000001761,2024-08-03,cust_0000001525
inst_0000001762,2026-02-28,cust_0000001526
inst_0000001763,2025-09-03,cust_0000001527
inst_0000001764,2025-04-12,cust_0000001528
inst_0000001765,2024-06-02,cust_0000001529
inst_0000001766,2025-04-20,cust_0000001530
inst_0000001767,2026-04-08,cust_0000001531
inst_0000001768,2025-10-23,cust_0000001532
inst_0000001769,2024-12-28,cust_0000001533
inst_0000001770,2024-09-27,cust_0000001534
inst_0000001771,2024-09-27,cust_0000001534
inst_0000001772,2025-11-06,cust_0000001535
inst_0000001773,2024-12-12,cust_0000001536
inst_0000001774,2026-05-01,cust_0000001537
inst_0000001775,2024-05-23,cust_0000001538
inst_0000001776,2024-05-23,cust_0000001538
inst_0000001777,2024-02-27,cust_0000001539
inst_0000001778,2024-02-27,cust_0000001539
inst_0000001779,2025-08-28,cust_0000001540
inst_0000001780,2023-12-26,cust_0000001541
inst_0000001781,2023-12-26,cust_0000001541
inst_0000001782,2025-05-01,cust_0000001542
inst_0000001783,2024-10-02,cust_0000001543
inst_0000001784,2024-05-02,cust_0000001544
inst_0000001785,2025-08-05,cust_0000001545
inst_0000001786,2025-01-13,cust_0000001546
inst_0000001787,2025-01-13,cust_0000001546
inst_0000001788,2024-05-28,cust_0000001547
inst_0000001789,2026-01-31,cust_0000001548
inst_0000001790,2024-05-25,cust_0000001549
inst_0000001791,2024-09-07,cust_0000001550
inst_0000001792,2025-03-16,cust_0000001551
inst_0000001793,2025-03-16,cust_0000001551
inst_0000001794,2025-01-08,cust_0000001552
inst_0000001795,2025-01-08,cust_0000001552
inst_0000001796,2025-02-05,cust_0000001553
inst_0000001797,2025-02-05,cust_0000001553
inst_0000001798,2024-06-29,cust_0000001554
inst_0000001799,2024-04-08,cust_0000001555
inst_0000001800,2024-04-08,cust_0000001555
inst_0000001801,2026-03-07,cust_0000001556
inst_0000001802,2025-01-21,cust_0000001557
inst_0000001803,2026-02-09,cust_0000001558
inst_0000001804,2024-12-09,cust_0000001559
inst_0000001805,2024-11-21,cust_0000001560
inst_0000001806,2025-07-08,cust_0000001561
inst_0000001807,2024-06-07,cust_0000001562
inst_0000001808,2025-11-22,cust_0000001563
inst_0000001809,2024-05-09,cust_0000001564
inst_0000001810,2025-11-01,cust_0000001565
inst_0000001811,2024-04-17,cust_0000001566
inst_0000001812,2024-01-19,cust_0000001567
inst_0000001813,2026-01-25,cust_0000001568
inst_0000001814,2023-12-24,cust_0000001569
inst_0000001815,2026-03-13,cust_0000001570
inst_0000001816,2026-01-10,cust_0000001571
inst_0000001817,2024-02-12,cust_0000001572
inst_0000001818,2025-02-23,cust_0000001573
inst_0000001819,2026-03-03,cust_0000001574
inst_0000001820,2025-12-27,cust_0000001575
inst_0000001821,2024-12-15,cust_0000001576
inst_0000001822,2024-12-15,cust_0000001576
inst_0000001823,2026-03-16,cust_0000001577
inst_0000001824,2024-01-12,cust_0000001578
inst_0000001825,2025-04-14,cust_0000001579
inst_0000001826,2026-04-25,cust_0000001580
inst_0000001827,2025-10-23,cust_0000001581
inst_0000001828,2025-03-19,cust_0000001582
inst_0000001829,2025-04-29,cust_0000001583
inst_0000001830,2026-04-26,cust_0000001584
inst_0000001831,2026-04-26,cust_0000001584
inst_0000001832,2026-02-09,cust_0000001585
inst_0000001833,2026-01-08,cust_0000001586
inst_0000001834,2025-06-26,cust_0000001587
inst_0000001835,2025-06-26,cust_0000001587
inst_0000001836,2025-08-13,cust_0000001588
inst_0000001837,2025-02-26,cust_0000001589
inst_0000001838,2025-10-04,cust_0000001590
inst_0000001839,2025-12-04,cust_0000001591
inst_0000001840,2025-04-28,cust_0000001592
inst_0000001841,2025-09-26,cust_0000001593
inst_0000001842,2025-07-24,cust_0000001594
inst_0000001843,2025-11-15,cust_0000001595
inst_0000001844,2024-08-03,cust_0000001596
inst_0000001845,2024-10-12,cust_0000001597
inst_0000001846,2024-10-16,cust_0000001598
inst_0000001847,2025-06-28,cust_0000001599
inst_0000001848,2024-05-26,cust_0000001600
inst_0000001849,2025-08-03,cust_0000001601
inst_0000001850,2026-03-27,cust_0000001602
inst_0000001851,2024-07-16,cust_0000001603
inst_0000001852,2024-07-18,cust_0000001604
inst_0000001853,2025-10-04,cust_0000001605
inst_0000001854,2025-04-14,cust_0000001606
inst_0000001855,2025-01-11,cust_0000001607
inst_0000001856,2025-01-11,cust_0000001607
inst_0000001857,2025-07-31,cust_0000001608
inst_0000001858,2024-01-24,cust_0000001609
inst_0000001859,2025-03-06,cust_0000001610
inst_0000001860,2025-03-06,cust_0000001610
inst_0000001861,2025-12-13,cust_0000001611
inst_0000001862,2026-01-04,cust_0000001612
inst_0000001863,2024-09-05,cust_0000001613
inst_0000001864,2024-09-05,cust_0000001613
inst_0000001865,2024-07-02,cust_0000001614
inst_0000001866,2025-05-02,cust_0000001615
inst_0000001867,2025-05-02,cust_0000001615
inst_0000001868,2024-05-24,cust_0000001616
inst_0000001869,2024-12-19,cust_0000001617
inst_0000001870,2025-12-08,cust_0000001618
inst_0000001871,2025-12-08,cust_0000001618
inst_0000001872,2024-08-06,cust_0000001619
inst_0000001873,2024-03-27,cust_0000001620
inst_0000001874,2024-11-12,cust_0000001621
inst_0000001875,2025-03-13,cust_0000001622
inst_0000001876,2024-05-05,cust_0000001623
inst_0000001877,2025-11-09,cust_0000001624
inst_0000001878,2024-11-08,cust_0000001625
inst_0000001879,2025-04-15,cust_0000001626
inst_0000001880,2025-01-01,cust_0000001627
inst_0000001881,2024-09-22,cust_0000001628
inst_0000001882,2024-09-22,cust_0000001628
inst_0000001883,2024-08-07,cust_0000001629
inst_0000001884,2024-08-07,cust_0000001629
inst_0000001885,2025-08-02,cust_0000001630
inst_0000001886,2024-07-01,cust_0000001631
inst_0000001887,2025-07-30,cust_0000001632
inst_0000001888,2024-04-10,cust_0000001633
inst_0000001889,2024-08-30,cust_0000001634
inst_0000001890,2024-08-30,cust_0000001634
inst_0000001891,2024-03-22,cust_0000001635
inst_0000001892,2024-03-22,cust_0000001635
inst_0000001893,2024-11-17,cust_0000001636
inst_0000001894,2025-03-12,cust_0000001637
inst_0000001895,2024-10-24,cust_0000001638
inst_0000001896,2025-04-26,cust_0000001639
inst_0000001897,2025-07-07,cust_0000001640
inst_0000001898,2024-04-18,cust_0000001641
inst_0000001899,2024-10-27,cust_0000001642
inst_0000001900,2026-04-03,cust_0000001643
inst_0000001901,2025-04-27,cust_0000001644
inst_0000001902,2024-09-09,cust_0000001645
inst_0000001903,2023-12-27,cust_0000001646
inst_0000001904,2023-12-27,cust_0000001646
inst_0000001905,2025-04-16,cust_0000001647
inst_0000001906,2026-03-17,cust_0000001648
inst_0000001907,2026-03-17,cust_0000001648
inst_0000001908,2026-03-02,cust_0000001649
inst_0000001909,2024-10-01,cust_0000001650
inst_0000001910,2024-04-14,cust_0000001651
inst_0000001911,2026-04-04,cust_0000001652
inst_0000001912,2025-05-16,cust_0000001653
inst_0000001913,2024-03-24,cust_0000001654
inst_0000001914,2023-12-18,cust_0000001655
inst_0000001915,2026-01-11,cust_0000001656
inst_0000001916,2023-12-27,cust_0000001657
inst_0000001917,2025-11-24,cust_0000001658
inst_0000001918,2024-09-01,cust_0000001659
inst_0000001919,2024-09-01,cust_0000001659
inst_0000001920,2024-01-10,cust_0000001660
inst_0000001921,2026-01-06,cust_0000001661
inst_0000001922,2025-10-09,cust_0000001662
inst_0000001923,2025-01-07,cust_0000001663
inst_0000001924,2023-12-22,cust_0000001664
inst_0000001925,2024-03-24,cust_0000001665
inst_0000001926,2024-09-16,cust_0000001666
inst_0000001927,2026-01-30,cust_0000001667
inst_0000001928,2024-02-26,cust_0000001668
inst_0000001929,2026-03-10,cust_0000001669
inst_0000001930,2024-07-08,cust_0000001670
inst_0000001931,2025-04-07,cust_0000001671
inst_0000001932,2026-02-17,cust_0000001672
inst_0000001933,2026-03-02,cust_0000001673
inst_0000001934,2025-03-21,cust_0000001674
inst_0000001935,2025-07-16,cust_0000001675
inst_0000001936,2024-12-26,cust_0000001676
inst_0000001937,2025-11-30,cust_0000001677
inst_0000001938,2024-07-23,cust_0000001678
inst_0000001939,2024-08-03,cust_0000001679
inst_0000001940,2025-01-02,cust_0000001680
inst_0000001941,2024-04-07,cust_0000001681
inst_0000001942,2024-10-27,cust_0000001682
inst_0000001943,2025-03-14,cust_0000001683
inst_0000001944,2025-05-01,cust_0000001684
inst_0000001945,2026-04-14,cust_0000001685
inst_0000001946,2025-09-06,cust_0000001686
inst_0000001947,2025-11-21,cust_0000001687
inst_0000001948,2024-09-21,cust_0000001688
inst_0000001949,2025-03-24,cust_0000001689
inst_0000001950,2025-03-24,cust_0000001689
inst_0000001951,2024-12-14,cust_0000001690
inst_0000001952,2025-08-29,cust_0000001691
inst_0000001953,2024-08-26,cust_0000001692
inst_0000001954,2024-05-23,cust_0000001693
inst_0000001955,2025-02-15,cust_0000001694
inst_0000001956,2024-05-30,cust_0000001695
inst_0000001957,2024-03-31,cust_0000001696
inst_0000001958,2024-04-17,cust_0000001697
inst_0000001959,2024-01-12,cust_0000001698
inst_0000001960,2024-11-13,cust_0000001699
inst_0000001961,2024-02-10,cust_0000001700
inst_0000001962,2025-10-26,cust_0000001701
inst_0000001963,2025-11-12,cust_0000001702
inst_0000001964,2025-11-12,cust_0000001702
inst_0000001965,2026-02-26,cust_0000001703
inst_0000001966,2026-02-26,cust_0000001703
inst_0000001967,2025-05-10,cust_0000001704
inst_0000001968,2024-12-06,cust_0000001705
inst_0000001969,2024-05-19,cust_0000001706
inst_0000001970,2024-05-19,cust_0000001706
inst_0000001971,2023-12-17,cust_0000001707
inst_0000001972,2025-11-07,cust_0000001708
inst_0000001973,2025-07-07,cust_0000001709
inst_0000001974,2026-04-10,cust_0000001710
inst_0000001975,2025-09-20,cust_0000001711
inst_0000001976,2025-09-20,cust_0000001711
inst_0000001977,2025-04-11,cust_0000001712
inst_0000001978,2024-04-20,cust_0000001713
inst_0000001979,2024-03-05,cust_0000001714
inst_0000001980,2026-03-12,cust_0000001715
inst_0000001981,2026-03-12,cust_0000001715
inst_0000001982,2025-07-26,cust_0000001716
inst_0000001983,2024-05-02,cust_0000001717
inst_0000001984,2024-05-02,cust_0000001717
inst_0000001985,2024-10-17,cust_0000001718
inst_0000001986,2025-03-16,cust_0000001719
inst_0000001987,2025-03-16,cust_0000001719
inst_0000001988,2025-09-19,cust_0000001720
inst_0000001989,2025-02-12,cust_0000001721
inst_0000001990,2026-04-17,cust_0000001722
inst_0000001991,2025-10-11,cust_0000001723
inst_0000001992,2023-12-21,cust_0000001724
inst_0000001993,2025-02-04,cust_0000001725
inst_0000001994,2023-12-15,cust_0000001726
inst_0000001995,2026-03-18,cust_0000001727
inst_0000001996,2024-04-15,cust_0000001728
inst_0000001997,2025-03-06,cust_0000001729
inst_0000001998,2024-07-14,cust_0000001730
inst_0000001999,2024-01-02,cust_0000001731
inst_0000002000,2024-06-22,cust_0000001732
inst_0000002001,2025-04-22,cust_0000001733
inst_0000002002,2025-05-14,cust_0000001734
inst_0000002003,2024-12-05,cust_0000001735
inst_0000002004,2024-08-05,cust_0000001736
inst_0000002005,2026-04-10,cust_0000001737
inst_0000002006,2025-08-15,cust_0000001738
inst_0000002007,2025-08-15,cust_0000001738
inst_0000002008,2024-04-30,cust_0000001739
inst_0000002009,2025-02-09,cust_0000001740
inst_0000002010,2024-12-12,cust_0000001741
inst_0000002011,2025-09-15,cust_0000001742
inst_0000002012,2025-06-24,cust_0000001743
inst_0000002013,2025-04-13,cust_0000001744
inst_0000002014,2024-06-24,cust_0000001745
inst_0000002015,2024-06-24,cust_0000001745
inst_0000002016,2025-02-13,cust_0000001746
inst_0000002017,2025-03-21,cust_0000001747
inst_0000002018,2025-03-15,cust_0000001748
inst_0000002019,2025-12-11,cust_0000001749
inst_0000002020,2024-08-19,cust_0000001750
inst_0000002021,2024-08-19,cust_0000001750
inst_0000002022,2025-09-21,cust_0000001751
inst_0000002023,2025-08-23,cust_0000001752
inst_0000002024,2025-08-10,cust_0000001753
inst_0000002025,2025-10-06,cust_0000001754
inst_0000002026,2025-10-06,cust_0000001754
inst_0000002027,2025-06-07,cust_0000001755
inst_0000002028,2025-12-29,cust_0000001756
inst_0000002029,2025-08-07,cust_0000001757
inst_0000002030,2026-02-04,cust_0000001758
inst_0000002031,2024-12-25,cust_0000001759
inst_0000002032,2024-12-25,cust_0000001759
inst_0000002033,2025-08-06,cust_0000001760
inst_0000002034,2026-03-28,cust_0000001761
inst_0000002035,2024-09-22,cust_0000001762
inst_0000002036,2025-03-30,cust_0000001763
inst_0000002037,2025-08-28,cust_0000001764
inst_0000002038,2024-04-30,cust_0000001765
inst_0000002039,2024-03-11,cust_0000001766
inst_0000002040,2025-07-16,cust_0000001767
inst_0000002041,2025-08-07,cust_0000001768
inst_0000002042,2025-05-01,cust_0000001769
inst_0000002043,2025-10-31,cust_0000001770
inst_0000002044,2025-10-31,cust_0000001770
inst_0000002045,2025-12-22,cust_0000001771
inst_0000002046,2023-12-15,cust_0000001772
inst_0000002047,2024-03-06,cust_0000001773
inst_0000002048,2026-02-25,cust_0000001774
inst_0000002049,2024-10-10,cust_0000001775
inst_0000002050,2024-10-17,cust_0000001776
inst_0000002051,2025-03-29,cust_0000001777
inst_0000002052,2024-08-21,cust_0000001778
inst_0000002053,2024-08-21,cust_0000001778
inst_0000002054,2025-09-01,cust_0000001779
inst_0000002055,2024-07-06,cust_0000001780
inst_0000002056,2025-01-31,cust_0000001781
inst_0000002057,2025-01-31,cust_0000001781
inst_0000002058,2024-07-23,cust_0000001782
inst_0000002059,2025-06-25,cust_0000001783
inst_0000002060,2025-10-24,cust_0000001784
inst_0000002061,2026-04-16,cust_0000001785
inst_0000002062,2026-04-16,cust_0000001785
inst_0000002063,2024-06-17,cust_0000001786
inst_0000002064,2025-05-22,cust_0000001787
inst_0000002065,2025-05-22,cust_0000001787
inst_0000002066,2025-06-02,cust_0000001788
inst_0000002067,2024-12-06,cust_0000001789
inst_0000002068,2024-01-06,cust_0000001790
inst_0000002069,2025-08-14,cust_0000001791
inst_0000002070,2024-11-12,cust_0000001792
inst_0000002071,2026-02-18,cust_0000001793
inst_0000002072,2024-02-16,cust_0000001794
inst_0000002073,2024-02-16,cust_0000001794
inst_0000002074,2025-01-02,cust_0000001795
inst_0000002075,2024-05-02,cust_0000001796
inst_0000002076,2024-07-01,cust_0000001797
inst_0000002077,2024-04-17,cust_0000001798
inst_0000002078,2026-02-13,cust_0000001799
inst_0000002079,2024-08-30,cust_0000001800
inst_0000002080,2026-03-21,cust_0000001801
inst_0000002081,2024-09-15,cust_0000001802
inst_0000002082,2025-09-05,cust_0000001803
inst_0000002083,2026-01-13,cust_0000001804
inst_0000002084,2026-01-13,cust_0000001804
inst_0000002085,2026-03-02,cust_0000001805
inst_0000002086,2025-03-17,cust_0000001806
inst_0000002087,2024-07-22,cust_0000001807
inst_0000002088,2025-05-22,cust_0000001808
inst_0000002089,2025-05-22,cust_0000001808
inst_0000002090,2023-12-23,cust_0000001809
inst_0000002091,2024-03-31,cust_0000001810
inst_0000002092,2024-10-05,cust_0000001811
inst_0000002093,2024-10-28,cust_0000001812
inst_0000002094,2024-10-28,cust_0000001812
inst_0000002095,2025-08-12,cust_0000001813
inst_0000002096,2024-08-28,cust_0000001814
inst_0000002097,2025-11-18,cust_0000001815
inst_0000002098,2024-05-07,cust_0000001816
inst_0000002099,2024-09-20,cust_0000001817
inst_0000002100,2024-07-24,cust_0000001818
inst_0000002101,2024-07-02,cust_0000001819
inst_0000002102,2026-02-28,cust_0000001820
inst_0000002103,2025-10-10,cust_0000001821
inst_0000002104,2026-04-03,cust_0000001822
inst_0000002105,2026-04-03,cust_0000001822
inst_0000002106,2024-01-03,cust_0000001823
inst_0000002107,2024-01-03,cust_0000001823
inst_0000002108,2024-02-26,cust_0000001824
inst_0000002109,2024-11-06,cust_0000001825
inst_0000002110,2025-06-17,cust_0000001826
inst_0000002111,2025-06-17,cust_0000001826
inst_0000002112,2025-07-27,cust_0000001827
inst_0000002113,2024-08-16,cust_0000001828
inst_0000002114,2024-04-11,cust_0000001829
inst_0000002115,2024-08-13,cust_0000001830
inst_0000002116,2025-08-26,cust_0000001831
inst_0000002117,2025-08-26,cust_0000001831
inst_0000002118,2025-01-03,cust_0000001832
inst_0000002119,2025-10-27,cust_0000001833
inst_0000002120,2024-02-21,cust_0000001834
inst_0000002121,2024-11-07,cust_0000001835
inst_0000002122,2025-03-14,cust_0000001836
inst_0000002123,2025-09-07,cust_0000001837
inst_0000002124,2025-01-23,cust_0000001838
inst_0000002125,2026-03-17,cust_0000001839
inst_0000002126,2025-12-04,cust_0000001840
inst_0000002127,2025-11-09,cust_0000001841
inst_0000002128,2025-04-20,cust_0000001842
inst_0000002129,2023-12-19,cust_0000001843
inst_0000002130,2023-12-19,cust_0000001843
inst_0000002131,2024-07-18,cust_0000001844
inst_0000002132,2024-04-28,cust_0000001845
inst_0000002133,2024-04-28,cust_0000001845
inst_0000002134,2024-09-17,cust_0000001846
inst_0000002135,2024-04-06,cust_0000001847
inst_0000002136,2024-04-06,cust_0000001847
inst_0000002137,2023-12-20,cust_0000001848
inst_0000002138,2024-09-13,cust_0000001849
inst_0000002139,2025-12-11,cust_0000001850
inst_0000002140,2025-05-12,cust_0000001851
inst_0000002141,2025-05-27,cust_0000001852
inst_0000002142,2025-12-16,cust_0000001853
inst_0000002143,2024-04-17,cust_0000001854
inst_0000002144,2025-12-30,cust_0000001855
inst_0000002145,2024-08-29,cust_0000001856
inst_0000002146,2024-07-10,cust_0000001857
inst_0000002147,2024-07-10,cust_0000001857
inst_0000002148,2025-07-20,cust_0000001858
inst_0000002149,2025-04-03,cust_0000001859
inst_0000002150,2026-04-28,cust_0000001860
inst_0000002151,2024-08-08,cust_0000001861
inst_0000002152,2025-06-04,cust_0000001862
inst_0000002153,2025-03-12,cust_0000001863
inst_0000002154,2025-03-13,cust_0000001864
inst_0000002155,2025-07-09,cust_0000001865
inst_0000002156,2025-07-09,cust_0000001865
inst_0000002157,2024-05-25,cust_0000001866
inst_0000002158,2025-12-08,cust_0000001867
inst_0000002159,2025-04-18,cust_0000001868
inst_0000002160,2025-11-15,cust_0000001869
inst_0000002161,2026-03-13,cust_0000001870
inst_0000002162,2025-04-09,cust_0000001871
inst_0000002163,2024-01-13,cust_0000001872
inst_0000002164,2024-01-13,cust_0000001872
inst_0000002165,2025-07-14,cust_0000001873
inst_0000002166,2026-03-12,cust_0000001874
inst_0000002167,2025-07-31,cust_0000001875
inst_0000002168,2024-10-24,cust_0000001876
inst_0000002169,2024-07-23,cust_0000001877
inst_0000002170,2024-07-23,cust_0000001877
inst_0000002171,2025-07-04,cust_0000001878
inst_0000002172,2025-11-01,cust_0000001879
inst_0000002173,2025-06-19,cust_0000001880
inst_0000002174,2026-04-01,cust_0000001881
inst_0000002175,2026-04-01,cust_0000001881
inst_0000002176,2025-05-24,cust_0000001882
inst_0000002177,2025-05-24,cust_0000001882
inst_0000002178,2025-11-12,cust_0000001883
inst_0000002179,2025-11-14,cust_0000001884
inst_0000002180,2025-01-13,cust_0000001885
inst_0000002181,2025-05-15,cust_0000001886
inst_0000002182,2025-02-20,cust_0000001887
inst_0000002183,2024-05-11,cust_0000001888
inst_0000002184,2025-09-07,cust_0000001889
inst_0000002185,2024-07-30,cust_0000001890
inst_0000002186,2024-10-19,cust_0000001891
inst_0000002187,2024-10-19,cust_0000001891
inst_0000002188,2026-04-18,cust_0000001892
inst_0000002189,2026-02-26,cust_0000001893
inst_0000002190,2024-07-16,cust_0000001894
inst_0000002191,2025-08-07,cust_0000001895
inst_0000002192,2025-10-23,cust_0000001896
inst_0000002193,2024-04-07,cust_0000001897
inst_0000002194,2025-07-02,cust_0000001898
inst_0000002195,2025-03-01,cust_0000001899
inst_0000002196,2024-02-12,cust_0000001900
inst_0000002197,2025-11-26,cust_0000001901
inst_0000002198,2025-11-26,cust_0000001901
inst_0000002199,2024-09-19,cust_0000001902
inst_0000002200,2025-04-17,cust_0000001903
inst_0000002201,2025-07-31,cust_0000001904
inst_0000002202,2024-08-06,cust_0000001905
inst_0000002203,2025-03-30,cust_0000001906
inst_0000002204,2025-02-06,cust_0000001907
inst_0000002205,2025-05-30,cust_0000001908
inst_0000002206,2026-04-19,cust_0000001909
inst_0000002207,2023-12-15,cust_0000001910
inst_0000002208,2024-08-19,cust_0000001911
inst_0000002209,2025-06-10,cust_0000001912
inst_0000002210,2025-05-18,cust_0000001913
inst_0000002211,2024-04-30,cust_0000001914
inst_0000002212,2024-12-02,cust_0000001915
inst_0000002213,2024-11-20,cust_0000001916
inst_0000002214,2024-05-13,cust_0000001917
inst_0000002215,2024-05-20,cust_0000001918
inst_0000002216,2024-03-29,cust_0000001919
inst_0000002217,2024-09-09,cust_0000001920
inst_0000002218,2024-09-09,cust_0000001920
inst_0000002219,2025-08-13,cust_0000001921
inst_0000002220,2025-04-25,cust_0000001922
inst_0000002221,2025-11-08,cust_0000001923
inst_0000002222,2025-07-29,cust_0000001924
inst_0000002223,2024-01-27,cust_0000001925
inst_0000002224,2024-11-15,cust_0000001926
inst_0000002225,2025-02-17,cust_0000001927
inst_0000002226,2024-02-08,cust_0000001928
inst_0000002227,2026-01-22,cust_0000001929
inst_0000002228,2025-11-05,cust_0000001930
inst_0000002229,2025-04-20,cust_0000001931
inst_0000002230,2025-10-03,cust_0000001932
inst_0000002231,2025-01-05,cust_0000001933
inst_0000002232,2025-01-05,cust_0000001933
inst_0000002233,2025-07-27,cust_0000001934
inst_0000002234,2025-12-23,cust_0000001935
inst_0000002235,2025-06-27,cust_0000001936
inst_0000002236,2024-04-27,cust_0000001937
inst_0000002237,2024-04-29,cust_0000001938
inst_0000002238,2025-08-31,cust_0000001939
inst_0000002239,2024-09-19,cust_0000001940
inst_0000002240,2024-09-19,cust_0000001940
inst_0000002241,2025-10-22,cust_0000001941
inst_0000002242,2024-08-20,cust_0000001942
inst_0000002243,2025-08-25,cust_0000001943
inst_0000002244,2025-12-30,cust_0000001944
inst_0000002245,2024-03-28,cust_0000001945
inst_0000002246,2025-04-01,cust_0000001946
inst_0000002247,2025-03-23,cust_0000001947
inst_0000002248,2024-04-04,cust_0000001948
inst_0000002249,2024-07-20,cust_0000001949
inst_0000002250,2026-02-03,cust_0000001950
inst_0000002251,2025-09-05,cust_0000001951
inst_0000002252,2025-09-05,cust_0000001951
inst_0000002253,2025-11-18,cust_0000001952
inst_0000002254,2025-03-07,cust_0000001953
inst_0000002255,2025-01-27,cust_0000001954
inst_0000002256,2024-06-16,cust_0000001955
inst_0000002257,2024-10-17,cust_0000001956
inst_0000002258,2024-08-10,cust_0000001957
inst_0000002259,2025-05-21,cust_0000001958
inst_0000002260,2024-12-01,cust_0000001959
inst_0000002261,2025-01-05,cust_0000001960
inst_0000002262,2024-06-20,cust_0000001961
inst_0000002263,2024-06-20,cust_0000001961
inst_0000002264,2024-12-14,cust_0000001962
inst_0000002265,2025-10-08,cust_0000001963
inst_0000002266,2025-10-08,cust_0000001963
inst_0000002267,2024-02-06,cust_0000001964
inst_0000002268,2025-10-03,cust_0000001965
inst_0000002269,2025-10-21,cust_0000001966
inst_0000002270,2025-03-05,cust_0000001967
inst_0000002271,2025-07-08,cust_0000001968
inst_0000002272,2025-07-30,cust_0000001969
inst_0000002273,2024-12-20,cust_0000001970
inst_0000002274,2025-07-31,cust_0000001971
inst_0000002275,2025-05-11,cust_0000001972
inst_0000002276,2025-11-02,cust_0000001973
inst_0000002277,2025-11-02,cust_0000001973
inst_0000002278,2026-01-29,cust_0000001974
inst_0000002279,2025-08-05,cust_0000001975
inst_0000002280,2025-08-05,cust_0000001975
inst_0000002281,2025-11-10,cust_0000001976
inst_0000002282,2025-11-19,cust_0000001977
inst_0000002283,2025-04-03,cust_0000001978
inst_0000002284,2025-04-03,cust_0000001978
inst_0000002285,2024-08-28,cust_0000001979
inst_0000002286,2025-07-30,cust_0000001980
inst_0000002287,2025-03-19,cust_0000001981
inst_0000002288,2025-07-12,cust_0000001982
inst_0000002289,2024-07-04,cust_0000001983
inst_0000002290,2024-07-04,cust_0000001983
inst_0000002291,2024-10-11,cust_0000001984
inst_0000002292,2024-10-13,cust_0000001985
inst_0000002293,2025-11-07,cust_0000001986
inst_0000002294,2025-11-07,cust_0000001986
inst_0000002295,2025-11-06,cust_0000001987
inst_0000002296,2026-03-08,cust_0000001988
inst_0000002297,2025-03-05,cust_0000001989
inst_0000002298,2024-11-30,cust_0000001990
inst_0000002299,2024-03-29,cust_0000001991
inst_0000002300,2025-07-23,cust_0000001992
inst_0000002301,2025-07-26,cust_0000001993
inst_0000002302,2026-01-27,cust_0000001994
inst_0000002303,2026-01-27,cust_0000001994
inst_0000002304,2026-03-23,cust_0000001995
inst_0000002305,2025-10-09,cust_0000001996
inst_0000002306,2025-11-18,cust_0000001997
inst_0000002307,2026-01-10,cust_0000001998
inst_0000002308,2025-07-31,cust_0000001999
inst_0000002309,2025-12-22,cust_0000002000
inst_0000002310,2024-05-10,cust_0000002001
inst_0000002311,2024-05-31,cust_0000002002
inst_0000002312,2025-01-02,cust_0000002003
inst_0000002313,2025-01-10,cust_0000002004
inst_0000002314,2025-01-09,cust_0000002005
inst_0000002315,2025-01-02,cust_0000002006
inst_0000002316,2025-08-13,cust_0000002007
inst_0000002317,2025-08-29,cust_0000002008
inst_0000002318,2025-06-25,cust_0000002009
inst_0000002319,2025-06-25,cust_0000002009
inst_0000002320,2025-06-08,cust_0000002010
inst_0000002321,2025-04-04,cust_0000002011
inst_0000002322,2024-11-15,cust_0000002012
inst_0000002323,2025-12-23,cust_0000002013
inst_0000002324,2024-04-30,cust_0000002014
inst_0000002325,2025-05-05,cust_0000002015
inst_0000002326,2026-02-21,cust_0000002016
inst_0000002327,2025-05-05,cust_0000002017
inst_0000002328,2024-05-21,cust_0000002018
inst_0000002329,2025-07-08,cust_0000002019
inst_0000002330,2026-04-13,cust_0000002020
inst_0000002331,2024-10-20,cust_0000002021
inst_0000002332,2025-10-13,cust_0000002022
inst_0000002333,2026-04-13,cust_0000002023
inst_0000002334,2025-10-24,cust_0000002024
inst_0000002335,2025-08-25,cust_0000002025
inst_0000002336,2025-07-03,cust_0000002026
inst_0000002337,2025-07-03,cust_0000002026
inst_0000002338,2024-07-16,cust_0000002027
inst_0000002339,2026-04-11,cust_0000002028
inst_0000002340,2024-07-04,cust_0000002029
inst_0000002341,2024-09-04,cust_0000002030
inst_0000002342,2024-09-04,cust_0000002030
inst_0000002343,2025-04-22,cust_0000002031
inst_0000002344,2024-12-11,cust_0000002032
inst_0000002345,2025-10-28,cust_0000002033
inst_0000002346,2025-11-27,cust_0000002034
inst_0000002347,2025-11-27,cust_0000002034
inst_0000002348,2025-10-24,cust_0000002035
inst_0000002349,2024-01-07,cust_0000002036
inst_0000002350,2026-03-29,cust_0000002037
inst_0000002351,2024-08-20,cust_0000002038
inst_0000002352,2024-08-20,cust_0000002038
inst_0000002353,2025-07-29,cust_0000002039
inst_0000002354,2025-07-26,cust_0000002040
inst_0000002355,2025-03-08,cust_0000002041
inst_0000002356,2026-03-20,cust_0000002042
inst_0000002357,2025-03-16,cust_0000002043
inst_0000002358,2025-06-28,cust_0000002044
inst_0000002359,2024-12-06,cust_0000002045
inst_0000002360,2024-01-02,cust_0000002046
inst_0000002361,2026-01-13,cust_0000002047
inst_0000002362,2025-08-08,cust_0000002048
inst_0000002363,2024-07-22,cust_0000002049
inst_0000002364,2024-05-03,cust_0000002050
inst_0000002365,2026-03-23,cust_0000002051
inst_0000002366,2025-09-30,cust_0000002052
inst_0000002367,2025-02-18,cust_0000002053
inst_0000002368,2025-01-07,cust_0000002054
inst_0000002369,2025-01-07,cust_0000002054
inst_0000002370,2024-09-23,cust_0000002055
inst_0000002371,2024-09-23,cust_0000002055
inst_0000002372,2025-07-20,cust_0000002056
inst_0000002373,2024-03-15,cust_0000002057
inst_0000002374,2025-11-03,cust_0000002058
inst_0000002375,2024-09-22,cust_0000002059
inst_0000002376,2024-09-25,cust_0000002060
inst_0000002377,2024-07-16,cust_0000002061
inst_0000002378,2024-09-06,cust_0000002062
inst_0000002379,2024-09-06,cust_0000002062
inst_0000002380,2025-03-29,cust_0000002063
inst_0000002381,2023-12-29,cust_0000002064
inst_0000002382,2026-02-28,cust_0000002065
inst_0000002383,2024-04-06,cust_0000002066
inst_0000002384,2024-03-01,cust_0000002067
inst_0000002385,2025-10-03,cust_0000002068
inst_0000002386,2025-08-21,cust_0000002069
inst_0000002387,2025-07-06,cust_0000002070
inst_0000002388,2026-02-02,cust_0000002071
inst_0000002389,2026-02-02,cust_0000002071
inst_0000002390,2024-02-09,cust_0000002072
inst_0000002391,2025-11-16,cust_0000002073
inst_0000002392,2025-11-16,cust_0000002073
inst_0000002393,2026-04-16,cust_0000002074
inst_0000002394,2025-05-15,cust_0000002075
inst_0000002395,2024-08-08,cust_0000002076
inst_0000002396,2024-08-08,cust_0000002076
inst_0000002397,2025-04-17,cust_0000002077
inst_0000002398,2025-04-17,cust_0000002077
inst_0000002399,2024-01-07,cust_0000002078
inst_0000002400,2025-09-17,cust_0000002079
inst_0000002401,2026-03-25,cust_0000002080
inst_0000002402,2026-02-02,cust_0000002081
inst_0000002403,2024-10-10,cust_0000002082
inst_0000002404,2024-06-02,cust_0000002083
inst_0000002405,2023-12-17,cust_0000002084
inst_0000002406,2025-04-26,cust_0000002085
inst_0000002407,2025-07-19,cust_0000002086
inst_0000002408,2024-03-23,cust_0000002087
inst_0000002409,2024-08-04,cust_0000002088
inst_0000002410,2024-02-25,cust_0000002089
inst_0000002411,2024-10-08,cust_0000002090
inst_0000002412,2024-04-15,cust_0000002091
inst_0000002413,2024-02-24,cust_0000002092
inst_0000002414,2025-11-29,cust_0000002093
inst_0000002415,2025-07-22,cust_0000002094
inst_0000002416,2025-06-07,cust_0000002095
inst_0000002417,2025-11-28,cust_0000002096
inst_0000002418,2025-11-28,cust_0000002096
inst_0000002419,2025-08-08,cust_0000002097
inst_0000002420,2024-10-28,cust_0000002098
inst_0000002421,2024-10-28,cust_0000002098
inst_0000002422,2024-09-28,cust_0000002099
inst_0000002423,2024-09-28,cust_0000002099
inst_0000002424,2025-08-30,cust_0000002100
inst_0000002425,2025-08-30,cust_0000002100
inst_0000002426,2025-09-16,cust_0000002101
inst_0000002427,2026-02-28,cust_0000002102
inst_0000002428,2025-07-15,cust_0000002103
inst_0000002429,2026-03-31,cust_0000002104
inst_0000002430,2025-11-23,cust_0000002105
inst_0000002431,2023-12-19,cust_0000002106
inst_0000002432,2024-10-24,cust_0000002107
inst_0000002433,2025-01-17,cust_0000002108
inst_0000002434,2025-01-17,cust_0000002108
inst_0000002435,2025-05-14,cust_0000002109
inst_0000002436,2024-06-10,cust_0000002110
inst_0000002437,2026-03-28,cust_0000002111
inst_0000002438,2024-02-20,cust_0000002112
inst_0000002439,2025-04-17,cust_0000002113
inst_0000002440,2025-09-17,cust_0000002114
inst_0000002441,2025-12-14,cust_0000002115
inst_0000002442,2025-07-18,cust_0000002116
inst_0000002443,2024-05-11,cust_0000002117
inst_0000002444,2024-09-03,cust_0000002118
inst_0000002445,2024-12-12,cust_0000002119
inst_0000002446,2024-09-02,cust_0000002120
inst_0000002447,2024-09-30,cust_0000002121
inst_0000002448,2025-05-07,cust_0000002122
inst_0000002449,2024-10-13,cust_0000002123
inst_0000002450,2024-10-13,cust_0000002123
inst_0000002451,2024-11-02,cust_0000002124
inst_0000002452,2025-06-20,cust_0000002125
inst_0000002453,2026-04-05,cust_0000002126
inst_0000002454,2026-04-05,cust_0000002126
inst_0000002455,2024-03-10,cust_0000002127
inst_0000002456,2025-10-08,cust_0000002128
inst_0000002457,2024-05-12,cust_0000002129
inst_0000002458,2025-03-02,cust_0000002130
inst_0000002459,2024-11-29,cust_0000002131
inst_0000002460,2025-08-17,cust_0000002132
inst_0000002461,2025-10-26,cust_0000002133
inst_0000002462,2024-05-30,cust_0000002134
inst_0000002463,2025-11-19,cust_0000002135
inst_0000002464,2024-10-04,cust_0000002136
inst_0000002465,2025-04-01,cust_0000002137
inst_0000002466,2025-04-16,cust_0000002138
inst_0000002467,2025-03-25,cust_0000002139
inst_0000002468,2025-08-07,cust_0000002140
inst_0000002469,2025-08-07,cust_0000002140
inst_0000002470,2024-09-11,cust_0000002141
inst_0000002471,2025-09-19,cust_0000002142
inst_0000002472,2025-12-26,cust_0000002143
inst_0000002473,2025-02-16,cust_0000002144
inst_0000002474,2025-10-17,cust_0000002145
inst_0000002475,2026-01-27,cust_0000002146
inst_0000002476,2025-11-19,cust_0000002147
inst_0000002477,2025-07-16,cust_0000002148
inst_0000002478,2025-12-25,cust_0000002149
inst_0000002479,2023-12-15,cust_0000002150
inst_0000002480,2026-04-27,cust_0000002151
inst_0000002481,2024-02-19,cust_0000002152
inst_0000002482,2024-02-15,cust_0000002153
inst_0000002483,2026-04-23,cust_0000002154
inst_0000002484,2026-04-23,cust_0000002154
inst_0000002485,2025-04-26,cust_0000002155
inst_0000002486,2025-02-16,cust_0000002156
inst_0000002487,2025-02-16,cust_0000002156
inst_0000002488,2024-02-01,cust_0000002157
inst_0000002489,2025-06-09,cust_0000002158
inst_0000002490,2024-07-29,cust_0000002159
inst_0000002491,2025-10-03,cust_0000002160
inst_0000002492,2025-10-03,cust_0000002160
inst_0000002493,2025-01-20,cust_0000002161
inst_0000002494,2025-01-20,cust_0000002161
inst_0000002495,2026-03-29,cust_0000002162
inst_0000002496,2025-12-02,cust_0000002163
inst_0000002497,2025-12-02,cust_0000002163
inst_0000002498,2025-11-30,cust_0000002164
inst_0000002499,2025-11-30,cust_0000002164
inst_0000002500,2025-11-17,cust_0000002165
inst_0000002501,2024-10-30,cust_0000002166
inst_0000002502,2024-10-30,cust_0000002166
inst_0000002503,2024-07-28,cust_0000002167
inst_0000002504,2024-07-28,cust_0000002167
inst_0000002505,2025-12-29,cust_0000002168
inst_0000002506,2025-02-06,cust_0000002169
inst_0000002507,2024-10-18,cust_0000002170
inst_0000002508,2025-11-03,cust_0000002171
inst_0000002509,2025-11-03,cust_0000002171
inst_0000002510,2024-02-21,cust_0000002172
inst_0000002511,2024-12-20,cust_0000002173
inst_0000002512,2025-05-24,cust_0000002174
inst_0000002513,2024-03-25,cust_0000002175
inst_0000002514,2024-05-19,cust_0000002176
inst_0000002515,2024-07-23,cust_0000002177
inst_0000002516,2024-07-23,cust_0000002177
inst_0000002517,2024-03-23,cust_0000002178
inst_0000002518,2024-03-23,cust_0000002178
inst_0000002519,2024-04-14,cust_0000002179
inst_0000002520,2025-08-05,cust_0000002180
inst_0000002521,2025-08-05,cust_0000002180
inst_0000002522,2025-09-23,cust_0000002181
inst_0000002523,2024-11-16,cust_0000002182
inst_0000002524,2024-04-01,cust_0000002183
inst_0000002525,2025-03-14,cust_0000002184
inst_0000002526,2024-12-04,cust_0000002185
inst_0000002527,2026-02-15,cust_0000002186
inst_0000002528,2026-01-27,cust_0000002187
inst_0000002529,2025-03-09,cust_0000002188
inst_0000002530,2024-12-22,cust_0000002189
inst_0000002531,2024-12-22,cust_0000002189
inst_0000002532,2025-10-27,cust_0000002190
inst_0000002533,2025-08-30,cust_0000002191
inst_0000002534,2026-01-03,cust_0000002192
inst_0000002535,2024-05-27,cust_0000002193
inst_0000002536,2024-05-24,cust_0000002194
inst_0000002537,2024-05-02,cust_0000002195
inst_0000002538,2025-10-24,cust_0000002196
inst_0000002539,2026-05-02,cust_0000002197
inst_0000002540,2026-05-02,cust_0000002197
inst_0000002541,2026-04-20,cust_0000002198
inst_0000002542,2025-01-08,cust_0000002199
inst_0000002543,2024-08-23,cust_0000002200
inst_0000002544,2025-04-02,cust_0000002201
inst_0000002545,2025-07-19,cust_0000002202
inst_0000002546,2024-10-03,cust_0000002203
inst_0000002547,2024-12-31,cust_0000002204
inst_0000002548,2024-12-31,cust_0000002204
inst_0000002549,2025-12-24,cust_0000002205
inst_0000002550,2024-11-01,cust_0000002206
inst_0000002551,2024-02-11,cust_0000002207
inst_0000002552,2024-04-06,cust_0000002208
inst_0000002553,2024-03-29,cust_0000002209
inst_0000002554,2024-03-29,cust_0000002209
inst_0000002555,2024-09-13,cust_0000002210
inst_0000002556,2025-07-23,cust_0000002211
inst_0000002557,2024-11-29,cust_0000002212
inst_0000002558,2024-07-17,cust_0000002213
inst_0000002559,2024-12-01,cust_0000002214
inst_0000002560,2024-08-17,cust_0000002215
inst_0000002561,2026-03-03,cust_0000002216
inst_0000002562,2024-11-15,cust_0000002217
inst_0000002563,2025-09-04,cust_0000002218
inst_0000002564,2024-12-23,cust_0000002219
inst_0000002565,2026-04-03,cust_0000002220
inst_0000002566,2025-03-15,cust_0000002221
inst_0000002567,2025-03-15,cust_0000002221
inst_0000002568,2025-08-24,cust_0000002222
inst_0000002569,2025-01-11,cust_0000002223
inst_0000002570,2025-01-11,cust_0000002223
inst_0000002571,2025-03-15,cust_0000002224
inst_0000002572,2024-08-24,cust_0000002225
inst_0000002573,2024-06-19,cust_0000002226
inst_0000002574,2024-06-19,cust_0000002226
inst_0000002575,2024-11-03,cust_0000002227
inst_0000002576,2026-02-18,cust_0000002228
inst_0000002577,2026-03-04,cust_0000002229
inst_0000002578,2025-01-13,cust_0000002230
inst_0000002579,2026-04-23,cust_0000002231
inst_0000002580,2024-11-11,cust_0000002232
inst_0000002581,2025-08-11,cust_0000002233
inst_0000002582,2025-08-11,cust_0000002233
inst_0000002583,2024-01-07,cust_0000002234
inst_0000002584,2026-01-24,cust_0000002235
inst_0000002585,2026-01-29,cust_0000002236
inst_0000002586,2024-12-29,cust_0000002237
inst_0000002587,2024-10-31,cust_0000002238
inst_0000002588,2024-10-31,cust_0000002238
inst_0000002589,2024-11-07,cust_0000002239
inst_0000002590,2024-05-16,cust_0000002240
inst_0000002591,2024-05-16,cust_0000002240
inst_0000002592,2025-11-25,cust_0000002241
inst_0000002593,2024-08-02,cust_0000002242
inst_0000002594,2024-08-02,cust_0000002242
inst_0000002595,2025-08-24,cust_0000002243
inst_0000002596,2024-06-10,cust_0000002244
inst_0000002597,2024-06-10,cust_0000002244
inst_0000002598,2024-07-22,cust_0000002245
inst_0000002599,2025-08-22,cust_0000002246
inst_0000002600,2025-11-01,cust_0000002247
inst_0000002601,2024-11-28,cust_0000002248
inst_0000002602,2024-05-08,cust_0000002249
inst_0000002603,2024-09-14,cust_0000002250
inst_0000002604,2024-09-14,cust_0000002250
inst_0000002605,2025-02-08,cust_0000002251
inst_0000002606,2023-12-25,cust_0000002252
inst_0000002607,2025-06-15,cust_0000002253
inst_0000002608,2024-04-11,cust_0000002254
inst_0000002609,2025-05-02,cust_0000002255
inst_0000002610,2024-10-21,cust_0000002256
inst_0000002611,2024-10-21,cust_0000002256
inst_0000002612,2024-03-17,cust_0000002257
inst_0000002613,2024-03-17,cust_0000002257
inst_0000002614,2025-10-05,cust_0000002258
inst_0000002615,2024-07-19,cust_0000002259
inst_0000002616,2024-12-10,cust_0000002260
inst_0000002617,2026-03-17,cust_0000002261
inst_0000002618,2026-03-17,cust_0000002261
inst_0000002619,2024-05-07,cust_0000002262
inst_0000002620,2025-01-21,cust_0000002263
inst_0000002621,2025-04-09,cust_0000002264
inst_0000002622,2024-11-13,cust_0000002265
inst_0000002623,2025-07-28,cust_0000002266
inst_0000002624,2025-07-28,cust_0000002266
inst_0000002625,2026-02-01,cust_0000002267
inst_0000002626,2025-10-19,cust_0000002268
inst_0000002627,2025-10-19,cust_0000002268
inst_0000002628,2026-02-04,cust_0000002269
inst_0000002629,2025-08-07,cust_0000002270
inst_0000002630,2025-08-07,cust_0000002270
inst_0000002631,2024-06-05,cust_0000002271
inst_0000002632,2023-12-18,cust_0000002272
inst_0000002633,2025-08-16,cust_0000002273
inst_0000002634,2026-01-04,cust_0000002274
inst_0000002635,2025-12-18,cust_0000002275
inst_0000002636,2024-01-16,cust_0000002276
inst_0000002637,2025-06-05,cust_0000002277
inst_0000002638,2024-04-10,cust_0000002278
inst_0000002639,2024-09-18,cust_0000002279
inst_0000002640,2024-02-09,cust_0000002280
inst_0000002641,2024-02-09,cust_0000002280
inst_0000002642,2024-01-12,cust_0000002281
inst_0000002643,2025-08-21,cust_0000002282
inst_0000002644,2026-02-17,cust_0000002283
inst_0000002645,2024-07-20,cust_0000002284
inst_0000002646,2026-03-17,cust_0000002285
inst_0000002647,2025-07-07,cust_0000002286
inst_0000002648,2025-03-20,cust_0000002287
inst_0000002649,2024-05-05,cust_0000002288
inst_0000002650,2024-07-22,cust_0000002289
inst_0000002651,2024-04-30,cust_0000002290
inst_0000002652,2025-10-20,cust_0000002291
inst_0000002653,2025-10-20,cust_0000002291
inst_0000002654,2024-09-29,cust_0000002292
inst_0000002655,2026-02-15,cust_0000002293
inst_0000002656,2025-11-24,cust_0000002294
inst_0000002657,2025-11-24,cust_0000002294
inst_0000002658,2025-10-03,cust_0000002295
inst_0000002659,2025-10-03,cust_0000002295
inst_0000002660,2024-01-08,cust_0000002296
inst_0000002661,2025-03-26,cust_0000002297
inst_0000002662,2025-07-12,cust_0000002298
inst_0000002663,2024-06-30,cust_0000002299
inst_0000002664,2024-11-21,cust_0000002300
inst_0000002665,2025-05-23,cust_0000002301
inst_0000002666,2024-09-14,cust_0000002302
inst_0000002667,2025-02-14,cust_0000002303
inst_0000002668,2024-06-30,cust_0000002304
inst_0000002669,2024-07-15,cust_0000002305
inst_0000002670,2024-07-15,cust_0000002305
inst_0000002671,2024-10-19,cust_0000002306
inst_0000002672,2025-02-01,cust_0000002307
inst_0000002673,2025-05-03,cust_0000002308
inst_0000002674,2025-05-11,cust_0000002309
inst_0000002675,2025-03-11,cust_0000002310
inst_0000002676,2025-06-18,cust_0000002311
inst_0000002677,2024-08-07,cust_0000002312
inst_0000002678,2024-06-13,cust_0000002313
inst_0000002679,2024-05-17,cust_0000002314
inst_0000002680,2025-01-09,cust_0000002315
inst_0000002681,2024-03-22,cust_0000002316
inst_0000002682,2025-11-11,cust_0000002317
inst_0000002683,2025-11-11,cust_0000002317
inst_0000002684,2024-11-16,cust_0000002318
inst_0000002685,2025-03-26,cust_0000002319
inst_0000002686,2024-04-01,cust_0000002320
inst_0000002687,2024-06-18,cust_0000002321
inst_0000002688,2026-02-04,cust_0000002322
inst_0000002689,2026-03-26,cust_0000002323
inst_0000002690,2024-10-04,cust_0000002324
inst_0000002691,2025-09-25,cust_0000002325
inst_0000002692,2025-08-26,cust_0000002326
inst_0000002693,2024-09-24,cust_0000002327
inst_0000002694,2025-03-21,cust_0000002328
inst_0000002695,2025-11-14,cust_0000002329
inst_0000002696,2025-11-14,cust_0000002329
inst_0000002697,2024-12-17,cust_0000002330
inst_0000002698,2025-12-09,cust_0000002331
inst_0000002699,2025-04-15,cust_0000002332
inst_0000002700,2025-04-15,cust_0000002332
inst_0000002701,2025-08-31,cust_0000002333
inst_0000002702,2025-08-31,cust_0000002333
inst_0000002703,2025-02-26,cust_0000002334
inst_0000002704,2025-02-28,cust_0000002335
inst_0000002705,2025-03-12,cust_0000002336
inst_0000002706,2026-02-18,cust_0000002337
inst_0000002707,2026-02-18,cust_0000002337
inst_0000002708,2025-07-27,cust_0000002338
inst_0000002709,2026-04-09,cust_0000002339
inst_0000002710,2025-12-30,cust_0000002340
inst_0000002711,2026-03-10,cust_0000002341
inst_0000002712,2024-08-29,cust_0000002342
inst_0000002713,2025-03-24,cust_0000002343
inst_0000002714,2025-03-24,cust_0000002343
inst_0000002715,2026-01-04,cust_0000002344
inst_0000002716,2026-01-06,cust_0000002345
inst_0000002717,2026-01-06,cust_0000002345
inst_0000002718,2025-01-06,cust_0000002346
inst_0000002719,2025-09-15,cust_0000002347
inst_0000002720,2024-03-26,cust_0000002348
inst_0000002721,2025-08-21,cust_0000002349
inst_0000002722,2026-01-02,cust_0000002350
inst_0000002723,2024-12-30,cust_0000002351
inst_0000002724,2024-08-06,cust_0000002352
inst_0000002725,2024-08-06,cust_0000002352
inst_0000002726,2026-03-24,cust_0000002353
inst_0000002727,2024-04-19,cust_0000002354
inst_0000002728,2025-01-07,cust_0000002355
inst_0000002729,2024-10-26,cust_0000002356
inst_0000002730,2024-09-07,cust_0000002357
inst_0000002731,2025-06-10,cust_0000002358
inst_0000002732,2025-09-15,cust_0000002359
inst_0000002733,2025-09-15,cust_0000002359
inst_0000002734,2025-01-25,cust_0000002360
inst_0000002735,2025-07-05,cust_0000002361
inst_0000002736,2024-05-08,cust_0000002362
inst_0000002737,2024-10-22,cust_0000002363
inst_0000002738,2025-05-01,cust_0000002364
inst_0000002739,2026-04-20,cust_0000002365
inst_0000002740,2025-12-16,cust_0000002366
inst_0000002741,2025-10-05,cust_0000002367
inst_0000002742,2025-07-03,cust_0000002368
inst_0000002743,2025-06-01,cust_0000002369
inst_0000002744,2025-03-15,cust_0000002370
inst_0000002745,2025-10-22,cust_0000002371
inst_0000002746,2025-10-22,cust_0000002371
inst_0000002747,2024-05-06,cust_0000002372
inst_0000002748,2025-02-21,cust_0000002373
inst_0000002749,2024-11-16,cust_0000002374
inst_0000002750,2024-11-16,cust_0000002374
inst_0000002751,2025-06-18,cust_0000002375
inst_0000002752,2025-01-22,cust_0000002376
inst_0000002753,2026-01-28,cust_0000002377
inst_0000002754,2025-03-23,cust_0000002378
inst_0000002755,2025-06-09,cust_0000002379
inst_0000002756,2025-06-09,cust_0000002379
inst_0000002757,2026-03-08,cust_0000002380
inst_0000002758,2025-04-01,cust_0000002381
inst_0000002759,2025-04-01,cust_0000002381
inst_0000002760,2025-12-28,cust_0000002382
inst_0000002761,2025-12-28,cust_0000002382
inst_0000002762,2024-04-19,cust_0000002383
inst_0000002763,2025-05-31,cust_0000002384
inst_0000002764,2026-04-24,cust_0000002385
inst_0000002765,2024-08-16,cust_0000002386
inst_0000002766,2024-05-16,cust_0000002387
inst_0000002767,2025-03-25,cust_0000002388
inst_0000002768,2026-01-07,cust_0000002389
inst_0000002769,2026-01-31,cust_0000002390
inst_0000002770,2026-01-21,cust_0000002391
inst_0000002771,2025-04-30,cust_0000002392
inst_0000002772,2026-01-14,cust_0000002393
inst_0000002773,2025-06-17,cust_0000002394
inst_0000002774,2025-08-28,cust_0000002395
inst_0000002775,2025-08-28,cust_0000002395
inst_0000002776,2025-05-16,cust_0000002396
inst_0000002777,2024-06-24,cust_0000002397
inst_0000002778,2024-12-20,cust_0000002398
inst_0000002779,2025-02-20,cust_0000002399
inst_0000002780,2026-03-16,cust_0000002400
inst_0000002781,2026-04-08,cust_0000002401
inst_0000002782,2024-10-06,cust_0000002402
inst_0000002783,2024-03-22,cust_0000002403
inst_0000002784,2024-03-22,cust_0000002403
inst_0000002785,2025-08-30,cust_0000002404
inst_0000002786,2025-07-17,cust_0000002405
inst_0000002787,2024-06-11,cust_0000002406
inst_0000002788,2026-01-04,cust_0000002407
inst_0000002789,2025-04-29,cust_0000002408
inst_0000002790,2024-05-27,cust_0000002409
inst_0000002791,2024-10-11,cust_0000002410
inst_0000002792,2024-04-18,cust_0000002411
inst_0000002793,2026-01-21,cust_0000002412
inst_0000002794,2026-02-08,cust_0000002413
inst_0000002795,2026-01-28,cust_0000002414
inst_0000002796,2024-08-06,cust_0000002415
inst_0000002797,2026-03-19,cust_0000002416
inst_0000002798,2024-01-07,cust_0000002417
inst_0000002799,2024-01-07,cust_0000002417
inst_0000002800,2026-04-13,cust_0000002418
inst_0000002801,2025-01-07,cust_0000002419
inst_0000002802,2025-09-10,cust_0000002420
inst_0000002803,2024-01-12,cust_0000002421
inst_0000002804,2026-03-26,cust_0000002422
inst_0000002805,2026-03-26,cust_0000002422
inst_0000002806,2026-02-18,cust_0000002423
inst_0000002807,2025-11-08,cust_0000002424
inst_0000002808,2024-07-08,cust_0000002425
inst_0000002809,2025-01-24,cust_0000002426
inst_0000002810,2025-01-24,cust_0000002426
inst_0000002811,2026-03-15,cust_0000002427
inst_0000002812,2025-11-30,cust_0000002428
inst_0000002813,2025-07-30,cust_0000002429
inst_0000002814,2026-03-30,cust_0000002430
inst_0000002815,2024-10-22,cust_0000002431
inst_0000002816,2025-09-05,cust_0000002432
inst_0000002817,2024-01-21,cust_0000002433
inst_0000002818,2024-01-21,cust_0000002433
inst_0000002819,2025-12-12,cust_0000002434
inst_0000002820,2025-12-17,cust_0000002435
inst_0000002821,2025-09-13,cust_0000002436
inst_0000002822,2024-06-29,cust_0000002437
inst_0000002823,2024-05-22,cust_0000002438
inst_0000002824,2024-08-13,cust_0000002439
inst_0000002825,2024-08-13,cust_0000002439
inst_0000002826,2024-04-29,cust_0000002440
inst_0000002827,2025-04-05,cust_0000002441
inst_0000002828,2025-08-12,cust_0000002442
inst_0000002829,2024-12-30,cust_0000002443
inst_0000002830,2025-09-02,cust_0000002444
inst_0000002831,2024-11-24,cust_0000002445
inst_0000002832,2024-10-03,cust_0000002446
inst_0000002833,2025-05-26,cust_0000002447
inst_0000002834,2025-10-19,cust_0000002448
inst_0000002835,2025-06-24,cust_0000002449
inst_0000002836,2026-04-13,cust_0000002450
inst_0000002837,2024-05-27,cust_0000002451
inst_0000002838,2026-02-15,cust_0000002452
inst_0000002839,2025-09-16,cust_0000002453
inst_0000002840,2025-09-16,cust_0000002453
inst_0000002841,2026-03-22,cust_0000002454
inst_0000002842,2026-03-22,cust_0000002454
inst_0000002843,2025-11-14,cust_0000002455
inst_0000002844,2026-01-30,cust_0000002456
inst_0000002845,2025-12-24,cust_0000002457
inst_0000002846,2026-03-19,cust_0000002458
inst_0000002847,2025-12-25,cust_0000002459
inst_0000002848,2026-02-23,cust_0000002460
inst_0000002849,2024-04-26,cust_0000002461
inst_0000002850,2024-04-26,cust_0000002461
inst_0000002851,2025-07-06,cust_0000002462
inst_0000002852,2025-09-29,cust_0000002463
inst_0000002853,2025-07-05,cust_0000002464
inst_0000002854,2025-04-18,cust_0000002465
inst_0000002855,2025-09-05,cust_0000002466
inst_0000002856,2025-02-13,cust_0000002467
inst_0000002857,2025-12-19,cust_0000002468
inst_0000002858,2025-04-20,cust_0000002469
inst_0000002859,2025-04-20,cust_0000002469
inst_0000002860,2024-01-16,cust_0000002470
inst_0000002861,2025-06-30,cust_0000002471
inst_0000002862,2024-05-14,cust_0000002472
inst_0000002863,2024-05-14,cust_0000002472
inst_0000002864,2024-12-26,cust_0000002473
inst_0000002865,2025-04-27,cust_0000002474
inst_0000002866,2025-12-08,cust_0000002475
inst_0000002867,2024-10-30,cust_0000002476
inst_0000002868,2025-06-07,cust_0000002477
inst_0000002869,2025-03-25,cust_0000002478
inst_0000002870,2024-02-28,cust_0000002479
inst_0000002871,2024-05-14,cust_0000002480
inst_0000002872,2025-10-01,cust_0000002481
inst_0000002873,2024-10-07,cust_0000002482
inst_0000002874,2025-04-03,cust_0000002483
inst_0000002875,2025-12-17,cust_0000002484
inst_0000002876,2025-12-17,cust_0000002484
inst_0000002877,2026-04-08,cust_0000002485
inst_0000002878,2024-11-12,cust_0000002486
inst_0000002879,2026-04-02,cust_0000002487
inst_0000002880,2024-10-08,cust_0000002488
inst_0000002881,2024-10-08,cust_0000002488
inst_0000002882,2024-07-02,cust_0000002489
inst_0000002883,2025-03-28,cust_0000002490
inst_0000002884,2024-12-31,cust_0000002491
inst_0000002885,2025-09-11,cust_0000002492
inst_0000002886,2024-08-14,cust_0000002493
inst_0000002887,2024-01-29,cust_0000002494
inst_0000002888,2024-06-09,cust_0000002495
inst_0000002889,2024-07-07,cust_0000002496
inst_0000002890,2025-11-06,cust_0000002497
inst_0000002891,2024-04-30,cust_0000002498
inst_0000002892,2024-04-24,cust_0000002499
inst_0000002893,2024-04-24,cust_0000002499
inst_0000002894,2024-04-16,cust_0000002500
inst_0000002895,2024-04-16,cust_0000002500
inst_0000002896,2024-01-25,cust_0000002501
inst_0000002897,2026-04-24,cust_0000002502
inst_0000002898,2024-08-26,cust_0000002503
inst_0000002899,2024-08-26,cust_0000002503
inst_0000002900,2023-12-28,cust_0000002504
inst_0000002901,2024-04-10,cust_0000002505
inst_0000002902,2024-04-10,cust_0000002505
inst_0000002903,2025-06-10,cust_0000002506
inst_0000002904,2024-12-15,cust_0000002507
inst_0000002905,2025-04-06,cust_0000002508
inst_0000002906,2025-04-06,cust_0000002508
inst_0000002907,2025-02-13,cust_0000002509
inst_0000002908,2024-04-08,cust_0000002510
inst_0000002909,2024-04-08,cust_0000002510
inst_0000002910,2025-07-13,cust_0000002511
inst_0000002911,2025-01-29,cust_0000002512
inst_0000002912,2024-03-27,cust_0000002513
inst_0000002913,2024-03-30,cust_0000002514
inst_0000002914,2024-08-08,cust_0000002515
inst_0000002915,2026-02-02,cust_0000002516
inst_0000002916,2025-09-06,cust_0000002517
inst_0000002917,2024-05-06,cust_0000002518
inst_0000002918,2024-10-23,cust_0000002519
inst_0000002919,2024-02-01,cust_0000002520
inst_0000002920,2025-04-21,cust_0000002521
inst_0000002921,2026-01-16,cust_0000002522
inst_0000002922,2026-03-19,cust_0000002523
inst_0000002923,2024-04-29,cust_0000002524
inst_0000002924,2025-08-18,cust_0000002525
inst_0000002925,2024-05-18,cust_0000002526
inst_0000002926,2024-04-04,cust_0000002527
inst_0000002927,2024-11-16,cust_0000002528
inst_0000002928,2025-09-05,cust_0000002529
inst_0000002929,2025-05-25,cust_0000002530
inst_0000002930,2024-11-04,cust_0000002531
inst_0000002931,2024-11-04,cust_0000002531
inst_0000002932,2025-06-08,cust_0000002532
inst_0000002933,2024-06-11,cust_0000002533
inst_0000002934,2025-01-18,cust_0000002534
inst_0000002935,2025-11-03,cust_0000002535
inst_0000002936,2025-12-21,cust_0000002536
inst_0000002937,2024-01-16,cust_0000002537
inst_0000002938,2024-01-16,cust_0000002537
inst_0000002939,2026-01-09,cust_0000002538
inst_0000002940,2024-07-12,cust_0000002539
inst_0000002941,2025-02-04,cust_0000002540
inst_0000002942,2025-04-06,cust_0000002541
inst_0000002943,2024-11-14,cust_0000002542
inst_0000002944,2025-01-28,cust_0000002543
inst_0000002945,2025-09-19,cust_0000002544
inst_0000002946,2026-01-23,cust_0000002545
inst_0000002947,2024-02-16,cust_0000002546
inst_0000002948,2024-02-16,cust_0000002546
inst_0000002949,2025-04-13,cust_0000002547
inst_0000002950,2025-04-13,cust_0000002547
inst_0000002951,2025-02-03,cust_0000002548
inst_0000002952,2025-02-15,cust_0000002549
inst_0000002953,2025-10-02,cust_0000002550
inst_0000002954,2024-03-01,cust_0000002551
inst_0000002955,2024-04-21,cust_0000002552
inst_0000002956,2024-09-09,cust_0000002553
inst_0000002957,2025-06-20,cust_0000002554
inst_0000002958,2025-08-28,cust_0000002555
inst_0000002959,2025-08-28,cust_0000002555
inst_0000002960,2025-09-14,cust_0000002556
inst_0000002961,2025-03-18,cust_0000002557
inst_0000002962,2026-02-12,cust_0000002558
inst_0000002963,2026-02-12,cust_0000002558
inst_0000002964,2024-07-29,cust_0000002559
inst_0000002965,2026-03-27,cust_0000002560
inst_0000002966,2025-09-27,cust_0000002561
inst_0000002967,2024-06-20,cust_0000002562
inst_0000002968,2024-11-20,cust_0000002563
inst_0000002969,2024-12-18,cust_0000002564
inst_0000002970,2024-12-18,cust_0000002564
inst_0000002971,2025-04-29,cust_0000002565
inst_0000002972,2024-09-05,cust_0000002566
inst_0000002973,2024-04-07,cust_0000002567
inst_0000002974,2024-04-07,cust_0000002567
inst_0000002975,2024-08-01,cust_0000002568
inst_0000002976,2024-10-06,cust_0000002569
inst_0000002977,2025-06-20,cust_0000002570
inst_0000002978,2024-04-24,cust_0000002571
inst_0000002979,2026-02-14,cust_0000002572
inst_0000002980,2026-02-14,cust_0000002572
inst_0000002981,2025-03-18,cust_0000002573
inst_0000002982,2024-09-23,cust_0000002574
inst_0000002983,2024-12-15,cust_0000002575
inst_0000002984,2025-11-10,cust_0000002576
inst_0000002985,2025-11-10,cust_0000002576
inst_0000002986,2026-03-23,cust_0000002577
inst_0000002987,2024-07-10,cust_0000002578
inst_0000002988,2025-11-27,cust_0000002579
inst_0000002989,2026-04-21,cust_0000002580
inst_0000002990,2024-10-13,cust_0000002581
inst_0000002991,2026-03-07,cust_0000002582
inst_0000002992,2026-03-25,cust_0000002583
inst_0000002993,2025-12-28,cust_0000002584
inst_0000002994,2026-04-10,cust_0000002585
inst_0000002995,2025-08-22,cust_0000002586
inst_0000002996,2025-08-22,cust_0000002586
inst_0000002997,2024-08-27,cust_0000002587
inst_0000002998,2025-02-15,cust_0000002588
inst_0000002999,2024-12-08,cust_0000002589
inst_0000003000,2024-12-08,cust_0000002589
inst_0000003001,2025-09-07,cust_0000002590
inst_0000003002,2024-02-19,cust_0000002591
inst_0000003003,2026-03-02,cust_0000002592
inst_0000003004,2025-01-01,cust_0000002593
inst_0000003005,2025-08-19,cust_0000002594
inst_0000003006,2024-05-02,cust_0000002595
inst_0000003007,2026-01-02,cust_0000002596
inst_0000003008,2026-01-02,cust_0000002596
inst_0000003009,2025-12-28,cust_0000002597
inst_0000003010,2026-01-10,cust_0000002598
inst_0000003011,2026-01-20,cust_0000002599
inst_0000003012,2024-02-12,cust_0000002600
inst_0000003013,2025-02-20,cust_0000002601
inst_0000003014,2025-08-19,cust_0000002602
inst_0000003015,2024-10-18,cust_0000002603
inst_0000003016,2025-10-16,cust_0000002604
inst_0000003017,2024-07-12,cust_0000002605
inst_0000003018,2025-06-30,cust_0000002606
inst_0000003019,2024-07-20,cust_0000002607
inst_0000003020,2024-07-25,cust_0000002608
inst_0000003021,2024-01-12,cust_0000002609
inst_0000003022,2024-09-23,cust_0000002610
inst_0000003023,2025-04-19,cust_0000002611
inst_0000003024,2024-06-30,cust_0000002612
inst_0000003025,2025-09-12,cust_0000002613
inst_0000003026,2025-01-09,cust_0000002614
inst_0000003027,2025-01-09,cust_0000002614
inst_0000003028,2025-09-08,cust_0000002615
inst_0000003029,2026-02-23,cust_0000002616
inst_0000003030,2025-10-22,cust_0000002617
inst_0000003031,2025-02-22,cust_0000002618
inst_0000003032,2025-02-13,cust_0000002619
inst_0000003033,2024-08-12,cust_0000002620
inst_0000003034,2024-04-22,cust_0000002621
inst_0000003035,2024-04-22,cust_0000002621
inst_0000003036,2024-12-12,cust_0000002622
inst_0000003037,2026-04-30,cust_0000002623
inst_0000003038,2026-04-30,cust_0000002623
inst_0000003039,2025-11-09,cust_0000002624
inst_0000003040,2024-12-11,cust_0000002625
inst_0000003041,2024-10-03,cust_0000002626
inst_0000003042,2024-10-03,cust_0000002626
inst_0000003043,2024-03-27,cust_0000002627
inst_0000003044,2025-04-05,cust_0000002628
inst_0000003045,2024-08-29,cust_0000002629
inst_0000003046,2024-10-13,cust_0000002630
inst_0000003047,2025-11-04,cust_0000002631
inst_0000003048,2026-02-10,cust_0000002632
inst_0000003049,2026-04-10,cust_0000002633
inst_0000003050,2024-07-26,cust_0000002634
inst_0000003051,2024-09-27,cust_0000002635
inst_0000003052,2024-02-24,cust_0000002636
inst_0000003053,2024-01-19,cust_0000002637
inst_0000003054,2024-01-19,cust_0000002637
inst_0000003055,2025-05-03,cust_0000002638
inst_0000003056,2026-01-04,cust_0000002639
inst_0000003057,2026-01-04,cust_0000002639
inst_0000003058,2024-08-15,cust_0000002640
inst_0000003059,2025-03-14,cust_0000002641
inst_0000003060,2026-04-23,cust_0000002642
inst_0000003061,2026-04-23,cust_0000002642
inst_0000003062,2025-02-13,cust_0000002643
inst_0000003063,2026-03-26,cust_0000002644
inst_0000003064,2024-03-18,cust_0000002645
inst_0000003065,2024-12-08,cust_0000002646
inst_0000003066,2024-12-02,cust_0000002647
inst_0000003067,2025-07-29,cust_0000002648
inst_0000003068,2024-03-23,cust_0000002649
inst_0000003069,2024-12-06,cust_0000002650
inst_0000003070,2024-03-17,cust_0000002651
inst_0000003071,2026-04-11,cust_0000002652
inst_0000003072,2026-04-11,cust_0000002652
inst_0000003073,2026-01-15,cust_0000002653
inst_0000003074,2026-01-15,cust_0000002653
inst_0000003075,2024-02-27,cust_0000002654
inst_0000003076,2024-01-02,cust_0000002655
inst_0000003077,2024-03-19,cust_0000002656
inst_0000003078,2025-01-25,cust_0000002657
inst_0000003079,2025-12-21,cust_0000002658
inst_0000003080,2025-08-05,cust_0000002659
inst_0000003081,2025-06-03,cust_0000002660
inst_0000003082,2024-05-01,cust_0000002661
inst_0000003083,2024-05-02,cust_0000002662
inst_0000003084,2025-05-03,cust_0000002663
inst_0000003085,2026-04-07,cust_0000002664
inst_0000003086,2025-09-05,cust_0000002665
inst_0000003087,2024-10-01,cust_0000002666
inst_0000003088,2024-10-01,cust_0000002666
inst_0000003089,2024-04-19,cust_0000002667
inst_0000003090,2024-11-16,cust_0000002668
inst_0000003091,2024-11-16,cust_0000002668
inst_0000003092,2024-11-29,cust_0000002669
inst_0000003093,2025-08-23,cust_0000002670
inst_0000003094,2026-03-11,cust_0000002671
inst_0000003095,2025-06-25,cust_0000002672
inst_0000003096,2025-01-30,cust_0000002673
inst_0000003097,2025-11-21,cust_0000002674
inst_0000003098,2025-11-21,cust_0000002674
inst_0000003099,2024-06-25,cust_0000002675
inst_0000003100,2024-04-29,cust_0000002676
inst_0000003101,2024-03-23,cust_0000002677
inst_0000003102,2024-01-11,cust_0000002678
inst_0000003103,2024-01-11,cust_0000002678
inst_0000003104,2024-03-02,cust_0000002679
inst_0000003105,2024-06-01,cust_0000002680
inst_0000003106,2024-06-01,cust_0000002680
inst_0000003107,2025-03-15,cust_0000002681
inst_0000003108,2025-03-15,cust_0000002681
inst_0000003109,2026-03-29,cust_0000002682
inst_0000003110,2026-03-29,cust_0000002682
inst_0000003111,2025-03-24,cust_0000002683
inst_0000003112,2025-01-28,cust_0000002684
inst_0000003113,2025-01-11,cust_0000002685
inst_0000003114,2025-09-03,cust_0000002686
inst_0000003115,2024-11-12,cust_0000002687
inst_0000003116,2026-02-17,cust_0000002688
inst_0000003117,2024-08-15,cust_0000002689
inst_0000003118,2025-07-02,cust_0000002690
inst_0000003119,2025-07-02,cust_0000002690
inst_0000003120,2024-08-19,cust_0000002691
inst_0000003121,2025-11-11,cust_0000002692
inst_0000003122,2025-11-11,cust_0000002692
inst_0000003123,2025-11-18,cust_0000002693
inst_0000003124,2025-11-18,cust_0000002693
inst_0000003125,2025-03-04,cust_0000002694
inst_0000003126,2025-03-04,cust_0000002694
inst_0000003127,2025-02-28,cust_0000002695
inst_0000003128,2025-09-06,cust_0000002696
inst_0000003129,2024-01-27,cust_0000002697
inst_0000003130,2024-07-10,cust_0000002698
inst_0000003131,2025-07-12,cust_0000002699
inst_0000003132,2025-07-12,cust_0000002699
inst_0000003133,2025-05-21,cust_0000002700
inst_0000003134,2025-11-18,cust_0000002701
inst_0000003135,2025-11-18,cust_0000002701
inst_0000003136,2025-06-17,cust_0000002702
inst_0000003137,2025-03-02,cust_0000002703
inst_0000003138,2025-06-13,cust_0000002704
inst_0000003139,2024-04-13,cust_0000002705
inst_0000003140,2024-07-18,cust_0000002706
inst_0000003141,2025-09-21,cust_0000002707
inst_0000003142,2024-02-26,cust_0000002708
inst_0000003143,2024-10-26,cust_0000002709
inst_0000003144,2024-08-09,cust_0000002710
inst_0000003145,2024-08-09,cust_0000002710
inst_0000003146,2024-08-12,cust_0000002711
inst_0000003147,2024-06-17,cust_0000002712
inst_0000003148,2025-05-04,cust_0000002713
inst_0000003149,2025-05-04,cust_0000002713
inst_0000003150,2025-07-05,cust_0000002714
inst_0000003151,2024-08-23,cust_0000002715
inst_0000003152,2026-04-11,cust_0000002716
inst_0000003153,2026-04-11,cust_0000002716
inst_0000003154,2025-07-21,cust_0000002717
inst_0000003155,2025-07-21,cust_0000002717
inst_0000003156,2025-07-17,cust_0000002718
inst_0000003157,2026-02-17,cust_0000002719
inst_0000003158,2025-08-11,cust_0000002720
inst_0000003159,2025-08-11,cust_0000002720
inst_0000003160,2026-03-26,cust_0000002721
inst_0000003161,2025-01-31,cust_0000002722
inst_0000003162,2025-01-31,cust_0000002722
inst_0000003163,2025-04-17,cust_0000002723
inst_0000003164,2025-05-03,cust_0000002724
inst_0000003165,2025-07-21,cust_0000002725
inst_0000003166,2025-07-21,cust_0000002725
inst_0000003167,2024-01-12,cust_0000002726
inst_0000003168,2025-05-21,cust_0000002727
inst_0000003169,2024-08-05,cust_0000002728
inst_0000003170,2025-09-15,cust_0000002729
inst_0000003171,2025-09-03,cust_0000002730
inst_0000003172,2026-03-08,cust_0000002731
inst_0000003173,2026-03-08,cust_0000002731
inst_0000003174,2026-02-02,cust_0000002732
inst_0000003175,2026-02-02,cust_0000002732
inst_0000003176,2026-04-20,cust_0000002733
inst_0000003177,2026-04-20,cust_0000002733
inst_0000003178,2025-05-11,cust_0000002734
inst_0000003179,2024-09-04,cust_0000002735
inst_0000003180,2024-10-16,cust_0000002736
inst_0000003181,2024-05-29,cust_0000002737
inst_0000003182,2025-04-18,cust_0000002738
inst_0000003183,2024-09-30,cust_0000002739
inst_0000003184,2024-05-26,cust_0000002740
inst_0000003185,2024-10-11,cust_0000002741
inst_0000003186,2024-11-21,cust_0000002742
inst_0000003187,2025-05-02,cust_0000002743
inst_0000003188,2025-10-20,cust_0000002744
inst_0000003189,2024-02-29,cust_0000002745
inst_0000003190,2024-08-31,cust_0000002746
inst_0000003191,2024-12-19,cust_0000002747
inst_0000003192,2026-03-24,cust_0000002748
inst_0000003193,2024-12-28,cust_0000002749
inst_0000003194,2025-09-16,cust_0000002750
inst_0000003195,2025-01-10,cust_0000002751
inst_0000003196,2024-06-29,cust_0000002752
inst_0000003197,2024-08-19,cust_0000002753
inst_0000003198,2023-12-29,cust_0000002754
inst_0000003199,2026-01-19,cust_0000002755
inst_0000003200,2026-01-19,cust_0000002755
inst_0000003201,2026-04-04,cust_0000002756
inst_0000003202,2025-01-09,cust_0000002757
inst_0000003203,2025-08-22,cust_0000002758
inst_0000003204,2025-08-22,cust_0000002758
inst_0000003205,2024-12-17,cust_0000002759
inst_0000003206,2024-02-12,cust_0000002760
inst_0000003207,2024-11-29,cust_0000002761
inst_0000003208,2024-03-18,cust_0000002762
inst_0000003209,2024-03-18,cust_0000002762
inst_0000003210,2024-01-26,cust_0000002763
inst_0000003211,2024-08-27,cust_0000002764
inst_0000003212,2024-06-18,cust_0000002765
inst_0000003213,2026-03-26,cust_0000002766
inst_0000003214,2024-07-05,cust_0000002767
inst_0000003215,2025-11-16,cust_0000002768
inst_0000003216,2026-04-28,cust_0000002769
inst_0000003217,2026-03-01,cust_0000002770
inst_0000003218,2026-03-01,cust_0000002770
inst_0000003219,2025-02-05,cust_0000002771
inst_0000003220,2024-04-08,cust_0000002772
inst_0000003221,2024-04-08,cust_0000002772
inst_0000003222,2024-04-11,cust_0000002773
inst_0000003223,2026-02-14,cust_0000002774
inst_0000003224,2026-02-14,cust_0000002774
inst_0000003225,2025-01-28,cust_0000002775
inst_0000003226,2024-05-05,cust_0000002776
inst_0000003227,2026-05-01,cust_0000002777
inst_0000003228,2026-05-01,cust_0000002777
inst_0000003229,2024-02-24,cust_0000002778
inst_0000003230,2024-08-16,cust_0000002779
inst_0000003231,2025-02-14,cust_0000002780
inst_0000003232,2026-04-09,cust_0000002781
inst_0000003233,2025-02-15,cust_0000002782
inst_0000003234,2025-03-09,cust_0000002783
inst_0000003235,2024-10-01,cust_0000002784
inst_0000003236,2026-05-02,cust_0000002785
inst_0000003237,2025-04-01,cust_0000002786
inst_0000003238,2025-04-01,cust_0000002786
inst_0000003239,2024-11-04,cust_0000002787
inst_0000003240,2025-09-17,cust_0000002788
inst_0000003241,2024-10-05,cust_0000002789
inst_0000003242,2025-03-31,cust_0000002790
inst_0000003243,2024-01-16,cust_0000002791
inst_0000003244,2025-05-05,cust_0000002792
inst_0000003245,2024-01-01,cust_0000002793
inst_0000003246,2023-12-26,cust_0000002794
inst_0000003247,2025-06-03,cust_0000002795
inst_0000003248,2024-02-01,cust_0000002796
inst_0000003249,2025-12-05,cust_0000002797
inst_0000003250,2025-12-29,cust_0000002798
inst_0000003251,2025-12-29,cust_0000002798
inst_0000003252,2024-05-28,cust_0000002799
inst_0000003253,2025-07-02,cust_0000002800
inst_0000003254,2024-10-01,cust_0000002801
inst_0000003255,2025-05-21,cust_0000002802
inst_0000003256,2025-03-27,cust_0000002803
inst_0000003257,2025-05-20,cust_0000002804
inst_0000003258,2024-05-29,cust_0000002805
inst_0000003259,2024-03-27,cust_0000002806
inst_0000003260,2024-07-13,cust_0000002807
inst_0000003261,2026-01-21,cust_0000002808
inst_0000003262,2025-03-11,cust_0000002809
inst_0000003263,2025-02-25,cust_0000002810
inst_0000003264,2025-09-15,cust_0000002811
inst_0000003265,2026-02-23,cust_0000002812
inst_0000003266,2025-07-11,cust_0000002813
inst_0000003267,2024-04-22,cust_0000002814
inst_0000003268,2026-03-25,cust_0000002815
inst_0000003269,2026-03-25,cust_0000002815
inst_0000003270,2025-12-16,cust_0000002816
inst_0000003271,2024-01-20,cust_0000002817
inst_0000003272,2026-03-09,cust_0000002818
inst_0000003273,2026-03-09,cust_0000002818
inst_0000003274,2024-03-14,cust_0000002819
inst_0000003275,2024-03-22,cust_0000002820
inst_0000003276,2025-05-20,cust_0000002821
inst_0000003277,2024-12-17,cust_0000002822
inst_0000003278,2023-12-16,cust_0000002823
inst_0000003279,2024-04-28,cust_0000002824
inst_0000003280,2025-04-06,cust_0000002825
inst_0000003281,2023-12-28,cust_0000002826
inst_0000003282,2024-09-21,cust_0000002827
inst_0000003283,2025-09-10,cust_0000002828
inst_0000003284,2025-04-30,cust_0000002829
inst_0000003285,2025-05-19,cust_0000002830
inst_0000003286,2024-08-11,cust_0000002831
inst_0000003287,2025-06-30,cust_0000002832
inst_0000003288,2025-06-30,cust_0000002832
inst_0000003289,2025-01-02,cust_0000002833
inst_0000003290,2024-05-03,cust_0000002834
inst_0000003291,2024-07-24,cust_0000002835
inst_0000003292,2025-04-05,cust_0000002836
inst_0000003293,2024-12-08,cust_0000002837
inst_0000003294,2024-12-08,cust_0000002837
inst_0000003295,2025-04-27,cust_0000002838
inst_0000003296,2025-04-27,cust_0000002838
inst_0000003297,2025-05-04,cust_0000002839
inst_0000003298,2025-03-02,cust_0000002840
inst_0000003299,2025-02-18,cust_0000002841
inst_0000003300,2025-11-20,cust_0000002842
inst_0000003301,2026-04-28,cust_0000002843
inst_0000003302,2023-12-31,cust_0000002844
inst_0000003303,2025-09-19,cust_0000002845
inst_0000003304,2025-06-11,cust_0000002846
inst_0000003305,2025-05-17,cust_0000002847
inst_0000003306,2025-08-12,cust_0000002848
inst_0000003307,2025-01-29,cust_0000002849
inst_0000003308,2026-03-06,cust_0000002850
inst_0000003309,2024-01-22,cust_0000002851
inst_0000003310,2024-01-22,cust_0000002851
inst_0000003311,2025-09-23,cust_0000002852
inst_0000003312,2025-06-11,cust_0000002853
inst_0000003313,2025-01-19,cust_0000002854
inst_0000003314,2025-05-17,cust_0000002855
inst_0000003315,2024-03-13,cust_0000002856
inst_0000003316,2025-02-09,cust_0000002857
inst_0000003317,2024-01-02,cust_0000002858
inst_0000003318,2026-03-04,cust_0000002859
inst_0000003319,2024-02-16,cust_0000002860
inst_0000003320,2025-10-28,cust_0000002861
inst_0000003321,2024-06-11,cust_0000002862
inst_0000003322,2026-01-31,cust_0000002863
inst_0000003323,2024-04-20,cust_0000002864
inst_0000003324,2025-08-12,cust_0000002865
inst_0000003325,2024-10-18,cust_0000002866
inst_0000003326,2024-06-21,cust_0000002867
inst_0000003327,2024-05-16,cust_0000002868
inst_0000003328,2024-12-23,cust_0000002869
inst_0000003329,2024-09-27,cust_0000002870
inst_0000003330,2023-12-26,cust_0000002871
inst_0000003331,2024-04-26,cust_0000002872
inst_0000003332,2025-01-22,cust_0000002873
inst_0000003333,2025-06-26,cust_0000002874
inst_0000003334,2025-06-26,cust_0000002874
inst_0000003335,2026-03-21,cust_0000002875
inst_0000003336,2024-03-13,cust_0000002876
inst_0000003337,2024-03-24,cust_0000002877
inst_0000003338,2024-03-24,cust_0000002877
inst_0000003339,2025-11-01,cust_0000002878
inst_0000003340,2026-03-16,cust_0000002879
inst_0000003341,2025-06-19,cust_0000002880
inst_0000003342,2025-06-19,cust_0000002880
inst_0000003343,2024-04-14,cust_0000002881
inst_0000003344,2024-03-11,cust_0000002882
inst_0000003345,2024-07-13,cust_0000002883
inst_0000003346,2025-01-22,cust_0000002884
inst_0000003347,2025-01-22,cust_0000002884
inst_0000003348,2024-08-15,cust_0000002885
inst_0000003349,2024-07-01,cust_0000002886
inst_0000003350,2024-02-28,cust_0000002887
inst_0000003351,2025-07-19,cust_0000002888
inst_0000003352,2025-06-16,cust_0000002889
inst_0000003353,2024-06-08,cust_0000002890
inst_0000003354,2024-06-08,cust_0000002890
inst_0000003355,2023-12-29,cust_0000002891
inst_0000003356,2024-11-10,cust_0000002892
inst_0000003357,2025-04-01,cust_0000002893
inst_0000003358,2024-02-16,cust_0000002894
inst_0000003359,2025-04-04,cust_0000002895
inst_0000003360,2024-06-30,cust_0000002896
inst_0000003361,2025-05-31,cust_0000002897
inst_0000003362,2025-05-31,cust_0000002897
inst_0000003363,2024-08-12,cust_0000002898
inst_0000003364,2025-12-03,cust_0000002899
inst_0000003365,2026-04-12,cust_0000002900
inst_0000003366,2026-03-22,cust_0000002901
inst_0000003367,2026-03-22,cust_0000002901
inst_0000003368,2024-01-12,cust_0000002902
inst_0000003369,2025-07-03,cust_0000002903
inst_0000003370,2025-12-31,cust_0000002904
inst_0000003371,2025-12-31,cust_0000002904
inst_0000003372,2025-10-30,cust_0000002905
inst_0000003373,2025-08-27,cust_0000002906
inst_0000003374,2024-03-09,cust_0000002907
inst_0000003375,2026-04-06,cust_0000002908
inst_0000003376,2026-04-06,cust_0000002908
inst_0000003377,2025-01-12,cust_0000002909
inst_0000003378,2025-10-06,cust_0000002910
inst_0000003379,2025-01-20,cust_0000002911
inst_0000003380,2025-01-20,cust_0000002911
inst_0000003381,2024-12-29,cust_0000002912
inst_0000003382,2026-03-31,cust_0000002913
inst_0000003383,2024-09-03,cust_0000002914
inst_0000003384,2025-06-02,cust_0000002915
inst_0000003385,2026-04-18,cust_0000002916
inst_0000003386,2025-03-12,cust_0000002917
inst_0000003387,2025-06-24,cust_0000002918
inst_0000003388,2025-06-24,cust_0000002918
inst_0000003389,2026-02-12,cust_0000002919
inst_0000003390,2025-04-15,cust_0000002920
inst_0000003391,2025-08-16,cust_0000002921
inst_0000003392,2026-03-02,cust_0000002922
inst_0000003393,2025-12-27,cust_0000002923
inst_0000003394,2025-04-26,cust_0000002924
inst_0000003395,2025-06-27,cust_0000002925
inst_0000003396,2025-06-27,cust_0000002925
inst_0000003397,2025-11-04,cust_0000002926
inst_0000003398,2024-06-15,cust_0000002927
inst_0000003399,2025-03-12,cust_0000002928
inst_0000003400,2025-09-18,cust_0000002929
inst_0000003401,2025-09-18,cust_0000002929
inst_0000003402,2025-10-16,cust_0000002930
inst_0000003403,2024-03-12,cust_0000002931
inst_0000003404,2024-11-23,cust_0000002932
inst_0000003405,2025-01-20,cust_0000002933
inst_0000003406,2024-07-22,cust_0000002934
inst_0000003407,2024-07-22,cust_0000002934
inst_0000003408,2026-04-21,cust_0000002935
inst_0000003409,2024-03-05,cust_0000002936
inst_0000003410,2024-07-06,cust_0000002937
inst_0000003411,2025-12-14,cust_0000002938
inst_0000003412,2024-05-06,cust_0000002939
inst_0000003413,2024-08-25,cust_0000002940
inst_0000003414,2024-08-25,cust_0000002940
inst_0000003415,2026-01-31,cust_0000002941
inst_0000003416,2024-09-01,cust_0000002942
inst_0000003417,2025-11-21,cust_0000002943
inst_0000003418,2025-08-06,cust_0000002944
inst_0000003419,2024-05-08,cust_0000002945
inst_0000003420,2024-10-24,cust_0000002946
inst_0000003421,2025-04-20,cust_0000002947
inst_0000003422,2025-04-20,cust_0000002947
inst_0000003423,2026-02-06,cust_0000002948
inst_0000003424,2024-03-28,cust_0000002949
inst_0000003425,2024-08-02,cust_0000002950
inst_0000003426,2024-10-11,cust_0000002951
inst_0000003427,2024-11-30,cust_0000002952
inst_0000003428,2024-11-30,cust_0000002952
inst_0000003429,2025-10-06,cust_0000002953
inst_0000003430,2026-02-02,cust_0000002954
inst_0000003431,2025-01-19,cust_0000002955
inst_0000003432,2024-04-22,cust_0000002956
inst_0000003433,2024-04-22,cust_0000002956
inst_0000003434,2025-03-09,cust_0000002957
inst_0000003435,2024-12-04,cust_0000002958
inst_0000003436,2026-04-29,cust_0000002959
inst_0000003437,2024-02-10,cust_0000002960
inst_0000003438,2025-11-29,cust_0000002961
inst_0000003439,2024-05-23,cust_0000002962
inst_0000003440,2025-02-03,cust_0000002963
inst_0000003441,2025-06-27,cust_0000002964
inst_0000003442,2025-02-19,cust_0000002965
inst_0000003443,2025-06-07,cust_0000002966
inst_0000003444,2025-09-15,cust_0000002967
inst_0000003445,2026-01-12,cust_0000002968
inst_0000003446,2023-12-15,cust_0000002969
inst_0000003447,2026-04-18,cust_0000002970
inst_0000003448,2025-07-17,cust_0000002971
inst_0000003449,2025-03-20,cust_0000002972
inst_0000003450,2024-08-03,cust_0000002973
inst_0000003451,2023-12-28,cust_0000002974
inst_0000003452,2024-01-14,cust_0000002975
inst_0000003453,2026-04-06,cust_0000002976
inst_0000003454,2025-01-13,cust_0000002977
inst_0000003455,2025-03-13,cust_0000002978
inst_0000003456,2024-04-05,cust_0000002979
inst_0000003457,2024-11-07,cust_0000002980
inst_0000003458,2024-11-07,cust_0000002980
inst_0000003459,2025-06-30,cust_0000002981
inst_0000003460,2025-08-21,cust_0000002982
inst_0000003461,2024-06-22,cust_0000002983
inst_0000003462,2024-03-10,cust_0000002984
inst_0000003463,2026-02-16,cust_0000002985
inst_0000003464,2025-09-21,cust_0000002986
inst_0000003465,2025-02-15,cust_0000002987
inst_0000003466,2025-11-08,cust_0000002988
inst_0000003467,2025-06-03,cust_0000002989
inst_0000003468,2025-03-13,cust_0000002990
inst_0000003469,2025-01-25,cust_0000002991
inst_0000003470,2025-01-25,cust_0000002991
inst_0000003471,2024-09-22,cust_0000002992
inst_0000003472,2024-09-25,cust_0000002993
inst_0000003473,2024-10-27,cust_0000002994
inst_0000003474,2025-08-15,cust_0000002995
inst_0000003475,2025-08-15,cust_0000002995
inst_0000003476,2025-09-20,cust_0000002996
inst_0000003477,2025-08-20,cust_0000002997
inst_0000003478,2026-02-16,cust_0000002998
inst_0000003479,2026-04-01,cust_0000002999
inst_0000003480,2025-05-16,cust_0000003000
inst_0000003481,2024-01-27,cust_0000003001
inst_0000003482,2026-04-21,cust_0000003002
inst_0000003483,2024-03-08,cust_0000003003
inst_0000003484,2024-05-22,cust_0000003004
inst_0000003485,2025-12-14,cust_0000003005
inst_0000003486,2024-01-15,cust_0000003006
inst_0000003487,2023-12-17,cust_0000003007
inst_0000003488,2026-03-30,cust_0000003008
inst_0000003489,2026-03-30,cust_0000003008
inst_0000003490,2024-05-18,cust_0000003009
inst_0000003491,2024-01-30,cust_0000003010
inst_0000003492,2024-08-28,cust_0000003011
inst_0000003493,2026-04-01,cust_0000003012
inst_0000003494,2025-02-11,cust_0000003013
inst_0000003495,2026-04-18,cust_0000003014
inst_0000003496,2026-03-07,cust_0000003015
inst_0000003497,2025-04-26,cust_0000003016
inst_0000003498,2024-09-28,cust_0000003017
inst_0000003499,2024-04-02,cust_0000003018
inst_0000003500,2024-04-02,cust_0000003018
inst_0000003501,2024-09-14,cust_0000003019
inst_0000003502,2025-01-11,cust_0000003020
inst_0000003503,2026-01-30,cust_0000003021
inst_0000003504,2025-07-09,cust_0000003022
inst_0000003505,2024-03-09,cust_0000003023
inst_0000003506,2025-02-25,cust_0000003024
inst_0000003507,2024-03-22,cust_0000003025
inst_0000003508,2024-08-24,cust_0000003026
inst_0000003509,2024-08-24,cust_0000003026
inst_0000003510,2024-01-28,cust_0000003027
inst_0000003511,2026-02-14,cust_0000003028
inst_0000003512,2026-02-14,cust_0000003028
inst_0000003513,2025-07-22,cust_0000003029
inst_0000003514,2026-02-19,cust_0000003030
inst_0000003515,2025-06-02,cust_0000003031
inst_0000003516,2025-06-02,cust_0000003031
inst_0000003517,2024-09-07,cust_0000003032
inst_0000003518,2025-01-28,cust_0000003033
inst_0000003519,2025-01-28,cust_0000003033
inst_0000003520,2025-11-04,cust_0000003034
inst_0000003521,2024-06-26,cust_0000003035
inst_0000003522,2024-06-24,cust_0000003036
inst_0000003523,2024-10-10,cust_0000003037
inst_0000003524,2024-11-21,cust_0000003038
inst_0000003525,2025-06-16,cust_0000003039
inst_0000003526,2025-01-25,cust_0000003040
inst_0000003527,2024-02-09,cust_0000003041
inst_0000003528,2026-03-18,cust_0000003042
inst_0000003529,2026-03-18,cust_0000003042
inst_0000003530,2024-01-15,cust_0000003043
inst_0000003531,2025-06-04,cust_0000003044
inst_0000003532,2025-04-05,cust_0000003045
inst_0000003533,2025-04-05,cust_0000003045
inst_0000003534,2024-09-05,cust_0000003046
inst_0000003535,2024-09-24,cust_0000003047
inst_0000003536,2026-03-24,cust_0000003048
inst_0000003537,2025-05-12,cust_0000003049
inst_0000003538,2025-08-15,cust_0000003050
inst_0000003539,2024-05-10,cust_0000003051
inst_0000003540,2024-05-10,cust_0000003051
inst_0000003541,2024-01-19,cust_0000003052
inst_0000003542,2025-01-07,cust_0000003053
inst_0000003543,2024-07-02,cust_0000003054
inst_0000003544,2025-03-26,cust_0000003055
inst_0000003545,2026-04-26,cust_0000003056
inst_0000003546,2026-04-26,cust_0000003056
inst_0000003547,2025-04-27,cust_0000003057
inst_0000003548,2025-04-27,cust_0000003057
inst_0000003549,2024-07-10,cust_0000003058
inst_0000003550,2024-07-10,cust_0000003058
inst_0000003551,2024-05-10,cust_0000003059
inst_0000003552,2025-04-27,cust_0000003060
inst_0000003553,2026-03-14,cust_0000003061
inst_0000003554,2024-01-26,cust_0000003062
inst_0000003555,2025-09-13,cust_0000003063
inst_0000003556,2024-06-20,cust_0000003064
inst_0000003557,2025-07-16,cust_0000003065
inst_0000003558,2025-01-26,cust_0000003066
inst_0000003559,2025-04-14,cust_0000003067
inst_0000003560,2025-04-14,cust_0000003067
inst_0000003561,2025-01-14,cust_0000003068
inst_0000003562,2024-05-22,cust_0000003069
inst_0000003563,2024-09-03,cust_0000003070
inst_0000003564,2024-10-19,cust_0000003071
inst_0000003565,2025-04-10,cust_0000003072
inst_0000003566,2024-03-08,cust_0000003073
inst_0000003567,2026-03-24,cust_0000003074
inst_0000003568,2026-04-08,cust_0000003075
inst_0000003569,2024-05-02,cust_0000003076
inst_0000003570,2025-09-23,cust_0000003077
inst_0000003571,2025-08-20,cust_0000003078
inst_0000003572,2025-06-08,cust_0000003079
inst_0000003573,2025-04-14,cust_0000003080
inst_0000003574,2026-02-15,cust_0000003081
inst_0000003575,2024-03-29,cust_0000003082
inst_0000003576,2024-04-02,cust_0000003083
inst_0000003577,2026-02-24,cust_0000003084
inst_0000003578,2025-02-17,cust_0000003085
inst_0000003579,2025-02-17,cust_0000003085
inst_0000003580,2024-04-17,cust_0000003086
inst_0000003581,2024-04-26,cust_0000003087
inst_0000003582,2025-06-21,cust_0000003088
inst_0000003583,2025-11-30,cust_0000003089
inst_0000003584,2025-12-17,cust_0000003090
inst_0000003585,2025-12-17,cust_0000003090
inst_0000003586,2024-03-31,cust_0000003091
inst_0000003587,2024-01-12,cust_0000003092
inst_0000003588,2025-06-28,cust_0000003093
inst_0000003589,2024-07-21,cust_0000003094
inst_0000003590,2025-07-11,cust_0000003095
inst_0000003591,2024-06-14,cust_0000003096
inst_0000003592,2024-08-30,cust_0000003097
inst_0000003593,2024-08-30,cust_0000003097
inst_0000003594,2025-01-13,cust_0000003098
inst_0000003595,2024-10-06,cust_0000003099
inst_0000003596,2024-08-24,cust_0000003100
inst_0000003597,2025-07-30,cust_0000003101
inst_0000003598,2024-11-19,cust_0000003102
inst_0000003599,2025-12-26,cust_0000003103
inst_0000003600,2025-12-16,cust_0000003104
inst_0000003601,2026-02-13,cust_0000003105
inst_0000003602,2025-04-16,cust_0000003106
inst_0000003603,2025-04-16,cust_0000003106
inst_0000003604,2024-08-15,cust_0000003107
inst_0000003605,2024-02-18,cust_0000003108
inst_0000003606,2026-03-03,cust_0000003109
inst_0000003607,2026-04-30,cust_0000003110
inst_0000003608,2025-08-26,cust_0000003111
inst_0000003609,2025-09-21,cust_0000003112
inst_0000003610,2024-12-13,cust_0000003113
inst_0000003611,2024-06-10,cust_0000003114
inst_0000003612,2024-06-10,cust_0000003114
inst_0000003613,2025-10-04,cust_0000003115
inst_0000003614,2025-10-04,cust_0000003115
inst_0000003615,2024-07-17,cust_0000003116
inst_0000003616,2026-01-12,cust_0000003117
inst_0000003617,2024-03-04,cust_0000003118
inst_0000003618,2024-09-06,cust_0000003119
inst_0000003619,2023-12-15,cust_0000003120
inst_0000003620,2025-01-16,cust_0000003121
inst_0000003621,2026-03-21,cust_0000003122
inst_0000003622,2026-03-21,cust_0000003122
inst_0000003623,2024-01-28,cust_0000003123
inst_0000003624,2026-02-02,cust_0000003124
inst_0000003625,2026-03-11,cust_0000003125
inst_0000003626,2025-06-21,cust_0000003126
inst_0000003627,2024-10-06,cust_0000003127
inst_0000003628,2025-04-29,cust_0000003128
inst_0000003629,2025-06-03,cust_0000003129
inst_0000003630,2025-11-25,cust_0000003130
inst_0000003631,2025-08-10,cust_0000003131
inst_0000003632,2024-06-09,cust_0000003132
inst_0000003633,2024-01-23,cust_0000003133
inst_0000003634,2024-01-24,cust_0000003134
inst_0000003635,2025-06-21,cust_0000003135
inst_0000003636,2024-09-04,cust_0000003136
inst_0000003637,2024-03-10,cust_0000003137
inst_0000003638,2025-01-17,cust_0000003138
inst_0000003639,2025-01-17,cust_0000003138
inst_0000003640,2025-04-25,cust_0000003139
inst_0000003641,2024-04-19,cust_0000003140
inst_0000003642,2024-04-19,cust_0000003140
inst_0000003643,2024-04-27,cust_0000003141
inst_0000003644,2024-08-11,cust_0000003142
inst_0000003645,2024-09-07,cust_0000003143
inst_0000003646,2024-06-20,cust_0000003144
inst_0000003647,2024-11-07,cust_0000003145
inst_0000003648,2024-06-29,cust_0000003146
inst_0000003649,2024-11-07,cust_0000003147
inst_0000003650,2024-11-07,cust_0000003147
inst_0000003651,2026-03-01,cust_0000003148
inst_0000003652,2024-11-29,cust_0000003149
inst_0000003653,2026-04-22,cust_0000003150
inst_0000003654,2024-03-07,cust_0000003151
inst_0000003655,2024-03-07,cust_0000003151
inst_0000003656,2025-08-29,cust_0000003152
inst_0000003657,2025-08-29,cust_0000003152
inst_0000003658,2024-05-04,cust_0000003153
inst_0000003659,2025-04-27,cust_0000003154
inst_0000003660,2025-04-27,cust_0000003154
inst_0000003661,2024-02-04,cust_0000003155
inst_0000003662,2025-08-30,cust_0000003156
inst_0000003663,2025-08-30,cust_0000003156
inst_0000003664,2025-12-14,cust_0000003157
inst_0000003665,2024-12-16,cust_0000003158
inst_0000003666,2026-03-26,cust_0000003159
inst_0000003667,2025-03-01,cust_0000003160
inst_0000003668,2024-06-23,cust_0000003161
inst_0000003669,2025-02-12,cust_0000003162
inst_0000003670,2025-04-11,cust_0000003163
inst_0000003671,2025-04-03,cust_0000003164
inst_0000003672,2024-07-03,cust_0000003165
inst_0000003673,2024-10-04,cust_0000003166
inst_0000003674,2024-10-04,cust_0000003166
inst_0000003675,2024-04-17,cust_0000003167
inst_0000003676,2024-04-17,cust_0000003167
inst_0000003677,2025-09-12,cust_0000003168
inst_0000003678,2026-03-15,cust_0000003169
inst_0000003679,2025-02-27,cust_0000003170
inst_0000003680,2024-01-25,cust_0000003171
inst_0000003681,2024-01-27,cust_0000003172
inst_0000003682,2024-06-27,cust_0000003173
inst_0000003683,2025-10-25,cust_0000003174
inst_0000003684,2024-12-07,cust_0000003175
inst_0000003685,2026-02-17,cust_0000003176
inst_0000003686,2026-05-01,cust_0000003177
inst_0000003687,2025-11-29,cust_0000003178
inst_0000003688,2024-11-04,cust_0000003179
inst_0000003689,2025-09-04,cust_0000003180
inst_0000003690,2025-10-01,cust_0000003181
inst_0000003691,2024-03-13,cust_0000003182
inst_0000003692,2024-12-04,cust_0000003183
inst_0000003693,2025-12-28,cust_0000003184
inst_0000003694,2026-05-02,cust_0000003185
inst_0000003695,2026-03-24,cust_0000003186
inst_0000003696,2024-05-04,cust_0000003187
inst_0000003697,2024-12-01,cust_0000003188
inst_0000003698,2024-02-12,cust_0000003189
inst_0000003699,2025-10-11,cust_0000003190
inst_0000003700,2024-09-07,cust_0000003191
inst_0000003701,2024-01-25,cust_0000003192
inst_0000003702,2024-01-25,cust_0000003192
inst_0000003703,2024-02-08,cust_0000003193
inst_0000003704,2025-05-24,cust_0000003194
inst_0000003705,2025-05-24,cust_0000003194
inst_0000003706,2024-03-26,cust_0000003195
inst_0000003707,2025-11-22,cust_0000003196
inst_0000003708,2024-02-05,cust_0000003197
inst_0000003709,2025-04-10,cust_0000003198
inst_0000003710,2024-01-01,cust_0000003199
inst_0000003711,2024-01-06,cust_0000003200
inst_0000003712,2023-12-28,cust_0000003201
inst_0000003713,2023-12-28,cust_0000003201
inst_0000003714,2024-05-31,cust_0000003202
inst_0000003715,2023-12-24,cust_0000003203
inst_0000003716,2025-08-05,cust_0000003204
inst_0000003717,2026-01-13,cust_0000003205
inst_0000003718,2025-10-30,cust_0000003206
inst_0000003719,2026-02-03,cust_0000003207
inst_0000003720,2026-01-31,cust_0000003208
inst_0000003721,2026-01-31,cust_0000003208
inst_0000003722,2026-03-25,cust_0000003209
inst_0000003723,2024-05-07,cust_0000003210
inst_0000003724,2024-02-12,cust_0000003211
inst_0000003725,2025-04-03,cust_0000003212
inst_0000003726,2024-09-01,cust_0000003213
inst_0000003727,2024-01-25,cust_0000003214
inst_0000003728,2024-11-25,cust_0000003215
inst_0000003729,2024-03-04,cust_0000003216
inst_0000003730,2026-01-12,cust_0000003217
inst_0000003731,2024-06-07,cust_0000003218
inst_0000003732,2024-08-09,cust_0000003219
inst_0000003733,2024-02-14,cust_0000003220
inst_0000003734,2024-02-01,cust_0000003221
inst_0000003735,2024-06-24,cust_0000003222
inst_0000003736,2025-04-15,cust_0000003223
inst_0000003737,2026-04-18,cust_0000003224
inst_0000003738,2025-09-20,cust_0000003225
inst_0000003739,2025-09-20,cust_0000003225
inst_0000003740,2026-02-20,cust_0000003226
inst_0000003741,2025-07-25,cust_0000003227
inst_0000003742,2025-07-25,cust_0000003227
inst_0000003743,2025-07-07,cust_0000003228
inst_0000003744,2024-11-22,cust_0000003229
inst_0000003745,2023-12-30,cust_0000003230
inst_0000003746,2026-02-11,cust_0000003231
inst_0000003747,2024-09-13,cust_0000003232
inst_0000003748,2024-11-06,cust_0000003233
inst_0000003749,2024-10-30,cust_0000003234
inst_0000003750,2025-07-07,cust_0000003235
inst_0000003751,2025-11-12,cust_0000003236
inst_0000003752,2025-06-05,cust_0000003237
inst_0000003753,2025-01-08,cust_0000003238
inst_0000003754,2025-05-26,cust_0000003239
inst_0000003755,2025-10-11,cust_0000003240
inst_0000003756,2026-02-26,cust_0000003241
inst_0000003757,2025-10-06,cust_0000003242
inst_0000003758,2025-05-27,cust_0000003243
inst_0000003759,2024-03-19,cust_0000003244
inst_0000003760,2025-05-20,cust_0000003245
inst_0000003761,2024-09-28,cust_0000003246
inst_0000003762,2024-06-04,cust_0000003247
inst_0000003763,2026-03-24,cust_0000003248
inst_0000003764,2024-03-07,cust_0000003249
inst_0000003765,2024-06-25,cust_0000003250
inst_0000003766,2025-11-07,cust_0000003251
inst_0000003767,2024-04-25,cust_0000003252
inst_0000003768,2024-04-25,cust_0000003252
inst_0000003769,2025-08-14,cust_0000003253
inst_0000003770,2024-09-25,cust_0000003254
inst_0000003771,2024-01-17,cust_0000003255
inst_0000003772,2024-07-15,cust_0000003256
inst_0000003773,2025-10-08,cust_0000003257
inst_0000003774,2025-12-11,cust_0000003258
inst_0000003775,2024-05-26,cust_0000003259
inst_0000003776,2024-05-26,cust_0000003259
inst_0000003777,2025-07-12,cust_0000003260
inst_0000003778,2025-09-11,cust_0000003261
inst_0000003779,2025-12-17,cust_0000003262
inst_0000003780,2024-10-09,cust_0000003263
inst_0000003781,2024-11-15,cust_0000003264
inst_0000003782,2024-03-16,cust_0000003265
inst_0000003783,2025-07-26,cust_0000003266
inst_0000003784,2025-06-12,cust_0000003267
inst_0000003785,2025-11-29,cust_0000003268
inst_0000003786,2025-11-29,cust_0000003268
inst_0000003787,2024-02-01,cust_0000003269
inst_0000003788,2024-06-14,cust_0000003270
inst_0000003789,2026-03-18,cust_0000003271
inst_0000003790,2024-06-01,cust_0000003272
inst_0000003791,2024-09-11,cust_0000003273
inst_0000003792,2024-11-23,cust_0000003274
inst_0000003793,2024-12-25,cust_0000003275
inst_0000003794,2024-07-19,cust_0000003276
inst_0000003795,2024-09-30,cust_0000003277
inst_0000003796,2024-01-02,cust_0000003278
inst_0000003797,2024-01-02,cust_0000003278
inst_0000003798,2025-07-03,cust_0000003279
inst_0000003799,2025-07-27,cust_0000003280
inst_0000003800,2025-09-12,cust_0000003281
inst_0000003801,2024-04-19,cust_0000003282
inst_0000003802,2025-07-27,cust_0000003283
inst_0000003803,2025-07-27,cust_0000003283
inst_0000003804,2025-04-17,cust_0000003284
inst_0000003805,2025-04-17,cust_0000003284
inst_0000003806,2026-01-31,cust_0000003285
inst_0000003807,2025-05-29,cust_0000003286
inst_0000003808,2025-05-29,cust_0000003286
inst_0000003809,2025-09-27,cust_0000003287
inst_0000003810,2026-01-28,cust_0000003288
inst_0000003811,2026-01-28,cust_0000003288
inst_0000003812,2024-09-11,cust_0000003289
inst_0000003813,2026-03-24,cust_0000003290
inst_0000003814,2025-07-07,cust_0000003291
inst_0000003815,2024-02-05,cust_0000003292
inst_0000003816,2024-07-17,cust_0000003293
inst_0000003817,2025-05-03,cust_0000003294
inst_0000003818,2024-01-09,cust_0000003295
inst_0000003819,2025-07-25,cust_0000003296
inst_0000003820,2025-11-05,cust_0000003297
inst_0000003821,2025-11-05,cust_0000003297
inst_0000003822,2026-02-10,cust_0000003298
inst_0000003823,2025-04-25,cust_0000003299
inst_0000003824,2025-04-25,cust_0000003299
inst_0000003825,2024-02-12,cust_0000003300
inst_0000003826,2024-02-12,cust_0000003300
inst_0000003827,2024-04-08,cust_0000003301
inst_0000003828,2026-04-22,cust_0000003302
inst_0000003829,2025-03-15,cust_0000003303
inst_0000003830,2024-01-18,cust_0000003304
inst_0000003831,2025-10-29,cust_0000003305
inst_0000003832,2025-06-15,cust_0000003306
inst_0000003833,2024-08-02,cust_0000003307
inst_0000003834,2025-07-16,cust_0000003308
inst_0000003835,2025-07-16,cust_0000003308
inst_0000003836,2024-05-09,cust_0000003309
inst_0000003837,2024-07-25,cust_0000003310
inst_0000003838,2026-03-19,cust_0000003311
inst_0000003839,2024-08-06,cust_0000003312
inst_0000003840,2025-01-30,cust_0000003313
inst_0000003841,2024-05-08,cust_0000003314
inst_0000003842,2025-12-04,cust_0000003315
inst_0000003843,2025-04-24,cust_0000003316
inst_0000003844,2023-12-31,cust_0000003317
inst_0000003845,2025-01-13,cust_0000003318
inst_0000003846,2025-04-30,cust_0000003319
inst_0000003847,2024-03-21,cust_0000003320
inst_0000003848,2024-03-21,cust_0000003320
inst_0000003849,2024-12-17,cust_0000003321
inst_0000003850,2025-04-29,cust_0000003322
inst_0000003851,2025-02-24,cust_0000003323
inst_0000003852,2024-05-02,cust_0000003324
inst_0000003853,2024-05-02,cust_0000003324
inst_0000003854,2025-06-01,cust_0000003325
inst_0000003855,2024-12-26,cust_0000003326
inst_0000003856,2024-09-27,cust_0000003327
inst_0000003857,2026-03-01,cust_0000003328
inst_0000003858,2025-01-18,cust_0000003329
inst_0000003859,2024-04-04,cust_0000003330
inst_0000003860,2025-02-18,cust_0000003331
inst_0000003861,2025-02-04,cust_0000003332
inst_0000003862,2024-05-14,cust_0000003333
inst_0000003863,2024-04-11,cust_0000003334
inst_0000003864,2024-09-13,cust_0000003335
inst_0000003865,2024-10-26,cust_0000003336
inst_0000003866,2024-05-12,cust_0000003337
inst_0000003867,2025-11-27,cust_0000003338
inst_0000003868,2025-09-01,cust_0000003339
inst_0000003869,2024-10-11,cust_0000003340
inst_0000003870,2025-01-08,cust_0000003341
inst_0000003871,2024-12-27,cust_0000003342
inst_0000003872,2024-12-27,cust_0000003342
inst_0000003873,2026-04-26,cust_0000003343
inst_0000003874,2026-04-26,cust_0000003343
inst_0000003875,2025-04-09,cust_0000003344
inst_0000003876,2024-06-19,cust_0000003345
inst_0000003877,2025-05-12,cust_0000003346
inst_0000003878,2024-07-07,cust_0000003347
inst_0000003879,2025-03-23,cust_0000003348
inst_0000003880,2026-04-13,cust_0000003349
inst_0000003881,2025-08-18,cust_0000003350
inst_0000003882,2024-02-03,cust_0000003351
inst_0000003883,2025-09-11,cust_0000003352
inst_0000003884,2026-02-23,cust_0000003353
inst_0000003885,2026-02-23,cust_0000003353
inst_0000003886,2025-01-15,cust_0000003354
inst_0000003887,2025-01-15,cust_0000003354
inst_0000003888,2024-02-23,cust_0000003355
inst_0000003889,2025-06-28,cust_0000003356
inst_0000003890,2025-02-18,cust_0000003357
inst_0000003891,2024-09-11,cust_0000003358
inst_0000003892,2025-04-08,cust_0000003359
inst_0000003893,2024-06-12,cust_0000003360
inst_0000003894,2024-06-12,cust_0000003360
inst_0000003895,2025-10-13,cust_0000003361
inst_0000003896,2026-03-11,cust_0000003362
inst_0000003897,2026-04-16,cust_0000003363
inst_0000003898,2024-06-17,cust_0000003364
inst_0000003899,2024-05-03,cust_0000003365
inst_0000003900,2025-08-20,cust_0000003366
inst_0000003901,2025-11-03,cust_0000003367
inst_0000003902,2026-04-29,cust_0000003368
inst_0000003903,2026-04-29,cust_0000003368
inst_0000003904,2025-01-29,cust_0000003369
inst_0000003905,2026-03-20,cust_0000003370
inst_0000003906,2026-04-17,cust_0000003371
inst_0000003907,2024-03-27,cust_0000003372
inst_0000003908,2025-09-01,cust_0000003373
inst_0000003909,2025-10-01,cust_0000003374
inst_0000003910,2025-08-25,cust_0000003375
inst_0000003911,2025-08-25,cust_0000003375
inst_0000003912,2025-08-19,cust_0000003376
inst_0000003913,2024-12-29,cust_0000003377
inst_0000003914,2023-12-15,cust_0000003378
inst_0000003915,2024-11-11,cust_0000003379
inst_0000003916,2025-03-01,cust_0000003380
inst_0000003917,2024-05-07,cust_0000003381
inst_0000003918,2024-01-26,cust_0000003382
inst_0000003919,2024-10-21,cust_0000003383
inst_0000003920,2024-01-07,cust_0000003384
inst_0000003921,2025-10-14,cust_0000003385
inst_0000003922,2024-07-25,cust_0000003386
inst_0000003923,2025-11-25,cust_0000003387
inst_0000003924,2024-01-09,cust_0000003388
inst_0000003925,2025-02-18,cust_0000003389
inst_0000003926,2024-02-23,cust_0000003390
inst_0000003927,2024-02-23,cust_0000003390
inst_0000003928,2024-11-19,cust_0000003391
inst_0000003929,2024-12-21,cust_0000003392
inst_0000003930,2025-12-27,cust_0000003393
inst_0000003931,2025-03-18,cust_0000003394
inst_0000003932,2025-10-02,cust_0000003395
inst_0000003933,2025-01-07,cust_0000003396
inst_0000003934,2024-03-12,cust_0000003397
inst_0000003935,2025-11-12,cust_0000003398
inst_0000003936,2024-02-01,cust_0000003399
inst_0000003937,2025-04-14,cust_0000003400
inst_0000003938,2026-04-13,cust_0000003401
inst_0000003939,2026-04-13,cust_0000003401
inst_0000003940,2026-04-25,cust_0000003402
inst_0000003941,2026-04-25,cust_0000003402
inst_0000003942,2025-06-22,cust_0000003403
inst_0000003943,2025-01-26,cust_0000003404
inst_0000003944,2026-01-01,cust_0000003405
inst_0000003945,2024-01-16,cust_0000003406
inst_0000003946,2026-03-26,cust_0000003407
inst_0000003947,2025-10-22,cust_0000003408
inst_0000003948,2025-10-22,cust_0000003408
inst_0000003949,2024-10-05,cust_0000003409
inst_0000003950,2026-03-10,cust_0000003410
inst_0000003951,2026-03-19,cust_0000003411
inst_0000003952,2025-03-27,cust_0000003412
inst_0000003953,2025-10-21,cust_0000003413
inst_0000003954,2025-09-26,cust_0000003414
inst_0000003955,2024-10-20,cust_0000003415
inst_0000003956,2024-10-20,cust_0000003415
inst_0000003957,2024-01-22,cust_0000003416
inst_0000003958,2024-09-13,cust_0000003417
inst_0000003959,2026-02-17,cust_0000003418
inst_0000003960,2025-11-13,cust_0000003419
inst_0000003961,2024-05-19,cust_0000003420
inst_0000003962,2024-03-06,cust_0000003421
inst_0000003963,2025-10-10,cust_0000003422
inst_0000003964,2026-04-28,cust_0000003423
inst_0000003965,2026-03-01,cust_0000003424
inst_0000003966,2025-05-26,cust_0000003425
inst_0000003967,2026-01-09,cust_0000003426
inst_0000003968,2026-03-14,cust_0000003427
inst_0000003969,2024-01-10,cust_0000003428
inst_0000003970,2025-09-29,cust_0000003429
inst_0000003971,2025-08-14,cust_0000003430
inst_0000003972,2024-01-01,cust_0000003431
inst_0000003973,2025-08-14,cust_0000003432
inst_0000003974,2025-08-14,cust_0000003432
inst_0000003975,2025-03-01,cust_0000003433
inst_0000003976,2025-07-29,cust_0000003434
inst_0000003977,2023-12-21,cust_0000003435
inst_0000003978,2025-03-01,cust_0000003436
inst_0000003979,2024-09-10,cust_0000003437
inst_0000003980,2026-02-18,cust_0000003438
inst_0000003981,2026-02-18,cust_0000003438
inst_0000003982,2023-12-27,cust_0000003439
inst_0000003983,2025-03-18,cust_0000003440
inst_0000003984,2024-09-25,cust_0000003441
inst_0000003985,2024-09-25,cust_0000003441
inst_0000003986,2025-11-20,cust_0000003442
inst_0000003987,2024-06-26,cust_0000003443
inst_0000003988,2024-06-26,cust_0000003443
inst_0000003989,2024-08-01,cust_0000003444
inst_0000003990,2025-09-21,cust_0000003445
inst_0000003991,2024-06-20,cust_0000003446
inst_0000003992,2026-04-23,cust_0000003447
inst_0000003993,2024-12-11,cust_0000003448
inst_0000003994,2025-06-25,cust_0000003449
inst_0000003995,2025-04-28,cust_0000003450
inst_0000003996,2025-04-28,cust_0000003450
inst_0000003997,2025-11-01,cust_0000003451
inst_0000003998,2026-01-02,cust_0000003452
inst_0000003999,2026-03-30,cust_0000003453
inst_0000004000,2024-11-14,cust_0000003454
inst_0000004001,2024-06-17,cust_0000003455
inst_0000004002,2024-09-05,cust_0000003456
inst_0000004003,2026-03-15,cust_0000003457
inst_0000004004,2025-03-28,cust_0000003458
inst_0000004005,2025-03-28,cust_0000003458
inst_0000004006,2024-08-07,cust_0000003459
inst_0000004007,2025-04-14,cust_0000003460
inst_0000004008,2025-06-24,cust_0000003461
inst_0000004009,2026-01-26,cust_0000003462
inst_0000004010,2025-06-07,cust_0000003463
inst_0000004011,2026-02-26,cust_0000003464
inst_0000004012,2025-07-15,cust_0000003465
inst_0000004013,2025-05-16,cust_0000003466
inst_0000004014,2025-12-05,cust_0000003467
inst_0000004015,2024-08-04,cust_0000003468
inst_0000004016,2024-04-17,cust_0000003469
inst_0000004017,2025-02-04,cust_0000003470
inst_0000004018,2024-06-15,cust_0000003471
inst_0000004019,2024-03-29,cust_0000003472
inst_0000004020,2025-12-09,cust_0000003473
inst_0000004021,2024-02-29,cust_0000003474
inst_0000004022,2024-02-29,cust_0000003474
inst_0000004023,2025-09-10,cust_0000003475
inst_0000004024,2025-09-10,cust_0000003475
inst_0000004025,2024-07-25,cust_0000003476
inst_0000004026,2024-07-25,cust_0000003476
inst_0000004027,2023-12-28,cust_0000003477
inst_0000004028,2023-12-28,cust_0000003477
inst_0000004029,2024-01-26,cust_0000003478
inst_0000004030,2024-01-26,cust_0000003478
inst_0000004031,2024-09-19,cust_0000003479
inst_0000004032,2026-03-06,cust_0000003480
inst_0000004033,2024-06-07,cust_0000003481
inst_0000004034,2025-08-17,cust_0000003482
inst_0000004035,2024-01-20,cust_0000003483
inst_0000004036,2026-01-04,cust_0000003484
inst_0000004037,2024-10-06,cust_0000003485
inst_0000004038,2024-06-03,cust_0000003486
inst_0000004039,2025-07-19,cust_0000003487
inst_0000004040,2025-06-09,cust_0000003488
inst_0000004041,2024-11-26,cust_0000003489
inst_0000004042,2025-12-13,cust_0000003490
inst_0000004043,2026-01-11,cust_0000003491
inst_0000004044,2025-11-08,cust_0000003492
inst_0000004045,2025-11-08,cust_0000003492
inst_0000004046,2024-06-15,cust_0000003493
inst_0000004047,2023-12-17,cust_0000003494
inst_0000004048,2023-12-17,cust_0000003494
inst_0000004049,2024-12-08,cust_0000003495
inst_0000004050,2025-06-30,cust_0000003496
inst_0000004051,2024-06-12,cust_0000003497
inst_0000004052,2026-03-13,cust_0000003498
inst_0000004053,2024-10-23,cust_0000003499
inst_0000004054,2024-10-23,cust_0000003499
inst_0000004055,2024-12-08,cust_0000003500
inst_0000004056,2024-01-21,cust_0000003501
inst_0000004057,2026-04-18,cust_0000003502
inst_0000004058,2026-02-13,cust_0000003503
inst_0000004059,2025-07-04,cust_0000003504
inst_0000004060,2024-08-04,cust_0000003505
inst_0000004061,2026-04-16,cust_0000003506
inst_0000004062,2025-12-25,cust_0000003507
inst_0000004063,2026-04-16,cust_0000003508
inst_0000004064,2024-12-04,cust_0000003509
inst_0000004065,2025-09-06,cust_0000003510
inst_0000004066,2026-01-05,cust_0000003511
inst_0000004067,2024-11-23,cust_0000003512
inst_0000004068,2024-01-21,cust_0000003513
inst_0000004069,2024-12-31,cust_0000003514
inst_0000004070,2024-12-31,cust_0000003514
inst_0000004071,2024-04-20,cust_0000003515
inst_0000004072,2025-02-16,cust_0000003516
inst_0000004073,2025-05-14,cust_0000003517
inst_0000004074,2024-07-07,cust_0000003518
inst_0000004075,2024-06-28,cust_0000003519
inst_0000004076,2024-01-03,cust_0000003520
inst_0000004077,2025-12-04,cust_0000003521
inst_0000004078,2025-09-03,cust_0000003522
inst_0000004079,2026-04-11,cust_0000003523
inst_0000004080,2025-09-13,cust_0000003524
inst_0000004081,2025-09-13,cust_0000003524
inst_0000004082,2026-04-01,cust_0000003525
inst_0000004083,2024-08-28,cust_0000003526
inst_0000004084,2025-05-25,cust_0000003527
inst_0000004085,2025-05-25,cust_0000003527
inst_0000004086,2024-12-29,cust_0000003528
inst_0000004087,2025-12-01,cust_0000003529
inst_0000004088,2025-11-30,cust_0000003530
inst_0000004089,2024-01-29,cust_0000003531
inst_0000004090,2026-02-22,cust_0000003532
inst_0000004091,2025-10-10,cust_0000003533
inst_0000004092,2025-09-12,cust_0000003534
inst_0000004093,2025-04-22,cust_0000003535
inst_0000004094,2024-02-02,cust_0000003536
inst_0000004095,2024-07-21,cust_0000003537
inst_0000004096,2025-09-04,cust_0000003538
inst_0000004097,2025-04-14,cust_0000003539
inst_0000004098,2024-08-11,cust_0000003540
inst_0000004099,2025-07-01,cust_0000003541
inst_0000004100,2026-04-20,cust_0000003542
inst_0000004101,2024-05-28,cust_0000003543
inst_0000004102,2024-04-12,cust_0000003544
inst_0000004103,2024-02-10,cust_0000003545
inst_0000004104,2025-09-15,cust_0000003546
inst_0000004105,2024-09-05,cust_0000003547
inst_0000004106,2025-05-31,cust_0000003548
inst_0000004107,2025-08-19,cust_0000003549
inst_0000004108,2025-11-30,cust_0000003550
inst_0000004109,2025-11-30,cust_0000003550
inst_0000004110,2025-06-13,cust_0000003551
inst_0000004111,2024-12-26,cust_0000003552
inst_0000004112,2025-10-02,cust_0000003553
inst_0000004113,2025-03-09,cust_0000003554
inst_0000004114,2025-12-08,cust_0000003555
inst_0000004115,2024-08-13,cust_0000003556
inst_0000004116,2024-04-09,cust_0000003557
inst_0000004117,2024-04-26,cust_0000003558
inst_0000004118,2026-02-23,cust_0000003559
inst_0000004119,2024-08-13,cust_0000003560
inst_0000004120,2025-01-24,cust_0000003561
inst_0000004121,2024-02-02,cust_0000003562
inst_0000004122,2024-07-20,cust_0000003563
inst_0000004123,2026-03-02,cust_0000003564
inst_0000004124,2024-03-26,cust_0000003565
inst_0000004125,2024-06-17,cust_0000003566
inst_0000004126,2024-02-10,cust_0000003567
inst_0000004127,2026-01-28,cust_0000003568
inst_0000004128,2024-04-02,cust_0000003569
inst_0000004129,2025-02-27,cust_0000003570
inst_0000004130,2024-08-27,cust_0000003571
inst_0000004131,2024-04-11,cust_0000003572
inst_0000004132,2025-04-07,cust_0000003573
inst_0000004133,2026-03-09,cust_0000003574
inst_0000004134,2024-04-28,cust_0000003575
inst_0000004135,2024-11-06,cust_0000003576
inst_0000004136,2025-08-12,cust_0000003577
inst_0000004137,2025-04-20,cust_0000003578
inst_0000004138,2025-02-01,cust_0000003579
inst_0000004139,2024-02-14,cust_0000003580
inst_0000004140,2025-07-14,cust_0000003581
inst_0000004141,2026-02-11,cust_0000003582
inst_0000004142,2025-08-24,cust_0000003583
inst_0000004143,2024-04-01,cust_0000003584
inst_0000004144,2026-01-26,cust_0000003585
inst_0000004145,2024-08-27,cust_0000003586
inst_0000004146,2026-03-06,cust_0000003587
inst_0000004147,2026-03-06,cust_0000003587
inst_0000004148,2025-04-04,cust_0000003588
inst_0000004149,2026-02-14,cust_0000003589
inst_0000004150,2025-02-08,cust_0000003590
inst_0000004151,2024-02-15,cust_0000003591
inst_0000004152,2025-11-16,cust_0000003592
inst_0000004153,2024-04-17,cust_0000003593
inst_0000004154,2025-11-26,cust_0000003594
inst_0000004155,2024-11-24,cust_0000003595
inst_0000004156,2024-08-19,cust_0000003596
inst_0000004157,2025-10-26,cust_0000003597
inst_0000004158,2026-01-10,cust_0000003598
inst_0000004159,2026-01-12,cust_0000003599
inst_0000004160,2024-07-21,cust_0000003600
inst_0000004161,2025-03-22,cust_0000003601
inst_0000004162,2025-03-22,cust_0000003601
inst_0000004163,2024-03-14,cust_0000003602
inst_0000004164,2026-02-11,cust_0000003603
inst_0000004165,2026-04-09,cust_0000003604
inst_0000004166,2026-04-09,cust_0000003604
inst_0000004167,2024-10-03,cust_0000003605
inst_0000004168,2026-02-19,cust_0000003606
inst_0000004169,2025-03-27,cust_0000003607
inst_0000004170,2025-09-10,cust_0000003608
inst_0000004171,2025-02-04,cust_0000003609
inst_0000004172,2025-02-04,cust_0000003609
inst_0000004173,2024-12-19,cust_0000003610
inst_0000004174,2025-11-08,cust_0000003611
inst_0000004175,2024-03-02,cust_0000003612
inst_0000004176,2024-03-02,cust_0000003612
inst_0000004177,2025-06-19,cust_0000003613
inst_0000004178,2025-06-19,cust_0000003613
inst_0000004179,2026-03-07,cust_0000003614
inst_0000004180,2025-12-18,cust_0000003615
inst_0000004181,2024-05-22,cust_0000003616
inst_0000004182,2024-01-18,cust_0000003617
inst_0000004183,2025-12-28,cust_0000003618
inst_0000004184,2025-09-21,cust_0000003619
inst_0000004185,2025-11-01,cust_0000003620
inst_0000004186,2025-11-01,cust_0000003620
inst_0000004187,2024-08-02,cust_0000003621
inst_0000004188,2026-04-03,cust_0000003622
inst_0000004189,2026-04-03,cust_0000003622
inst_0000004190,2025-02-25,cust_0000003623
inst_0000004191,2025-02-25,cust_0000003623
inst_0000004192,2024-02-03,cust_0000003624
inst_0000004193,2024-02-03,cust_0000003624
inst_0000004194,2024-02-01,cust_0000003625
inst_0000004195,2024-02-01,cust_0000003625
inst_0000004196,2025-01-13,cust_0000003626
inst_0000004197,2025-10-07,cust_0000003627
inst_0000004198,2025-10-25,cust_0000003628
inst_0000004199,2025-07-02,cust_0000003629
inst_0000004200,2025-07-02,cust_0000003629
inst_0000004201,2024-08-05,cust_0000003630
inst_0000004202,2025-03-27,cust_0000003631
inst_0000004203,2025-11-01,cust_0000003632
inst_0000004204,2024-04-09,cust_0000003633
inst_0000004205,2025-05-28,cust_0000003634
inst_0000004206,2024-11-16,cust_0000003635
inst_0000004207,2025-09-02,cust_0000003636
inst_0000004208,2026-04-11,cust_0000003637
inst_0000004209,2024-01-16,cust_0000003638
inst_0000004210,2025-02-26,cust_0000003639
inst_0000004211,2025-04-02,cust_0000003640
inst_0000004212,2025-05-19,cust_0000003641
inst_0000004213,2026-01-11,cust_0000003642
inst_0000004214,2026-01-11,cust_0000003642
inst_0000004215,2024-11-19,cust_0000003643
inst_0000004216,2024-11-15,cust_0000003644
inst_0000004217,2025-02-04,cust_0000003645
inst_0000004218,2025-02-04,cust_0000003645
inst_0000004219,2025-10-24,cust_0000003646
inst_0000004220,2025-10-01,cust_0000003647
inst_0000004221,2025-03-20,cust_0000003648
inst_0000004222,2025-04-09,cust_0000003649
inst_0000004223,2024-06-26,cust_0000003650
inst_0000004224,2025-05-05,cust_0000003651
inst_0000004225,2026-04-24,cust_0000003652
inst_0000004226,2026-01-05,cust_0000003653
inst_0000004227,2024-06-09,cust_0000003654
inst_0000004228,2023-12-21,cust_0000003655
inst_0000004229,2026-01-03,cust_0000003656
inst_0000004230,2026-01-03,cust_0000003656
inst_0000004231,2025-07-16,cust_0000003657
inst_0000004232,2024-01-01,cust_0000003658
inst_0000004233,2024-06-27,cust_0000003659
inst_0000004234,2024-02-14,cust_0000003660
inst_0000004235,2024-11-29,cust_0000003661
inst_0000004236,2024-11-29,cust_0000003661
inst_0000004237,2025-10-02,cust_0000003662
inst_0000004238,2024-09-15,cust_0000003663
inst_0000004239,2026-04-27,cust_0000003664
inst_0000004240,2026-04-07,cust_0000003665
inst_0000004241,2025-11-19,cust_0000003666
inst_0000004242,2025-06-19,cust_0000003667
inst_0000004243,2025-10-14,cust_0000003668
inst_0000004244,2024-08-27,cust_0000003669
inst_0000004245,2025-11-14,cust_0000003670
inst_0000004246,2024-03-10,cust_0000003671
inst_0000004247,2025-05-16,cust_0000003672
inst_0000004248,2025-05-16,cust_0000003672
inst_0000004249,2024-08-27,cust_0000003673
inst_0000004250,2025-12-03,cust_0000003674
inst_0000004251,2024-04-20,cust_0000003675
inst_0000004252,2025-09-27,cust_0000003676
inst_0000004253,2025-09-27,cust_0000003676
inst_0000004254,2024-02-21,cust_0000003677
inst_0000004255,2024-02-21,cust_0000003677
inst_0000004256,2026-04-16,cust_0000003678
inst_0000004257,2026-03-23,cust_0000003679
inst_0000004258,2025-01-02,cust_0000003680
inst_0000004259,2025-03-14,cust_0000003681
inst_0000004260,2025-11-18,cust_0000003682
inst_0000004261,2024-12-31,cust_0000003683
inst_0000004262,2024-02-08,cust_0000003684
inst_0000004263,2024-08-29,cust_0000003685
inst_0000004264,2025-01-25,cust_0000003686
inst_0000004265,2024-02-10,cust_0000003687
inst_0000004266,2025-08-21,cust_0000003688
inst_0000004267,2025-08-21,cust_0000003688
inst_0000004268,2025-10-01,cust_0000003689
inst_0000004269,2024-06-21,cust_0000003690
inst_0000004270,2024-02-15,cust_0000003691
inst_0000004271,2024-07-10,cust_0000003692
inst_0000004272,2025-09-23,cust_0000003693
inst_0000004273,2025-10-25,cust_0000003694
inst_0000004274,2025-07-13,cust_0000003695
inst_0000004275,2026-01-12,cust_0000003696
inst_0000004276,2026-01-04,cust_0000003697
inst_0000004277,2024-07-22,cust_0000003698
inst_0000004278,2026-03-12,cust_0000003699
inst_0000004279,2026-03-22,cust_0000003700
inst_0000004280,2025-06-07,cust_0000003701
inst_0000004281,2025-06-07,cust_0000003701
inst_0000004282,2025-12-12,cust_0000003702
inst_0000004283,2025-01-11,cust_0000003703
inst_0000004284,2025-01-11,cust_0000003703
inst_0000004285,2025-11-26,cust_0000003704
inst_0000004286,2024-05-05,cust_0000003705
inst_0000004287,2026-04-20,cust_0000003706
inst_0000004288,2024-05-07,cust_0000003707
inst_0000004289,2026-03-08,cust_0000003708
inst_0000004290,2025-07-05,cust_0000003709
inst_0000004291,2025-12-06,cust_0000003710
inst_0000004292,2024-10-15,cust_0000003711
inst_0000004293,2024-10-15,cust_0000003711
inst_0000004294,2024-07-28,cust_0000003712
inst_0000004295,2024-07-28,cust_0000003712
inst_0000004296,2024-10-31,cust_0000003713
inst_0000004297,2026-04-02,cust_0000003714
inst_0000004298,2024-05-22,cust_0000003715
inst_0000004299,2025-11-04,cust_0000003716
inst_0000004300,2024-09-03,cust_0000003717
inst_0000004301,2024-04-14,cust_0000003718
inst_0000004302,2025-12-02,cust_0000003719
inst_0000004303,2025-12-02,cust_0000003719
inst_0000004304,2024-04-21,cust_0000003720
inst_0000004305,2025-03-01,cust_0000003721
inst_0000004306,2024-07-21,cust_0000003722
inst_0000004307,2024-05-21,cust_0000003723
inst_0000004308,2025-06-29,cust_0000003724
inst_0000004309,2025-01-07,cust_0000003725
inst_0000004310,2025-11-07,cust_0000003726
inst_0000004311,2024-04-11,cust_0000003727
inst_0000004312,2025-11-21,cust_0000003728
inst_0000004313,2025-01-31,cust_0000003729
inst_0000004314,2025-08-12,cust_0000003730
inst_0000004315,2026-01-12,cust_0000003731
inst_0000004316,2024-10-02,cust_0000003732
inst_0000004317,2025-09-30,cust_0000003733
inst_0000004318,2025-09-30,cust_0000003733
inst_0000004319,2025-04-12,cust_0000003734
inst_0000004320,2025-04-12,cust_0000003734
inst_0000004321,2024-01-05,cust_0000003735
inst_0000004322,2025-07-10,cust_0000003736
inst_0000004323,2024-11-23,cust_0000003737
inst_0000004324,2025-10-03,cust_0000003738
inst_0000004325,2024-05-07,cust_0000003739
inst_0000004326,2024-07-09,cust_0000003740
inst_0000004327,2024-06-30,cust_0000003741
inst_0000004328,2025-01-21,cust_0000003742
inst_0000004329,2025-11-29,cust_0000003743
inst_0000004330,2025-02-01,cust_0000003744
inst_0000004331,2024-08-22,cust_0000003745
inst_0000004332,2024-09-18,cust_0000003746
inst_0000004333,2024-09-18,cust_0000003746
inst_0000004334,2025-07-04,cust_0000003747
inst_0000004335,2024-11-21,cust_0000003748
inst_0000004336,2025-01-24,cust_0000003749
inst_0000004337,2026-04-01,cust_0000003750
inst_0000004338,2024-01-07,cust_0000003751
inst_0000004339,2024-01-07,cust_0000003751
inst_0000004340,2026-01-27,cust_0000003752
inst_0000004341,2026-01-27,cust_0000003752
inst_0000004342,2024-01-05,cust_0000003753
inst_0000004343,2024-05-10,cust_0000003754
inst_0000004344,2025-10-18,cust_0000003755
inst_0000004345,2025-12-17,cust_0000003756
inst_0000004346,2025-06-19,cust_0000003757
inst_0000004347,2024-03-20,cust_0000003758
inst_0000004348,2024-08-15,cust_0000003759
inst_0000004349,2024-01-29,cust_0000003760
inst_0000004350,2024-07-20,cust_0000003761
inst_0000004351,2026-02-20,cust_0000003762
inst_0000004352,2024-03-06,cust_0000003763
inst_0000004353,2025-12-22,cust_0000003764
inst_0000004354,2026-02-20,cust_0000003765
inst_0000004355,2024-11-17,cust_0000003766
inst_0000004356,2025-10-30,cust_0000003767
inst_0000004357,2025-10-30,cust_0000003767
inst_0000004358,2024-12-12,cust_0000003768
inst_0000004359,2024-12-14,cust_0000003769
inst_0000004360,2024-09-08,cust_0000003770
inst_0000004361,2026-02-28,cust_0000003771
inst_0000004362,2026-01-06,cust_0000003772
inst_0000004363,2025-11-30,cust_0000003773
inst_0000004364,2025-05-14,cust_0000003774
inst_0000004365,2026-01-03,cust_0000003775
inst_0000004366,2024-04-18,cust_0000003776
inst_0000004367,2026-02-17,cust_0000003777
inst_0000004368,2026-03-31,cust_0000003778
inst_0000004369,2025-09-16,cust_0000003779
inst_0000004370,2025-02-23,cust_0000003780
inst_0000004371,2024-02-24,cust_0000003781
inst_0000004372,2025-08-18,cust_0000003782
inst_0000004373,2025-08-18,cust_0000003782
inst_0000004374,2026-02-14,cust_0000003783
inst_0000004375,2025-09-03,cust_0000003784
inst_0000004376,2024-11-28,cust_0000003785
inst_0000004377,2024-03-14,cust_0000003786
inst_0000004378,2025-12-25,cust_0000003787
inst_0000004379,2025-12-10,cust_0000003788
inst_0000004380,2025-12-26,cust_0000003789
inst_0000004381,2025-08-28,cust_0000003790
inst_0000004382,2024-09-23,cust_0000003791
inst_0000004383,2025-01-23,cust_0000003792
inst_0000004384,2025-01-23,cust_0000003792
inst_0000004385,2024-10-11,cust_0000003793
inst_0000004386,2024-09-24,cust_0000003794
inst_0000004387,2024-09-24,cust_0000003794
inst_0000004388,2024-10-29,cust_0000003795
inst_0000004389,2025-05-21,cust_0000003796
inst_0000004390,2025-05-21,cust_0000003796
inst_0000004391,2026-03-18,cust_0000003797
inst_0000004392,2025-12-16,cust_0000003798
inst_0000004393,2026-02-27,cust_0000003799
inst_0000004394,2026-02-27,cust_0000003799
inst_0000004395,2024-01-18,cust_0000003800
inst_0000004396,2024-05-28,cust_0000003801
inst_0000004397,2025-11-10,cust_0000003802
inst_0000004398,2026-01-03,cust_0000003803
inst_0000004399,2026-01-03,cust_0000003803
inst_0000004400,2026-02-01,cust_0000003804
inst_0000004401,2025-02-27,cust_0000003805
inst_0000004402,2024-09-14,cust_0000003806
inst_0000004403,2025-01-27,cust_0000003807
inst_0000004404,2023-12-30,cust_0000003808
inst_0000004405,2024-02-01,cust_0000003809
inst_0000004406,2024-12-09,cust_0000003810
inst_0000004407,2024-12-09,cust_0000003810
inst_0000004408,2024-02-02,cust_0000003811
inst_0000004409,2025-04-26,cust_0000003812
inst_0000004410,2025-04-17,cust_0000003813
inst_0000004411,2024-02-21,cust_0000003814
inst_0000004412,2024-08-03,cust_0000003815
inst_0000004413,2024-07-21,cust_0000003816
inst_0000004414,2025-10-19,cust_0000003817
inst_0000004415,2025-04-10,cust_0000003818
inst_0000004416,2024-01-11,cust_0000003819
inst_0000004417,2025-07-19,cust_0000003820
inst_0000004418,2024-12-22,cust_0000003821
inst_0000004419,2024-06-13,cust_0000003822
inst_0000004420,2025-12-26,cust_0000003823
inst_0000004421,2024-03-14,cust_0000003824
inst_0000004422,2025-04-25,cust_0000003825
inst_0000004423,2026-03-15,cust_0000003826
inst_0000004424,2024-06-05,cust_0000003827
inst_0000004425,2026-04-15,cust_0000003828
inst_0000004426,2025-04-27,cust_0000003829
inst_0000004427,2025-01-17,cust_0000003830
inst_0000004428,2024-07-11,cust_0000003831
inst_0000004429,2025-01-28,cust_0000003832
inst_0000004430,2024-01-13,cust_0000003833
inst_0000004431,2025-01-12,cust_0000003834
inst_0000004432,2024-02-15,cust_0000003835
inst_0000004433,2025-01-04,cust_0000003836
inst_0000004434,2024-08-31,cust_0000003837
inst_0000004435,2025-01-16,cust_0000003838
inst_0000004436,2024-01-20,cust_0000003839
inst_0000004437,2024-03-06,cust_0000003840
inst_0000004438,2024-03-06,cust_0000003840
inst_0000004439,2024-04-12,cust_0000003841
inst_0000004440,2024-04-12,cust_0000003841
inst_0000004441,2026-03-13,cust_0000003842
inst_0000004442,2024-07-31,cust_0000003843
inst_0000004443,2025-07-03,cust_0000003844
inst_0000004444,2025-04-28,cust_0000003845
inst_0000004445,2025-04-28,cust_0000003845
inst_0000004446,2025-07-03,cust_0000003846
inst_0000004447,2024-01-03,cust_0000003847
inst_0000004448,2025-07-28,cust_0000003848
inst_0000004449,2025-07-28,cust_0000003848
inst_0000004450,2024-02-18,cust_0000003849
inst_0000004451,2024-02-18,cust_0000003849
inst_0000004452,2024-12-16,cust_0000003850
inst_0000004453,2024-04-15,cust_0000003851
inst_0000004454,2024-10-13,cust_0000003852
inst_0000004455,2026-02-16,cust_0000003853
inst_0000004456,2026-02-16,cust_0000003853
inst_0000004457,2026-03-11,cust_0000003854
inst_0000004458,2025-03-09,cust_0000003855
inst_0000004459,2024-03-03,cust_0000003856
inst_0000004460,2025-09-26,cust_0000003857
inst_0000004461,2024-08-29,cust_0000003858
inst_0000004462,2023-12-20,cust_0000003859
inst_0000004463,2024-10-25,cust_0000003860
inst_0000004464,2025-11-27,cust_0000003861
inst_0000004465,2025-08-24,cust_0000003862
inst_0000004466,2025-08-24,cust_0000003862
inst_0000004467,2024-12-17,cust_0000003863
inst_0000004468,2024-12-17,cust_0000003863
inst_0000004469,2026-03-30,cust_0000003864
inst_0000004470,2024-03-16,cust_0000003865
inst_0000004471,2025-10-06,cust_0000003866
inst_0000004472,2025-07-27,cust_0000003867
inst_0000004473,2024-10-29,cust_0000003868
inst_0000004474,2026-02-25,cust_0000003869
inst_0000004475,2025-02-28,cust_0000003870
inst_0000004476,2025-08-22,cust_0000003871
inst_0000004477,2024-01-06,cust_0000003872
inst_0000004478,2024-01-06,cust_0000003872
inst_0000004479,2024-09-06,cust_0000003873
inst_0000004480,2024-12-26,cust_0000003874
inst_0000004481,2025-01-14,cust_0000003875
inst_0000004482,2025-01-14,cust_0000003875
inst_0000004483,2025-05-10,cust_0000003876
inst_0000004484,2024-09-06,cust_0000003877
inst_0000004485,2024-07-14,cust_0000003878
inst_0000004486,2025-10-20,cust_0000003879
inst_0000004487,2025-10-20,cust_0000003879
inst_0000004488,2025-04-15,cust_0000003880
inst_0000004489,2025-10-26,cust_0000003881
inst_0000004490,2024-05-07,cust_0000003882
inst_0000004491,2026-03-24,cust_0000003883
inst_0000004492,2024-06-02,cust_0000003884
inst_0000004493,2024-06-02,cust_0000003884
inst_0000004494,2026-03-13,cust_0000003885
inst_0000004495,2025-01-18,cust_0000003886
inst_0000004496,2024-08-04,cust_0000003887
inst_0000004497,2025-02-20,cust_0000003888
inst_0000004498,2025-02-20,cust_0000003888
inst_0000004499,2025-04-14,cust_0000003889
inst_0000004500,2025-04-20,cust_0000003890
inst_0000004501,2026-03-15,cust_0000003891
inst_0000004502,2025-11-10,cust_0000003892
inst_0000004503,2025-05-20,cust_0000003893
inst_0000004504,2024-02-08,cust_0000003894
inst_0000004505,2025-04-07,cust_0000003895
inst_0000004506,2024-04-25,cust_0000003896
inst_0000004507,2024-06-11,cust_0000003897
inst_0000004508,2024-01-23,cust_0000003898
inst_0000004509,2026-04-25,cust_0000003899
inst_0000004510,2026-02-27,cust_0000003900
inst_0000004511,2024-12-01,cust_0000003901
inst_0000004512,2023-12-18,cust_0000003902
inst_0000004513,2025-01-06,cust_0000003903
inst_0000004514,2025-05-31,cust_0000003904
inst_0000004515,2025-09-23,cust_0000003905
inst_0000004516,2024-07-17,cust_0000003906
inst_0000004517,2026-02-09,cust_0000003907
inst_0000004518,2025-07-02,cust_0000003908
inst_0000004519,2025-12-20,cust_0000003909
inst_0000004520,2025-12-20,cust_0000003909
inst_0000004521,2025-04-29,cust_0000003910
inst_0000004522,2025-04-29,cust_0000003911
inst_0000004523,2025-04-29,cust_0000003911
inst_0000004524,2025-07-19,cust_0000003912
inst_0000004525,2026-03-25,cust_0000003913
inst_0000004526,2025-09-20,cust_0000003914
inst_0000004527,2025-06-25,cust_0000003915
inst_0000004528,2025-02-01,cust_0000003916
inst_0000004529,2025-10-08,cust_0000003917
inst_0000004530,2024-11-27,cust_0000003918
inst_0000004531,2024-06-28,cust_0000003919
inst_0000004532,2024-06-28,cust_0000003919
inst_0000004533,2025-12-18,cust_0000003920
inst_0000004534,2026-04-23,cust_0000003921
inst_0000004535,2024-02-10,cust_0000003922
inst_0000004536,2024-06-08,cust_0000003923
inst_0000004537,2026-02-10,cust_0000003924
inst_0000004538,2024-08-21,cust_0000003925
inst_0000004539,2024-08-21,cust_0000003925
inst_0000004540,2026-04-30,cust_0000003926
inst_0000004541,2024-06-16,cust_0000003927
inst_0000004542,2025-06-16,cust_0000003928
inst_0000004543,2024-03-19,cust_0000003929
inst_0000004544,2024-03-19,cust_0000003929
inst_0000004545,2025-03-30,cust_0000003930
inst_0000004546,2025-05-08,cust_0000003931
inst_0000004547,2025-02-28,cust_0000003932
inst_0000004548,2024-12-01,cust_0000003933
inst_0000004549,2025-12-19,cust_0000003934
inst_0000004550,2025-12-19,cust_0000003934
inst_0000004551,2026-04-03,cust_0000003935
inst_0000004552,2024-07-19,cust_0000003936
inst_0000004553,2025-02-22,cust_0000003937
inst_0000004554,2026-01-24,cust_0000003938
inst_0000004555,2025-09-07,cust_0000003939
inst_0000004556,2025-09-07,cust_0000003939
inst_0000004557,2024-11-10,cust_0000003940
inst_0000004558,2024-06-17,cust_0000003941
inst_0000004559,2024-06-17,cust_0000003941
inst_0000004560,2025-11-10,cust_0000003942
inst_0000004561,2025-10-05,cust_0000003943
inst_0000004562,2024-01-09,cust_0000003944
inst_0000004563,2024-05-24,cust_0000003945
inst_0000004564,2024-11-10,cust_0000003946
inst_0000004565,2026-01-06,cust_0000003947
inst_0000004566,2025-10-04,cust_0000003948
inst_0000004567,2025-10-04,cust_0000003948
inst_0000004568,2025-12-29,cust_0000003949
inst_0000004569,2024-12-27,cust_0000003950
inst_0000004570,2024-12-27,cust_0000003950
inst_0000004571,2024-11-09,cust_0000003951
inst_0000004572,2024-11-09,cust_0000003951
inst_0000004573,2024-04-07,cust_0000003952
inst_0000004574,2023-12-28,cust_0000003953
inst_0000004575,2024-02-14,cust_0000003954
inst_0000004576,2024-05-01,cust_0000003955
inst_0000004577,2025-05-03,cust_0000003956
inst_0000004578,2023-12-27,cust_0000003957
inst_0000004579,2024-07-15,cust_0000003958
inst_0000004580,2024-05-24,cust_0000003959
inst_0000004581,2025-05-22,cust_0000003960
inst_0000004582,2025-06-15,cust_0000003961
inst_0000004583,2024-01-17,cust_0000003962
inst_0000004584,2024-01-17,cust_0000003962
inst_0000004585,2025-12-10,cust_0000003963
inst_0000004586,2026-04-03,cust_0000003964
inst_0000004587,2025-11-07,cust_0000003965
inst_0000004588,2025-06-03,cust_0000003966
inst_0000004589,2024-01-01,cust_0000003967
inst_0000004590,2025-04-03,cust_0000003968
inst_0000004591,2026-03-25,cust_0000003969
inst_0000004592,2024-03-05,cust_0000003970
inst_0000004593,2024-06-12,cust_0000003971
inst_0000004594,2024-06-12,cust_0000003971
inst_0000004595,2024-09-16,cust_0000003972
inst_0000004596,2025-08-04,cust_0000003973
inst_0000004597,2026-05-02,cust_0000003974
inst_0000004598,2025-12-13,cust_0000003975
inst_0000004599,2025-01-23,cust_0000003976
inst_0000004600,2024-08-09,cust_0000003977
inst_0000004601,2025-01-21,cust_0000003978
inst_0000004602,2024-11-07,cust_0000003979
inst_0000004603,2024-01-16,cust_0000003980
inst_0000004604,2024-10-06,cust_0000003981
inst_0000004605,2024-08-20,cust_0000003982
inst_0000004606,2024-01-16,cust_0000003983
inst_0000004607,2024-10-28,cust_0000003984
inst_0000004608,2025-05-08,cust_0000003985
inst_0000004609,2024-10-06,cust_0000003986
inst_0000004610,2024-07-31,cust_0000003987
inst_0000004611,2026-02-10,cust_0000003988
inst_0000004612,2026-03-02,cust_0000003989
inst_0000004613,2026-03-02,cust_0000003989
inst_0000004614,2026-02-11,cust_0000003990
inst_0000004615,2025-10-23,cust_0000003991
inst_0000004616,2025-01-02,cust_0000003992
inst_0000004617,2024-06-05,cust_0000003993
inst_0000004618,2025-09-27,cust_0000003994
inst_0000004619,2024-08-16,cust_0000003995
inst_0000004620,2023-12-30,cust_0000003996
inst_0000004621,2024-01-21,cust_0000003997
inst_0000004622,2025-01-12,cust_0000003998
inst_0000004623,2025-12-12,cust_0000003999
inst_0000004624,2024-06-17,cust_0000004000
inst_0000004625,2024-06-17,cust_0000004000
inst_0000004626,2024-10-28,cust_0000004001
inst_0000004627,2024-07-18,cust_0000004002
inst_0000004628,2026-01-01,cust_0000004003
inst_0000004629,2024-07-08,cust_0000004004
inst_0000004630,2024-05-31,cust_0000004005
inst_0000004631,2024-07-03,cust_0000004006
inst_0000004632,2024-04-14,cust_0000004007
inst_0000004633,2025-04-17,cust_0000004008
inst_0000004634,2024-04-14,cust_0000004009
inst_0000004635,2024-10-15,cust_0000004010
inst_0000004636,2025-04-06,cust_0000004011
inst_0000004637,2025-02-02,cust_0000004012
inst_0000004638,2026-01-12,cust_0000004013
inst_0000004639,2025-08-22,cust_0000004014
inst_0000004640,2026-01-15,cust_0000004015
inst_0000004641,2024-07-01,cust_0000004016
inst_0000004642,2024-04-28,cust_0000004017
inst_0000004643,2024-04-28,cust_0000004017
inst_0000004644,2025-08-03,cust_0000004018
inst_0000004645,2026-03-23,cust_0000004019
inst_0000004646,2024-09-14,cust_0000004020
inst_0000004647,2025-02-05,cust_0000004021
inst_0000004648,2026-02-16,cust_0000004022
inst_0000004649,2024-09-21,cust_0000004023
inst_0000004650,2024-09-21,cust_0000004023
inst_0000004651,2025-08-21,cust_0000004024
inst_0000004652,2025-08-21,cust_0000004024
inst_0000004653,2025-07-01,cust_0000004025
inst_0000004654,2026-02-23,cust_0000004026
inst_0000004655,2024-07-24,cust_0000004027
inst_0000004656,2024-07-24,cust_0000004027
inst_0000004657,2025-06-28,cust_0000004028
inst_0000004658,2026-01-29,cust_0000004029
inst_0000004659,2026-01-29,cust_0000004029
inst_0000004660,2025-03-25,cust_0000004030
inst_0000004661,2025-12-26,cust_0000004031
inst_0000004662,2024-05-09,cust_0000004032
inst_0000004663,2025-10-23,cust_0000004033
inst_0000004664,2025-02-03,cust_0000004034
inst_0000004665,2025-02-03,cust_0000004034
inst_0000004666,2024-10-04,cust_0000004035
inst_0000004667,2024-04-19,cust_0000004036
inst_0000004668,2024-04-19,cust_0000004036
inst_0000004669,2026-03-25,cust_0000004037
inst_0000004670,2023-12-25,cust_0000004038
inst_0000004671,2025-10-24,cust_0000004039
inst_0000004672,2024-11-11,cust_0000004040
inst_0000004673,2024-11-11,cust_0000004040
inst_0000004674,2026-05-02,cust_0000004041
inst_0000004675,2026-05-02,cust_0000004041
inst_0000004676,2025-04-25,cust_0000004042
inst_0000004677,2024-05-29,cust_0000004043
inst_0000004678,2025-10-12,cust_0000004044
inst_0000004679,2024-08-30,cust_0000004045
inst_0000004680,2024-08-30,cust_0000004045
inst_0000004681,2025-04-30,cust_0000004046
inst_0000004682,2025-04-30,cust_0000004046
inst_0000004683,2025-06-25,cust_0000004047
inst_0000004684,2024-04-09,cust_0000004048
inst_0000004685,2024-08-28,cust_0000004049
inst_0000004686,2025-02-06,cust_0000004050
inst_0000004687,2025-02-06,cust_0000004050
inst_0000004688,2024-09-02,cust_0000004051
inst_0000004689,2024-11-13,cust_0000004052
inst_0000004690,2024-07-28,cust_0000004053
inst_0000004691,2024-11-20,cust_0000004054
inst_0000004692,2025-06-22,cust_0000004055
inst_0000004693,2025-06-22,cust_0000004055
inst_0000004694,2025-04-30,cust_0000004056
inst_0000004695,2024-06-22,cust_0000004057
inst_0000004696,2024-08-23,cust_0000004058
inst_0000004697,2026-04-30,cust_0000004059
inst_0000004698,2025-11-06,cust_0000004060
inst_0000004699,2026-03-22,cust_0000004061
inst_0000004700,2024-11-04,cust_0000004062
inst_0000004701,2023-12-30,cust_0000004063
inst_0000004702,2025-05-06,cust_0000004064
inst_0000004703,2024-03-21,cust_0000004065
inst_0000004704,2024-06-25,cust_0000004066
inst_0000004705,2024-01-13,cust_0000004067
inst_0000004706,2024-05-04,cust_0000004068
inst_0000004707,2025-03-17,cust_0000004069
inst_0000004708,2025-03-17,cust_0000004069
inst_0000004709,2024-12-08,cust_0000004070
inst_0000004710,2024-04-21,cust_0000004071
inst_0000004711,2025-04-15,cust_0000004072
inst_0000004712,2024-07-24,cust_0000004073
inst_0000004713,2024-05-09,cust_0000004074
inst_0000004714,2024-04-28,cust_0000004075
inst_0000004715,2024-11-24,cust_0000004076
inst_0000004716,2024-03-19,cust_0000004077
inst_0000004717,2025-01-28,cust_0000004078
inst_0000004718,2024-07-15,cust_0000004079
inst_0000004719,2024-05-22,cust_0000004080
inst_0000004720,2024-07-28,cust_0000004081
inst_0000004721,2024-04-07,cust_0000004082
inst_0000004722,2024-04-07,cust_0000004082
inst_0000004723,2024-11-17,cust_0000004083
inst_0000004724,2025-04-15,cust_0000004084
inst_0000004725,2026-01-15,cust_0000004085
inst_0000004726,2026-01-15,cust_0000004085
inst_0000004727,2026-03-13,cust_0000004086
inst_0000004728,2024-12-20,cust_0000004087
inst_0000004729,2024-12-20,cust_0000004087
inst_0000004730,2026-02-22,cust_0000004088
inst_0000004731,2025-02-14,cust_0000004089
inst_0000004732,2024-03-10,cust_0000004090
inst_0000004733,2025-10-20,cust_0000004091
inst_0000004734,2025-02-03,cust_0000004092
inst_0000004735,2025-02-03,cust_0000004092
inst_0000004736,2025-11-15,cust_0000004093
inst_0000004737,2024-07-11,cust_0000004094
inst_0000004738,2025-01-04,cust_0000004095
inst_0000004739,2024-10-13,cust_0000004096
inst_0000004740,2024-02-14,cust_0000004097
inst_0000004741,2025-04-08,cust_0000004098
inst_0000004742,2026-04-17,cust_0000004099
inst_0000004743,2024-01-09,cust_0000004100
inst_0000004744,2024-12-27,cust_0000004101
inst_0000004745,2025-04-07,cust_0000004102
inst_0000004746,2024-12-31,cust_0000004103
inst_0000004747,2025-01-14,cust_0000004104
inst_0000004748,2024-10-06,cust_0000004105
inst_0000004749,2025-04-20,cust_0000004106
inst_0000004750,2025-11-15,cust_0000004107
inst_0000004751,2024-07-05,cust_0000004108
inst_0000004752,2025-04-19,cust_0000004109
inst_0000004753,2024-10-23,cust_0000004110
inst_0000004754,2024-10-23,cust_0000004110
inst_0000004755,2026-01-26,cust_0000004111
inst_0000004756,2024-03-18,cust_0000004112
inst_0000004757,2025-09-23,cust_0000004113
inst_0000004758,2025-03-30,cust_0000004114
inst_0000004759,2026-04-14,cust_0000004115
inst_0000004760,2026-03-06,cust_0000004116
inst_0000004761,2024-11-25,cust_0000004117
inst_0000004762,2025-01-30,cust_0000004118
inst_0000004763,2024-12-17,cust_0000004119
inst_0000004764,2024-12-03,cust_0000004120
inst_0000004765,2025-05-23,cust_0000004121
inst_0000004766,2024-12-16,cust_0000004122
inst_0000004767,2025-02-16,cust_0000004123
inst_0000004768,2026-01-10,cust_0000004124
inst_0000004769,2024-09-25,cust_0000004125
inst_0000004770,2024-07-15,cust_0000004126
inst_0000004771,2026-01-09,cust_0000004127
inst_0000004772,2024-11-21,cust_0000004128
inst_0000004773,2026-02-19,cust_0000004129
inst_0000004774,2026-02-19,cust_0000004129
inst_0000004775,2024-01-10,cust_0000004130
inst_0000004776,2025-04-29,cust_0000004131
inst_0000004777,2025-04-16,cust_0000004132
inst_0000004778,2024-06-19,cust_0000004133
inst_0000004779,2025-08-16,cust_0000004134
inst_0000004780,2025-08-29,cust_0000004135
inst_0000004781,2025-01-29,cust_0000004136
inst_0000004782,2024-02-28,cust_0000004137
inst_0000004783,2026-03-16,cust_0000004138
inst_0000004784,2023-12-24,cust_0000004139
inst_0000004785,2024-09-05,cust_0000004140
inst_0000004786,2026-02-19,cust_0000004141
inst_0000004787,2025-01-25,cust_0000004142
inst_0000004788,2024-06-14,cust_0000004143
inst_0000004789,2024-12-31,cust_0000004144
inst_0000004790,2025-12-02,cust_0000004145
inst_0000004791,2024-02-12,cust_0000004146
inst_0000004792,2026-04-18,cust_0000004147
inst_0000004793,2025-02-19,cust_0000004148
inst_0000004794,2025-11-10,cust_0000004149
inst_0000004795,2024-06-12,cust_0000004150
inst_0000004796,2024-07-04,cust_0000004151
inst_0000004797,2024-03-12,cust_0000004152
inst_0000004798,2025-04-20,cust_0000004153
inst_0000004799,2025-11-27,cust_0000004154
inst_0000004800,2024-06-09,cust_0000004155
inst_0000004801,2024-03-29,cust_0000004156
inst_0000004802,2026-03-03,cust_0000004157
inst_0000004803,2024-01-03,cust_0000004158
inst_0000004804,2024-01-27,cust_0000004159
inst_0000004805,2024-06-22,cust_0000004160
inst_0000004806,2024-09-04,cust_0000004161
inst_0000004807,2025-11-26,cust_0000004162
inst_0000004808,2025-11-26,cust_0000004162
inst_0000004809,2025-12-05,cust_0000004163
inst_0000004810,2025-12-05,cust_0000004163
inst_0000004811,2025-02-08,cust_0000004164
inst_0000004812,2026-02-18,cust_0000004165
inst_0000004813,2026-03-30,cust_0000004166
inst_0000004814,2026-03-30,cust_0000004166
inst_0000004815,2025-12-12,cust_0000004167
inst_0000004816,2025-12-12,cust_0000004167
inst_0000004817,2025-03-23,cust_0000004168
inst_0000004818,2024-10-11,cust_0000004169
inst_0000004819,2025-08-25,cust_0000004170
inst_0000004820,2025-03-11,cust_0000004171
inst_0000004821,2024-08-10,cust_0000004172
inst_0000004822,2026-01-27,cust_0000004173
inst_0000004823,2024-02-03,cust_0000004174
inst_0000004824,2024-08-17,cust_0000004175
inst_0000004825,2025-12-06,cust_0000004176
inst_0000004826,2025-12-06,cust_0000004176
inst_0000004827,2025-02-05,cust_0000004177
inst_0000004828,2025-09-28,cust_0000004178
inst_0000004829,2025-09-28,cust_0000004178
inst_0000004830,2024-06-29,cust_0000004179
inst_0000004831,2025-08-21,cust_0000004180
inst_0000004832,2025-01-03,cust_0000004181
inst_0000004833,2025-01-03,cust_0000004181
inst_0000004834,2025-11-12,cust_0000004182
inst_0000004835,2025-11-12,cust_0000004182
inst_0000004836,2026-04-05,cust_0000004183
inst_0000004837,2025-11-06,cust_0000004184
inst_0000004838,2024-06-01,cust_0000004185
inst_0000004839,2024-01-30,cust_0000004186
inst_0000004840,2025-11-16,cust_0000004187
inst_0000004841,2024-05-02,cust_0000004188
inst_0000004842,2025-07-24,cust_0000004189
inst_0000004843,2025-07-24,cust_0000004189
inst_0000004844,2025-02-10,cust_0000004190
inst_0000004845,2025-05-19,cust_0000004191
inst_0000004846,2025-05-08,cust_0000004192
inst_0000004847,2025-09-17,cust_0000004193
inst_0000004848,2024-04-03,cust_0000004194
inst_0000004849,2025-03-20,cust_0000004195
inst_0000004850,2025-12-29,cust_0000004196
inst_0000004851,2026-01-02,cust_0000004197
inst_0000004852,2026-01-02,cust_0000004197
inst_0000004853,2025-11-20,cust_0000004198
inst_0000004854,2025-11-20,cust_0000004198
inst_0000004855,2025-04-25,cust_0000004199
inst_0000004856,2024-04-19,cust_0000004200
inst_0000004857,2026-03-02,cust_0000004201
inst_0000004858,2025-04-27,cust_0000004202
inst_0000004859,2026-01-19,cust_0000004203
inst_0000004860,2024-06-20,cust_0000004204
inst_0000004861,2025-11-06,cust_0000004205
inst_0000004862,2026-01-23,cust_0000004206
inst_0000004863,2026-01-23,cust_0000004206
inst_0000004864,2025-06-07,cust_0000004207
inst_0000004865,2025-03-17,cust_0000004208
inst_0000004866,2025-03-06,cust_0000004209
inst_0000004867,2025-01-26,cust_0000004210
inst_0000004868,2024-09-15,cust_0000004211
inst_0000004869,2025-07-28,cust_0000004212
inst_0000004870,2025-07-28,cust_0000004212
inst_0000004871,2025-12-10,cust_0000004213
inst_0000004872,2025-10-05,cust_0000004214
inst_0000004873,2026-03-01,cust_0000004215
inst_0000004874,2024-04-29,cust_0000004216
inst_0000004875,2024-09-02,cust_0000004217
inst_0000004876,2024-12-07,cust_0000004218
inst_0000004877,2025-07-27,cust_0000004219
inst_0000004878,2025-07-27,cust_0000004219
inst_0000004879,2025-07-23,cust_0000004220
inst_0000004880,2024-08-10,cust_0000004221
inst_0000004881,2024-08-10,cust_0000004221
inst_0000004882,2025-01-31,cust_0000004222
inst_0000004883,2025-09-11,cust_0000004223
inst_0000004884,2024-08-14,cust_0000004224
inst_0000004885,2026-01-08,cust_0000004225
inst_0000004886,2025-10-26,cust_0000004226
inst_0000004887,2025-10-26,cust_0000004226
inst_0000004888,2024-11-06,cust_0000004227
inst_0000004889,2024-11-06,cust_0000004227
inst_0000004890,2026-01-22,cust_0000004228
inst_0000004891,2025-11-13,cust_0000004229
inst_0000004892,2026-02-27,cust_0000004230
inst_0000004893,2024-12-19,cust_0000004231
inst_0000004894,2024-11-22,cust_0000004232
inst_0000004895,2025-02-23,cust_0000004233
inst_0000004896,2024-03-23,cust_0000004234
inst_0000004897,2025-01-26,cust_0000004235
inst_0000004898,2025-01-26,cust_0000004235
inst_0000004899,2024-08-30,cust_0000004236
inst_0000004900,2024-08-30,cust_0000004236
inst_0000004901,2024-04-01,cust_0000004237
inst_0000004902,2024-08-26,cust_0000004238
inst_0000004903,2026-01-26,cust_0000004239
inst_0000004904,2026-01-26,cust_0000004239
inst_0000004905,2025-05-22,cust_0000004240
inst_0000004906,2025-05-22,cust_0000004240
inst_0000004907,2024-07-07,cust_0000004241
inst_0000004908,2025-07-11,cust_0000004242
inst_0000004909,2024-12-30,cust_0000004243
inst_0000004910,2024-12-04,cust_0000004244
inst_0000004911,2024-12-04,cust_0000004244
inst_0000004912,2024-05-10,cust_0000004245
inst_0000004913,2024-05-21,cust_0000004246
inst_0000004914,2025-08-18,cust_0000004247
inst_0000004915,2026-04-30,cust_0000004248
inst_0000004916,2025-12-03,cust_0000004249
inst_0000004917,2024-03-21,cust_0000004250
inst_0000004918,2023-12-16,cust_0000004251
inst_0000004919,2025-07-23,cust_0000004252
inst_0000004920,2025-02-05,cust_0000004253
inst_0000004921,2025-02-05,cust_0000004253
inst_0000004922,2024-01-18,cust_0000004254
inst_0000004923,2025-03-25,cust_0000004255
inst_0000004924,2026-04-07,cust_0000004256
inst_0000004925,2024-02-04,cust_0000004257
inst_0000004926,2025-02-11,cust_0000004258
inst_0000004927,2025-02-07,cust_0000004259
inst_0000004928,2024-06-25,cust_0000004260
inst_0000004929,2025-08-03,cust_0000004261
inst_0000004930,2025-01-08,cust_0000004262
inst_0000004931,2025-01-08,cust_0000004262
inst_0000004932,2025-03-23,cust_0000004263
inst_0000004933,2024-09-29,cust_0000004264
inst_0000004934,2025-11-22,cust_0000004265
inst_0000004935,2024-02-26,cust_0000004266
inst_0000004936,2025-08-20,cust_0000004267
inst_0000004937,2025-08-20,cust_0000004267
inst_0000004938,2024-12-13,cust_0000004268
inst_0000004939,2026-04-03,cust_0000004269
inst_0000004940,2024-04-07,cust_0000004270
inst_0000004941,2024-04-07,cust_0000004270
inst_0000004942,2025-07-15,cust_0000004271
inst_0000004943,2025-05-23,cust_0000004272
inst_0000004944,2025-03-24,cust_0000004273
inst_0000004945,2023-12-21,cust_0000004274
inst_0000004946,2024-04-06,cust_0000004275
inst_0000004947,2026-03-03,cust_0000004276
inst_0000004948,2024-02-07,cust_0000004277
inst_0000004949,2024-02-16,cust_0000004278
inst_0000004950,2025-01-01,cust_0000004279
inst_0000004951,2025-09-08,cust_0000004280
inst_0000004952,2026-02-03,cust_0000004281
inst_0000004953,2025-01-29,cust_0000004282
inst_0000004954,2025-08-20,cust_0000004283
inst_0000004955,2024-10-05,cust_0000004284
inst_0000004956,2025-08-13,cust_0000004285
inst_0000004957,2024-11-03,cust_0000004286
inst_0000004958,2024-11-03,cust_0000004286
inst_0000004959,2024-08-08,cust_0000004287
inst_0000004960,2024-01-03,cust_0000004288
inst_0000004961,2025-11-24,cust_0000004289
inst_0000004962,2025-11-10,cust_0000004290
inst_0000004963,2025-01-30,cust_0000004291
inst_0000004964,2026-03-24,cust_0000004292
inst_0000004965,2025-08-03,cust_0000004293
inst_0000004966,2025-08-03,cust_0000004293
inst_0000004967,2026-02-18,cust_0000004294
inst_0000004968,2024-08-21,cust_0000004295
inst_0000004969,2025-09-25,cust_0000004296
inst_0000004970,2025-10-02,cust_0000004297
inst_0000004971,2024-11-20,cust_0000004298
inst_0000004972,2026-03-16,cust_0000004299
inst_0000004973,2025-10-10,cust_0000004300
inst_0000004974,2024-11-21,cust_0000004301
inst_0000004975,2025-10-22,cust_0000004302
inst_0000004976,2024-09-12,cust_0000004303
inst_0000004977,2025-01-23,cust_0000004304
inst_0000004978,2025-08-14,cust_0000004305
inst_0000004979,2024-08-20,cust_0000004306
inst_0000004980,2026-03-19,cust_0000004307
inst_0000004981,2025-01-13,cust_0000004308
inst_0000004982,2024-05-21,cust_0000004309
inst_0000004983,2025-10-09,cust_0000004310
inst_0000004984,2025-02-25,cust_0000004311
inst_0000004985,2024-02-02,cust_0000004312
inst_0000004986,2024-03-15,cust_0000004313
inst_0000004987,2024-07-12,cust_0000004314
inst_0000004988,2024-07-12,cust_0000004314
inst_0000004989,2026-03-11,cust_0000004315
inst_0000004990,2024-07-26,cust_0000004316
inst_0000004991,2024-09-15,cust_0000004317
inst_0000004992,2025-08-06,cust_0000004318
inst_0000004993,2026-02-01,cust_0000004319
inst_0000004994,2024-09-12,cust_0000004320
inst_0000004995,2025-10-01,cust_0000004321
inst_0000004996,2024-11-19,cust_0000004322
inst_0000004997,2024-02-14,cust_0000004323
inst_0000004998,2025-07-17,cust_0000004324
inst_0000004999,2024-02-12,cust_0000004325
inst_0000005000,2024-02-12,cust_0000004325
inst_0000005001,2024-11-26,cust_0000004326
inst_0000005002,2026-05-02,cust_0000004327
inst_0000005003,2026-01-04,cust_0000004328
inst_0000005004,2025-08-18,cust_0000004329
inst_0000005005,2024-11-06,cust_0000004330
inst_0000005006,2025-06-23,cust_0000004331
inst_0000005007,2024-11-16,cust_0000004332
inst_0000005008,2024-11-16,cust_0000004332
inst_0000005009,2025-05-29,cust_0000004333
inst_0000005010,2025-12-10,cust_0000004334
inst_0000005011,2024-02-14,cust_0000004335
inst_0000005012,2025-04-28,cust_0000004336
inst_0000005013,2025-04-28,cust_0000004336
inst_0000005014,2024-01-18,cust_0000004337
inst_0000005015,2025-09-20,cust_0000004338
inst_0000005016,2024-02-06,cust_0000004339
inst_0000005017,2026-05-01,cust_0000004340
inst_0000005018,2024-01-29,cust_0000004341
inst_0000005019,2025-06-20,cust_0000004342
inst_0000005020,2025-11-20,cust_0000004343
inst_0000005021,2024-06-08,cust_0000004344
inst_0000005022,2025-02-10,cust_0000004345
inst_0000005023,2025-02-10,cust_0000004345
inst_0000005024,2025-05-17,cust_0000004346
inst_0000005025,2025-05-17,cust_0000004346
inst_0000005026,2024-03-23,cust_0000004347
inst_0000005027,2024-03-23,cust_0000004347
inst_0000005028,2025-04-25,cust_0000004348
inst_0000005029,2025-04-05,cust_0000004349
inst_0000005030,2024-03-04,cust_0000004350
inst_0000005031,2025-09-08,cust_0000004351
inst_0000005032,2025-06-17,cust_0000004352
inst_0000005033,2026-01-20,cust_0000004353
inst_0000005034,2025-01-12,cust_0000004354
inst_0000005035,2024-12-31,cust_0000004355
inst_0000005036,2026-03-29,cust_0000004356
inst_0000005037,2024-07-07,cust_0000004357
inst_0000005038,2024-07-07,cust_0000004357
inst_0000005039,2025-11-25,cust_0000004358
inst_0000005040,2025-11-25,cust_0000004358
inst_0000005041,2024-03-29,cust_0000004359
inst_0000005042,2025-07-14,cust_0000004360
inst_0000005043,2024-10-16,cust_0000004361
inst_0000005044,2024-11-15,cust_0000004362
inst_0000005045,2024-11-15,cust_0000004362
inst_0000005046,2024-09-27,cust_0000004363
inst_0000005047,2025-10-10,cust_0000004364
inst_0000005048,2025-05-16,cust_0000004365
inst_0000005049,2024-12-16,cust_0000004366
inst_0000005050,2024-01-14,cust_0000004367
inst_0000005051,2024-10-11,cust_0000004368
inst_0000005052,2024-05-14,cust_0000004369
inst_0000005053,2024-05-14,cust_0000004369
inst_0000005054,2025-10-14,cust_0000004370
inst_0000005055,2023-12-19,cust_0000004371
inst_0000005056,2025-09-21,cust_0000004372
inst_0000005057,2025-04-01,cust_0000004373
inst_0000005058,2025-03-13,cust_0000004374
inst_0000005059,2024-07-29,cust_0000004375
inst_0000005060,2025-01-01,cust_0000004376
inst_0000005061,2025-04-07,cust_0000004377
inst_0000005062,2024-09-26,cust_0000004378
inst_0000005063,2024-04-04,cust_0000004379
inst_0000005064,2024-04-04,cust_0000004379
inst_0000005065,2024-02-24,cust_0000004380
inst_0000005066,2025-09-22,cust_0000004381
inst_0000005067,2026-03-22,cust_0000004382
inst_0000005068,2025-10-14,cust_0000004383
inst_0000005069,2026-03-19,cust_0000004384
inst_0000005070,2025-04-22,cust_0000004385
inst_0000005071,2024-07-14,cust_0000004386
inst_0000005072,2024-04-04,cust_0000004387
inst_0000005073,2025-04-28,cust_0000004388
inst_0000005074,2025-02-04,cust_0000004389
inst_0000005075,2025-11-13,cust_0000004390
inst_0000005076,2025-11-13,cust_0000004390
inst_0000005077,2025-11-15,cust_0000004391
inst_0000005078,2024-03-26,cust_0000004392
inst_0000005079,2024-12-05,cust_0000004393
inst_0000005080,2024-09-27,cust_0000004394
inst_0000005081,2024-09-20,cust_0000004395
inst_0000005082,2025-08-18,cust_0000004396
inst_0000005083,2025-08-18,cust_0000004396
inst_0000005084,2025-12-17,cust_0000004397
inst_0000005085,2025-01-10,cust_0000004398
inst_0000005086,2025-01-10,cust_0000004398
inst_0000005087,2024-11-16,cust_0000004399
inst_0000005088,2025-12-14,cust_0000004400
inst_0000005089,2025-04-25,cust_0000004401
inst_0000005090,2025-04-25,cust_0000004401
inst_0000005091,2024-07-31,cust_0000004402
inst_0000005092,2025-04-28,cust_0000004403
inst_0000005093,2025-04-30,cust_0000004404
inst_0000005094,2025-04-12,cust_0000004405
inst_0000005095,2025-04-12,cust_0000004405
inst_0000005096,2026-02-18,cust_0000004406
inst_0000005097,2026-02-24,cust_0000004407
inst_0000005098,2025-12-21,cust_0000004408
inst_0000005099,2026-02-18,cust_0000004409
inst_0000005100,2025-08-25,cust_0000004410
inst_0000005101,2024-01-05,cust_0000004411
inst_0000005102,2024-09-06,cust_0000004412
inst_0000005103,2025-03-12,cust_0000004413
inst_0000005104,2026-02-03,cust_0000004414
inst_0000005105,2026-04-10,cust_0000004415
inst_0000005106,2025-02-09,cust_0000004416
inst_0000005107,2026-01-27,cust_0000004417
inst_0000005108,2025-07-08,cust_0000004418
inst_0000005109,2025-07-08,cust_0000004418
inst_0000005110,2024-07-18,cust_0000004419
inst_0000005111,2024-04-29,cust_0000004420
inst_0000005112,2025-11-23,cust_0000004421
inst_0000005113,2025-11-24,cust_0000004422
inst_0000005114,2024-02-12,cust_0000004423
inst_0000005115,2024-05-11,cust_0000004424
inst_0000005116,2024-08-07,cust_0000004425
inst_0000005117,2024-08-07,cust_0000004425
inst_0000005118,2025-07-13,cust_0000004426
inst_0000005119,2024-01-21,cust_0000004427
inst_0000005120,2024-01-21,cust_0000004427
inst_0000005121,2024-06-09,cust_0000004428
inst_0000005122,2024-02-21,cust_0000004429
inst_0000005123,2024-05-02,cust_0000004430
inst_0000005124,2024-05-02,cust_0000004430
inst_0000005125,2024-04-10,cust_0000004431
inst_0000005126,2025-10-21,cust_0000004432
inst_0000005127,2025-10-23,cust_0000004433
inst_0000005128,2024-12-11,cust_0000004434
inst_0000005129,2024-12-03,cust_0000004435
inst_0000005130,2026-03-16,cust_0000004436
inst_0000005131,2025-12-09,cust_0000004437
inst_0000005132,2025-12-09,cust_0000004437
inst_0000005133,2025-10-25,cust_0000004438
inst_0000005134,2025-11-28,cust_0000004439
inst_0000005135,2026-04-29,cust_0000004440
inst_0000005136,2024-05-26,cust_0000004441
inst_0000005137,2024-05-18,cust_0000004442
inst_0000005138,2026-02-22,cust_0000004443
inst_0000005139,2025-06-20,cust_0000004444
inst_0000005140,2025-02-01,cust_0000004445
inst_0000005141,2025-06-13,cust_0000004446
inst_0000005142,2025-06-13,cust_0000004446
inst_0000005143,2025-03-10,cust_0000004447
inst_0000005144,2025-03-10,cust_0000004447
inst_0000005145,2026-02-01,cust_0000004448
inst_0000005146,2024-09-23,cust_0000004449
inst_0000005147,2025-08-03,cust_0000004450
inst_0000005148,2024-05-14,cust_0000004451
inst_0000005149,2024-05-14,cust_0000004451
inst_0000005150,2024-02-28,cust_0000004452
inst_0000005151,2024-07-28,cust_0000004453
inst_0000005152,2024-04-19,cust_0000004454
inst_0000005153,2024-10-18,cust_0000004455
inst_0000005154,2024-02-08,cust_0000004456
inst_0000005155,2024-02-08,cust_0000004456
inst_0000005156,2025-09-27,cust_0000004457
inst_0000005157,2026-02-14,cust_0000004458
inst_0000005158,2025-11-10,cust_0000004459
inst_0000005159,2024-06-28,cust_0000004460
inst_0000005160,2025-03-04,cust_0000004461
inst_0000005161,2024-08-24,cust_0000004462
inst_0000005162,2025-08-26,cust_0000004463
inst_0000005163,2024-04-17,cust_0000004464
inst_0000005164,2024-04-17,cust_0000004464
inst_0000005165,2026-03-20,cust_0000004465
inst_0000005166,2024-06-21,cust_0000004466
inst_0000005167,2025-11-06,cust_0000004467
inst_0000005168,2025-11-06,cust_0000004467
inst_0000005169,2024-06-21,cust_0000004468
inst_0000005170,2025-05-13,cust_0000004469
inst_0000005171,2025-09-26,cust_0000004470
inst_0000005172,2026-02-24,cust_0000004471
inst_0000005173,2025-07-01,cust_0000004472
inst_0000005174,2025-04-20,cust_0000004473
inst_0000005175,2025-09-04,cust_0000004474
inst_0000005176,2025-01-08,cust_0000004475
inst_0000005177,2023-12-22,cust_0000004476
inst_0000005178,2024-08-01,cust_0000004477
inst_0000005179,2025-04-11,cust_0000004478
inst_0000005180,2024-04-24,cust_0000004479
inst_0000005181,2025-03-06,cust_0000004480
inst_0000005182,2026-04-23,cust_0000004481
inst_0000005183,2026-03-23,cust_0000004482
inst_0000005184,2026-03-23,cust_0000004482
inst_0000005185,2025-12-01,cust_0000004483
inst_0000005186,2026-01-02,cust_0000004484
inst_0000005187,2024-09-07,cust_0000004485
inst_0000005188,2024-09-07,cust_0000004485
inst_0000005189,2025-04-21,cust_0000004486
inst_0000005190,2024-04-14,cust_0000004487
inst_0000005191,2026-02-06,cust_0000004488
inst_0000005192,2024-05-10,cust_0000004489
inst_0000005193,2024-02-16,cust_0000004490
inst_0000005194,2025-05-06,cust_0000004491
inst_0000005195,2026-01-19,cust_0000004492
inst_0000005196,2026-01-19,cust_0000004492
inst_0000005197,2025-02-15,cust_0000004493
inst_0000005198,2025-09-06,cust_0000004494
inst_0000005199,2025-11-13,cust_0000004495
inst_0000005200,2026-03-06,cust_0000004496
inst_0000005201,2025-04-27,cust_0000004497
inst_0000005202,2024-12-07,cust_0000004498
inst_0000005203,2025-12-26,cust_0000004499
inst_0000005204,2024-04-30,cust_0000004500
inst_0000005205,2025-11-09,cust_0000004501
inst_0000005206,2024-01-04,cust_0000004502
inst_0000005207,2025-08-09,cust_0000004503
inst_0000005208,2025-08-09,cust_0000004503
inst_0000005209,2025-03-03,cust_0000004504
inst_0000005210,2024-10-30,cust_0000004505
inst_0000005211,2024-08-02,cust_0000004506
inst_0000005212,2024-01-18,cust_0000004507
inst_0000005213,2026-01-18,cust_0000004508
inst_0000005214,2024-11-29,cust_0000004509
inst_0000005215,2025-02-25,cust_0000004510
inst_0000005216,2025-02-25,cust_0000004510
inst_0000005217,2025-01-23,cust_0000004511
inst_0000005218,2025-07-20,cust_0000004512
inst_0000005219,2025-12-07,cust_0000004513
inst_0000005220,2025-05-06,cust_0000004514
inst_0000005221,2025-04-25,cust_0000004515
inst_0000005222,2024-03-02,cust_0000004516
inst_0000005223,2025-12-24,cust_0000004517
inst_0000005224,2023-12-23,cust_0000004518
inst_0000005225,2025-12-03,cust_0000004519
inst_0000005226,2025-05-17,cust_0000004520
inst_0000005227,2025-02-10,cust_0000004521
inst_0000005228,2025-11-11,cust_0000004522
inst_0000005229,2025-01-04,cust_0000004523
inst_0000005230,2024-10-22,cust_0000004524
inst_0000005231,2024-05-23,cust_0000004525
inst_0000005232,2024-02-14,cust_0000004526
inst_0000005233,2026-01-18,cust_0000004527
inst_0000005234,2025-08-22,cust_0000004528
inst_0000005235,2026-02-27,cust_0000004529
inst_0000005236,2025-12-02,cust_0000004530
inst_0000005237,2024-04-25,cust_0000004531
inst_0000005238,2025-03-13,cust_0000004532
inst_0000005239,2024-07-14,cust_0000004533
inst_0000005240,2026-03-13,cust_0000004534
inst_0000005241,2026-03-19,cust_0000004535
inst_0000005242,2026-03-19,cust_0000004535
inst_0000005243,2025-05-03,cust_0000004536
inst_0000005244,2024-09-09,cust_0000004537
inst_0000005245,2024-10-30,cust_0000004538
inst_0000005246,2026-02-15,cust_0000004539
inst_0000005247,2024-12-12,cust_0000004540
inst_0000005248,2026-04-28,cust_0000004541
inst_0000005249,2024-04-03,cust_0000004542
inst_0000005250,2024-04-02,cust_0000004543
inst_0000005251,2024-07-05,cust_0000004544
inst_0000005252,2024-07-13,cust_0000004545
inst_0000005253,2024-05-30,cust_0000004546
inst_0000005254,2026-03-17,cust_0000004547
inst_0000005255,2024-01-08,cust_0000004548
inst_0000005256,2024-04-27,cust_0000004549
inst_0000005257,2025-06-05,cust_0000004550
inst_0000005258,2025-09-01,cust_0000004551
inst_0000005259,2025-09-01,cust_0000004551
inst_0000005260,2023-12-22,cust_0000004552
inst_0000005261,2024-07-31,cust_0000004553
inst_0000005262,2024-06-26,cust_0000004554
inst_0000005263,2024-09-05,cust_0000004555
inst_0000005264,2025-03-18,cust_0000004556
inst_0000005265,2025-05-25,cust_0000004557
inst_0000005266,2025-05-25,cust_0000004557
inst_0000005267,2023-12-17,cust_0000004558
inst_0000005268,2023-12-17,cust_0000004558
inst_0000005269,2024-03-23,cust_0000004559
inst_0000005270,2025-03-01,cust_0000004560
inst_0000005271,2025-09-08,cust_0000004561
inst_0000005272,2025-12-06,cust_0000004562
inst_0000005273,2025-06-29,cust_0000004563
inst_0000005274,2025-05-06,cust_0000004564
inst_0000005275,2025-05-15,cust_0000004565
inst_0000005276,2024-10-25,cust_0000004566
inst_0000005277,2024-10-25,cust_0000004566
inst_0000005278,2024-06-13,cust_0000004567
inst_0000005279,2024-06-13,cust_0000004567
inst_0000005280,2024-02-29,cust_0000004568
inst_0000005281,2024-12-16,cust_0000004569
inst_0000005282,2024-12-16,cust_0000004569
inst_0000005283,2024-06-09,cust_0000004570
inst_0000005284,2025-10-04,cust_0000004571
inst_0000005285,2024-10-22,cust_0000004572
inst_0000005286,2026-03-20,cust_0000004573
inst_0000005287,2024-10-22,cust_0000004574
inst_0000005288,2024-12-06,cust_0000004575
inst_0000005289,2024-12-06,cust_0000004575
inst_0000005290,2025-09-21,cust_0000004576
inst_0000005291,2025-09-21,cust_0000004576
inst_0000005292,2024-04-14,cust_0000004577
inst_0000005293,2024-02-07,cust_0000004578
inst_0000005294,2025-11-06,cust_0000004579
inst_0000005295,2024-02-13,cust_0000004580
inst_0000005296,2025-01-14,cust_0000004581
inst_0000005297,2025-05-18,cust_0000004582
inst_0000005298,2025-04-01,cust_0000004583
inst_0000005299,2024-07-19,cust_0000004584
inst_0000005300,2023-12-20,cust_0000004585
inst_0000005301,2025-02-01,cust_0000004586
inst_0000005302,2025-07-16,cust_0000004587
inst_0000005303,2025-01-07,cust_0000004588
inst_0000005304,2024-07-07,cust_0000004589
inst_0000005305,2024-02-08,cust_0000004590
inst_0000005306,2024-06-26,cust_0000004591
inst_0000005307,2024-05-29,cust_0000004592
inst_0000005308,2025-10-09,cust_0000004593
inst_0000005309,2024-11-01,cust_0000004594
inst_0000005310,2025-06-05,cust_0000004595
inst_0000005311,2024-07-04,cust_0000004596
inst_0000005312,2026-01-12,cust_0000004597
inst_0000005313,2024-10-25,cust_0000004598
inst_0000005314,2024-10-24,cust_0000004599
inst_0000005315,2025-06-17,cust_0000004600
inst_0000005316,2025-02-02,cust_0000004601
inst_0000005317,2026-02-21,cust_0000004602
inst_0000005318,2025-07-13,cust_0000004603
inst_0000005319,2024-12-03,cust_0000004604
inst_0000005320,2025-07-06,cust_0000004605
inst_0000005321,2026-04-09,cust_0000004606
inst_0000005322,2025-11-01,cust_0000004607
inst_0000005323,2025-06-14,cust_0000004608
inst_0000005324,2025-02-09,cust_0000004609
inst_0000005325,2026-04-05,cust_0000004610
inst_0000005326,2024-06-29,cust_0000004611
inst_0000005327,2025-08-29,cust_0000004612
inst_0000005328,2026-02-25,cust_0000004613
inst_0000005329,2026-01-02,cust_0000004614
inst_0000005330,2024-12-11,cust_0000004615
inst_0000005331,2025-05-16,cust_0000004616
inst_0000005332,2025-05-16,cust_0000004616
inst_0000005333,2025-01-29,cust_0000004617
inst_0000005334,2024-06-28,cust_0000004618
inst_0000005335,2025-07-15,cust_0000004619
inst_0000005336,2025-07-15,cust_0000004619
inst_0000005337,2025-05-24,cust_0000004620
inst_0000005338,2025-05-04,cust_0000004621
inst_0000005339,2025-12-07,cust_0000004622
inst_0000005340,2024-08-30,cust_0000004623
inst_0000005341,2024-12-29,cust_0000004624
inst_0000005342,2025-03-15,cust_0000004625
inst_0000005343,2025-02-16,cust_0000004626
inst_0000005344,2024-01-31,cust_0000004627
inst_0000005345,2024-02-07,cust_0000004628
inst_0000005346,2024-04-07,cust_0000004629
inst_0000005347,2025-07-09,cust_0000004630
inst_0000005348,2025-09-11,cust_0000004631
inst_0000005349,2024-09-23,cust_0000004632
inst_0000005350,2025-11-10,cust_0000004633
inst_0000005351,2025-02-02,cust_0000004634
inst_0000005352,2025-02-02,cust_0000004634
inst_0000005353,2025-01-26,cust_0000004635
inst_0000005354,2023-12-16,cust_0000004636
inst_0000005355,2025-11-04,cust_0000004637
inst_0000005356,2024-08-07,cust_0000004638
inst_0000005357,2024-08-07,cust_0000004638
inst_0000005358,2026-02-22,cust_0000004639
inst_0000005359,2026-02-16,cust_0000004640
inst_0000005360,2026-02-16,cust_0000004640
inst_0000005361,2026-02-09,cust_0000004641
inst_0000005362,2024-04-21,cust_0000004642
inst_0000005363,2024-08-15,cust_0000004643
inst_0000005364,2026-03-20,cust_0000004644
inst_0000005365,2024-12-03,cust_0000004645
inst_0000005366,2024-07-17,cust_0000004646
inst_0000005367,2024-09-07,cust_0000004647
inst_0000005368,2025-02-22,cust_0000004648
inst_0000005369,2024-01-14,cust_0000004649
inst_0000005370,2024-03-12,cust_0000004650
inst_0000005371,2024-05-29,cust_0000004651
inst_0000005372,2026-03-04,cust_0000004652
inst_0000005373,2023-12-20,cust_0000004653
inst_0000005374,2025-11-10,cust_0000004654
inst_0000005375,2025-12-21,cust_0000004655
inst_0000005376,2026-04-28,cust_0000004656
inst_0000005377,2024-11-08,cust_0000004657
inst_0000005378,2024-07-09,cust_0000004658
inst_0000005379,2025-07-05,cust_0000004659
inst_0000005380,2024-08-06,cust_0000004660
inst_0000005381,2026-03-03,cust_0000004661
inst_0000005382,2025-02-05,cust_0000004662
inst_0000005383,2024-07-15,cust_0000004663
inst_0000005384,2024-08-02,cust_0000004664
inst_0000005385,2024-08-02,cust_0000004664
inst_0000005386,2025-07-09,cust_0000004665
inst_0000005387,2024-12-24,cust_0000004666
inst_0000005388,2025-07-06,cust_0000004667
inst_0000005389,2025-07-06,cust_0000004667
inst_0000005390,2024-07-05,cust_0000004668
inst_0000005391,2024-12-16,cust_0000004669
inst_0000005392,2025-07-02,cust_0000004670
inst_0000005393,2025-07-26,cust_0000004671
inst_0000005394,2025-04-04,cust_0000004672
inst_0000005395,2024-10-12,cust_0000004673
inst_0000005396,2024-01-05,cust_0000004674
inst_0000005397,2025-07-10,cust_0000004675
inst_0000005398,2025-03-01,cust_0000004676
inst_0000005399,2024-08-29,cust_0000004677
inst_0000005400,2025-07-30,cust_0000004678
inst_0000005401,2025-02-05,cust_0000004679
inst_0000005402,2025-01-19,cust_0000004680
inst_0000005403,2024-02-11,cust_0000004681
inst_0000005404,2024-02-06,cust_0000004682
inst_0000005405,2024-02-06,cust_0000004682
inst_0000005406,2025-10-08,cust_0000004683
inst_0000005407,2026-03-07,cust_0000004684
inst_0000005408,2024-06-19,cust_0000004685
inst_0000005409,2024-08-22,cust_0000004686
inst_0000005410,2025-11-25,cust_0000004687
inst_0000005411,2024-02-02,cust_0000004688
inst_0000005412,2024-02-02,cust_0000004688
inst_0000005413,2025-04-14,cust_0000004689
inst_0000005414,2024-03-25,cust_0000004690
inst_0000005415,2024-10-27,cust_0000004691
inst_0000005416,2025-09-11,cust_0000004692
inst_0000005417,2025-01-22,cust_0000004693
inst_0000005418,2024-05-14,cust_0000004694
inst_0000005419,2025-11-30,cust_0000004695
inst_0000005420,2025-07-22,cust_0000004696
inst_0000005421,2024-03-17,cust_0000004697
inst_0000005422,2024-06-06,cust_0000004698
inst_0000005423,2024-11-12,cust_0000004699
inst_0000005424,2023-12-30,cust_0000004700
inst_0000005425,2024-06-01,cust_0000004701
inst_0000005426,2024-05-09,cust_0000004702
inst_0000005427,2024-05-09,cust_0000004702
inst_0000005428,2025-12-04,cust_0000004703
inst_0000005429,2025-10-20,cust_0000004704
inst_0000005430,2026-04-30,cust_0000004705
inst_0000005431,2024-03-19,cust_0000004706
inst_0000005432,2026-03-21,cust_0000004707
inst_0000005433,2026-03-21,cust_0000004707
inst_0000005434,2024-05-29,cust_0000004708
inst_0000005435,2024-01-28,cust_0000004709
inst_0000005436,2024-07-12,cust_0000004710
inst_0000005437,2024-06-09,cust_0000004711
inst_0000005438,2026-01-11,cust_0000004712
inst_0000005439,2025-12-11,cust_0000004713
inst_0000005440,2024-03-15,cust_0000004714
inst_0000005441,2026-02-03,cust_0000004715
inst_0000005442,2025-08-15,cust_0000004716
inst_0000005443,2024-08-19,cust_0000004717
inst_0000005444,2026-04-08,cust_0000004718
inst_0000005445,2026-04-08,cust_0000004718
inst_0000005446,2024-03-16,cust_0000004719
inst_0000005447,2024-03-16,cust_0000004719
inst_0000005448,2025-11-10,cust_0000004720
inst_0000005449,2024-05-22,cust_0000004721
inst_0000005450,2024-05-04,cust_0000004722
inst_0000005451,2024-07-26,cust_0000004723
inst_0000005452,2024-01-26,cust_0000004724
inst_0000005453,2024-01-26,cust_0000004724
inst_0000005454,2025-07-03,cust_0000004725
inst_0000005455,2025-01-17,cust_0000004726
inst_0000005456,2024-06-15,cust_0000004727
inst_0000005457,2025-03-16,cust_0000004728
inst_0000005458,2024-10-20,cust_0000004729
inst_0000005459,2025-03-05,cust_0000004730
inst_0000005460,2025-03-05,cust_0000004730
inst_0000005461,2025-01-18,cust_0000004731
inst_0000005462,2025-05-09,cust_0000004732
inst_0000005463,2024-10-30,cust_0000004733
inst_0000005464,2024-12-11,cust_0000004734
inst_0000005465,2024-04-19,cust_0000004735
inst_0000005466,2025-04-12,cust_0000004736
inst_0000005467,2024-10-05,cust_0000004737
inst_0000005468,2025-11-13,cust_0000004738
inst_0000005469,2025-03-03,cust_0000004739
inst_0000005470,2024-06-23,cust_0000004740
inst_0000005471,2024-06-23,cust_0000004740
inst_0000005472,2026-01-27,cust_0000004741
inst_0000005473,2024-04-03,cust_0000004742
inst_0000005474,2024-04-03,cust_0000004742
inst_0000005475,2024-06-28,cust_0000004743
inst_0000005476,2026-03-21,cust_0000004744
inst_0000005477,2025-10-05,cust_0000004745
inst_0000005478,2024-06-13,cust_0000004746
inst_0000005479,2025-02-07,cust_0000004747
inst_0000005480,2026-03-23,cust_0000004748
inst_0000005481,2025-08-14,cust_0000004749
inst_0000005482,2024-10-31,cust_0000004750
inst_0000005483,2024-02-21,cust_0000004751
inst_0000005484,2024-09-28,cust_0000004752
inst_0000005485,2024-09-28,cust_0000004752
inst_0000005486,2024-06-01,cust_0000004753
inst_0000005487,2025-05-28,cust_0000004754
inst_0000005488,2025-02-06,cust_0000004755
inst_0000005489,2025-09-04,cust_0000004756
inst_0000005490,2025-09-04,cust_0000004756
inst_0000005491,2025-09-22,cust_0000004757
inst_0000005492,2026-02-20,cust_0000004758
inst_0000005493,2024-01-22,cust_0000004759
inst_0000005494,2024-01-22,cust_0000004759
inst_0000005495,2024-12-27,cust_0000004760
inst_0000005496,2026-03-17,cust_0000004761
inst_0000005497,2025-02-06,cust_0000004762
inst_0000005498,2025-02-06,cust_0000004762
inst_0000005499,2025-09-04,cust_0000004763
inst_0000005500,2025-09-04,cust_0000004763
inst_0000005501,2024-06-11,cust_0000004764
inst_0000005502,2024-11-15,cust_0000004765
inst_0000005503,2024-12-29,cust_0000004766
inst_0000005504,2025-11-14,cust_0000004767
inst_0000005505,2026-01-04,cust_0000004768
inst_0000005506,2024-04-08,cust_0000004769
inst_0000005507,2024-08-26,cust_0000004770
inst_0000005508,2026-03-03,cust_0000004771
inst_0000005509,2025-07-31,cust_0000004772
inst_0000005510,2024-08-30,cust_0000004773
inst_0000005511,2024-11-17,cust_0000004774
inst_0000005512,2025-02-18,cust_0000004775
inst_0000005513,2025-02-18,cust_0000004775
inst_0000005514,2025-11-11,cust_0000004776
inst_0000005515,2025-11-11,cust_0000004776
inst_0000005516,2025-01-02,cust_0000004777
inst_0000005517,2025-01-02,cust_0000004777
inst_0000005518,2024-01-16,cust_0000004778
inst_0000005519,2026-01-21,cust_0000004779
inst_0000005520,2025-06-10,cust_0000004780
inst_0000005521,2025-04-18,cust_0000004781
inst_0000005522,2025-04-18,cust_0000004781
inst_0000005523,2026-03-26,cust_0000004782
inst_0000005524,2024-08-27,cust_0000004783
inst_0000005525,2024-08-27,cust_0000004783
inst_0000005526,2024-05-07,cust_0000004784
inst_0000005527,2023-12-19,cust_0000004785
inst_0000005528,2025-11-24,cust_0000004786
inst_0000005529,2024-03-09,cust_0000004787
inst_0000005530,2026-04-29,cust_0000004788
inst_0000005531,2024-07-04,cust_0000004789
inst_0000005532,2026-01-26,cust_0000004790
inst_0000005533,2025-02-21,cust_0000004791
inst_0000005534,2025-09-17,cust_0000004792
inst_0000005535,2025-05-28,cust_0000004793
inst_0000005536,2026-01-03,cust_0000004794
inst_0000005537,2025-12-26,cust_0000004795
inst_0000005538,2025-05-15,cust_0000004796
inst_0000005539,2024-10-18,cust_0000004797
inst_0000005540,2025-08-28,cust_0000004798
inst_0000005541,2025-04-02,cust_0000004799
inst_0000005542,2025-08-25,cust_0000004800
inst_0000005543,2025-08-09,cust_0000004801
inst_0000005544,2024-08-17,cust_0000004802
inst_0000005545,2025-05-27,cust_0000004803
inst_0000005546,2025-04-11,cust_0000004804
inst_0000005547,2025-08-15,cust_0000004805
inst_0000005548,2024-10-22,cust_0000004806
inst_0000005549,2025-11-30,cust_0000004807
inst_0000005550,2025-11-30,cust_0000004807
inst_0000005551,2025-11-07,cust_0000004808
inst_0000005552,2025-03-11,cust_0000004809
inst_0000005553,2024-09-09,cust_0000004810
inst_0000005554,2024-10-21,cust_0000004811
inst_0000005555,2024-01-30,cust_0000004812
inst_0000005556,2025-05-12,cust_0000004813
inst_0000005557,2025-11-08,cust_0000004814
inst_0000005558,2024-03-13,cust_0000004815
inst_0000005559,2024-03-13,cust_0000004815
inst_0000005560,2024-10-21,cust_0000004816
inst_0000005561,2024-04-27,cust_0000004817
inst_0000005562,2026-01-16,cust_0000004818
inst_0000005563,2024-11-02,cust_0000004819
inst_0000005564,2025-10-15,cust_0000004820
inst_0000005565,2025-03-23,cust_0000004821
inst_0000005566,2025-07-21,cust_0000004822
inst_0000005567,2024-04-30,cust_0000004823
inst_0000005568,2025-11-22,cust_0000004824
inst_0000005569,2025-04-15,cust_0000004825
inst_0000005570,2025-01-11,cust_0000004826
inst_0000005571,2024-05-28,cust_0000004827
inst_0000005572,2024-12-31,cust_0000004828
inst_0000005573,2026-04-22,cust_0000004829
inst_0000005574,2025-09-04,cust_0000004830
inst_0000005575,2026-01-04,cust_0000004831
inst_0000005576,2025-05-11,cust_0000004832
inst_0000005577,2025-12-26,cust_0000004833
inst_0000005578,2024-10-28,cust_0000004834
inst_0000005579,2024-07-18,cust_0000004835
inst_0000005580,2025-09-09,cust_0000004836
inst_0000005581,2025-05-09,cust_0000004837
inst_0000005582,2025-06-01,cust_0000004838
inst_0000005583,2026-03-15,cust_0000004839
inst_0000005584,2025-05-15,cust_0000004840
inst_0000005585,2025-04-25,cust_0000004841
inst_0000005586,2024-05-22,cust_0000004842
inst_0000005587,2025-02-08,cust_0000004843
inst_0000005588,2024-11-23,cust_0000004844
inst_0000005589,2026-04-21,cust_0000004845
inst_0000005590,2026-04-21,cust_0000004845
inst_0000005591,2024-10-18,cust_0000004846
inst_0000005592,2024-02-17,cust_0000004847
inst_0000005593,2025-08-03,cust_0000004848
inst_0000005594,2024-09-15,cust_0000004849
inst_0000005595,2026-01-26,cust_0000004850
inst_0000005596,2025-10-21,cust_0000004851
inst_0000005597,2025-09-05,cust_0000004852
inst_0000005598,2025-02-02,cust_0000004853
inst_0000005599,2024-10-13,cust_0000004854
inst_0000005600,2024-10-13,cust_0000004854
inst_0000005601,2026-01-13,cust_0000004855
inst_0000005602,2025-10-26,cust_0000004856
inst_0000005603,2024-08-28,cust_0000004857
inst_0000005604,2024-09-08,cust_0000004858
inst_0000005605,2025-03-21,cust_0000004859
inst_0000005606,2025-05-30,cust_0000004860
inst_0000005607,2025-02-15,cust_0000004861
inst_0000005608,2026-03-18,cust_0000004862
inst_0000005609,2025-11-30,cust_0000004863
inst_0000005610,2025-06-29,cust_0000004864
inst_0000005611,2024-02-02,cust_0000004865
inst_0000005612,2024-02-02,cust_0000004865
inst_0000005613,2024-03-24,cust_0000004866
inst_0000005614,2024-01-26,cust_0000004867
inst_0000005615,2024-11-21,cust_0000004868
inst_0000005616,2024-11-21,cust_0000004868
inst_0000005617,2025-01-11,cust_0000004869
inst_0000005618,2024-09-22,cust_0000004870
inst_0000005619,2024-08-17,cust_0000004871
inst_0000005620,2025-12-11,cust_0000004872
inst_0000005621,2023-12-15,cust_0000004873
inst_0000005622,2025-04-06,cust_0000004874
inst_0000005623,2025-04-02,cust_0000004875
inst_0000005624,2024-08-18,cust_0000004876
inst_0000005625,2025-07-28,cust_0000004877
inst_0000005626,2024-10-27,cust_0000004878
inst_0000005627,2025-02-23,cust_0000004879
inst_0000005628,2025-01-06,cust_0000004880
inst_0000005629,2024-04-28,cust_0000004881
inst_0000005630,2024-11-10,cust_0000004882
inst_0000005631,2025-05-07,cust_0000004883
inst_0000005632,2025-05-07,cust_0000004883
inst_0000005633,2024-04-22,cust_0000004884
inst_0000005634,2024-12-07,cust_0000004885
inst_0000005635,2024-07-30,cust_0000004886
inst_0000005636,2024-10-23,cust_0000004887
inst_0000005637,2026-02-03,cust_0000004888
inst_0000005638,2026-02-11,cust_0000004889
inst_0000005639,2026-02-03,cust_0000004890
inst_0000005640,2024-03-28,cust_0000004891
inst_0000005641,2024-01-31,cust_0000004892
inst_0000005642,2024-02-21,cust_0000004893
inst_0000005643,2024-05-07,cust_0000004894
inst_0000005644,2024-11-10,cust_0000004895
inst_0000005645,2025-03-18,cust_0000004896
inst_0000005646,2024-02-21,cust_0000004897
inst_0000005647,2025-08-08,cust_0000004898
inst_0000005648,2024-11-08,cust_0000004899
inst_0000005649,2024-11-08,cust_0000004899
inst_0000005650,2025-06-27,cust_0000004900
inst_0000005651,2025-01-16,cust_0000004901
inst_0000005652,2024-07-16,cust_0000004902
inst_0000005653,2026-04-22,cust_0000004903
inst_0000005654,2025-11-24,cust_0000004904
inst_0000005655,2024-06-23,cust_0000004905
inst_0000005656,2026-04-13,cust_0000004906
inst_0000005657,2025-07-25,cust_0000004907
inst_0000005658,2025-07-25,cust_0000004907
inst_0000005659,2025-06-18,cust_0000004908
inst_0000005660,2024-07-18,cust_0000004909
inst_0000005661,2025-06-29,cust_0000004910
inst_0000005662,2026-03-16,cust_0000004911
inst_0000005663,2026-04-29,cust_0000004912
inst_0000005664,2024-12-03,cust_0000004913
inst_0000005665,2025-07-18,cust_0000004914
inst_0000005666,2024-02-09,cust_0000004915
inst_0000005667,2024-01-13,cust_0000004916
inst_0000005668,2024-12-04,cust_0000004917
inst_0000005669,2024-08-07,cust_0000004918
inst_0000005670,2024-10-31,cust_0000004919
inst_0000005671,2024-03-28,cust_0000004920
inst_0000005672,2025-11-28,cust_0000004921
inst_0000005673,2024-01-10,cust_0000004922
inst_0000005674,2025-10-09,cust_0000004923
inst_0000005675,2025-10-19,cust_0000004924
inst_0000005676,2025-04-07,cust_0000004925
inst_0000005677,2026-02-04,cust_0000004926
inst_0000005678,2024-08-19,cust_0000004927
inst_0000005679,2024-06-11,cust_0000004928
inst_0000005680,2025-05-07,cust_0000004929
inst_0000005681,2025-03-28,cust_0000004930
inst_0000005682,2025-03-11,cust_0000004931
inst_0000005683,2025-03-11,cust_0000004931
inst_0000005684,2025-03-14,cust_0000004932
inst_0000005685,2025-04-06,cust_0000004933
inst_0000005686,2025-02-20,cust_0000004934
inst_0000005687,2025-01-28,cust_0000004935
inst_0000005688,2024-01-23,cust_0000004936
inst_0000005689,2026-01-07,cust_0000004937
inst_0000005690,2024-04-12,cust_0000004938
inst_0000005691,2024-04-12,cust_0000004938
inst_0000005692,2024-04-29,cust_0000004939
inst_0000005693,2025-09-13,cust_0000004940
inst_0000005694,2025-10-29,cust_0000004941
inst_0000005695,2024-08-26,cust_0000004942
inst_0000005696,2024-11-29,cust_0000004943
inst_0000005697,2025-10-20,cust_0000004944
inst_0000005698,2025-03-17,cust_0000004945
inst_0000005699,2024-05-17,cust_0000004946
inst_0000005700,2024-12-10,cust_0000004947
inst_0000005701,2024-10-01,cust_0000004948
inst_0000005702,2025-10-27,cust_0000004949
inst_0000005703,2024-11-05,cust_0000004950
inst_0000005704,2024-10-20,cust_0000004951
inst_0000005705,2025-06-06,cust_0000004952
inst_0000005706,2025-10-25,cust_0000004953
inst_0000005707,2025-12-21,cust_0000004954
inst_0000005708,2024-12-17,cust_0000004955
inst_0000005709,2024-01-19,cust_0000004956
inst_0000005710,2024-09-16,cust_0000004957
inst_0000005711,2025-03-10,cust_0000004958
inst_0000005712,2025-02-13,cust_0000004959
inst_0000005713,2025-12-18,cust_0000004960
inst_0000005714,2025-11-07,cust_0000004961
inst_0000005715,2025-02-16,cust_0000004962
inst_0000005716,2024-09-30,cust_0000004963
inst_0000005717,2025-04-14,cust_0000004964
inst_0000005718,2025-12-12,cust_0000004965
inst_0000005719,2025-12-12,cust_0000004965
inst_0000005720,2025-10-24,cust_0000004966
inst_0000005721,2025-08-07,cust_0000004967
inst_0000005722,2026-01-18,cust_0000004968
inst_0000005723,2024-10-02,cust_0000004969
inst_0000005724,2026-04-08,cust_0000004970
inst_0000005725,2025-04-22,cust_0000004971
inst_0000005726,2025-10-26,cust_0000004972
inst_0000005727,2025-05-28,cust_0000004973
inst_0000005728,2024-01-08,cust_0000004974
inst_0000005729,2024-02-08,cust_0000004975
inst_0000005730,2024-02-08,cust_0000004975
inst_0000005731,2025-07-28,cust_0000004976
inst_0000005732,2025-09-22,cust_0000004977
inst_0000005733,2024-03-20,cust_0000004978
inst_0000005734,2025-07-02,cust_0000004979
inst_0000005735,2024-06-21,cust_0000004980
inst_0000005736,2025-03-25,cust_0000004981
inst_0000005737,2024-01-29,cust_0000004982
inst_0000005738,2024-01-29,cust_0000004982
inst_0000005739,2024-11-20,cust_0000004983
inst_0000005740,2025-12-19,cust_0000004984
inst_0000005741,2025-03-21,cust_0000004985
inst_0000005742,2026-02-10,cust_0000004986
inst_0000005743,2024-10-26,cust_0000004987
inst_0000005744,2025-05-03,cust_0000004988
inst_0000005745,2024-07-01,cust_0000004989
inst_0000005746,2025-07-25,cust_0000004990
inst_0000005747,2024-10-29,cust_0000004991
inst_0000005748,2024-04-17,cust_0000004992
inst_0000005749,2025-05-26,cust_0000004993
inst_0000005750,2025-12-25,cust_0000004994
inst_0000005751,2025-11-06,cust_0000004995
inst_0000005752,2025-05-08,cust_0000004996
inst_0000005753,2024-04-25,cust_0000004997
inst_0000005754,2024-01-14,cust_0000004998
inst_0000005755,2025-12-16,cust_0000004999
inst_0000005756,2026-07-16,cust_0000000794
inst_0000005757,2026-08-22,cust_0000003191
inst_0000005758,2026-08-14,cust_0000003745
inst_0000005759,2026-07-19,cust_0000000419
inst_0000005760,2026-08-16,cust_0000003214
inst_0000005761,2026-08-20,cust_0000002616
inst_0000005762,2026-07-17,cust_0000002231
inst_0000005763,2026-08-09,cust_0000001280
inst_0000005764,2026-08-03,cust_0000004561
inst_0000005765,2026-07-01,cust_0000003356
inst_0000005766,2026-08-02,cust_0000002552
inst_0000005767,2026-08-21,cust_0000001346
inst_0000005768,2026-08-02,cust_0000000627
inst_0000005769,2026-06-09,cust_0000003122
inst_0000005770,2026-06-01,cust_0000001951
inst_0000005771,2026-07-25,cust_0000001693
inst_0000005772,2026-07-21,cust_0000002632
inst_0000005773,2026-07-11,cust_0000000360
inst_0000005774,2026-08-05,cust_0000001527
inst_0000005775,2026-06-12,cust_0000003774
inst_0000005776,2026-07-05,cust_0000003322
inst_0000005777,2026-08-02,cust_0000000998
inst_0000005778,2026-08-17,cust_0000001434
inst_0000005779,2026-06-26,cust_0000001466
inst_0000005780,2026-08-29,cust_0000001898
inst_0000005781,2026-06-08,cust_0000002933
inst_0000005782,2026-07-06,cust_0000003438
inst_0000005783,2026-08-27,cust_0000000790
inst_0000005784,2026-08-03,cust_0000003665
inst_0000005785,2026-08-18,cust_0000000004
inst_0000005786,2026-07-25,cust_0000004093
inst_0000005787,2026-08-27,cust_0000001993
inst_0000005788,2026-08-22,cust_0000001321
inst_0000005789,2026-08-22,cust_0000003918
inst_0000005790,2026-07-01,cust_0000003317
inst_0000005791,2026-07-03,cust_0000000930
inst_0000005792,2026-08-14,cust_0000000523
inst_0000005793,2026-06-09,cust_0000000073
inst_0000005794,2026-07-03,cust_0000003280
inst_0000005795,2026-06-09,cust_0000004524
inst_0000005796,2026-08-18,cust_0000002812
inst_0000005797,2026-07-16,cust_0000002350
inst_0000005798,2026-06-11,cust_0000004787
inst_0000005799,2026-08-19,cust_0000003778
inst_0000005800,2026-06-04,cust_0000002254
inst_0000005801,2026-08-16,cust_0000003420
inst_0000005802,2026-06-19,cust_0000000468
inst_0000005803,2026-08-18,cust_0000000465
inst_0000005804,2026-07-29,cust_0000001454
inst_0000005805,2026-07-29,cust_0000004323
inst_0000005806,2026-07-22,cust_0000000693
inst_0000005807,2026-07-01,cust_0000001728
inst_0000005808,2026-08-16,cust_0000000168
inst_0000005809,2026-07-22,cust_0000002615
inst_0000005810,2026-08-01,cust_0000001973
inst_0000005811,2026-07-14,cust_0000003932
inst_0000005812,2026-06-29,cust_0000002553
inst_0000005813,2026-08-20,cust_0000004581
inst_0000005814,2026-07-26,cust_0000001745
inst_0000005815,2026-08-03,cust_0000002351
inst_0000005816,2026-07-08,cust_0000002871
inst_0000005817,2026-07-19,cust_0000001803
inst_0000005818,2026-08-11,cust_0000004154
inst_0000005819,2026-06-22,cust_0000000983
inst_0000005820,2026-07-24,cust_0000004165
inst_0000005821,2026-07-06,cust_0000003663
inst_0000005822,2026-08-12,cust_0000004403
inst_0000005823,2026-07-10,cust_0000001305
inst_0000005824,2026-06-30,cust_0000002735
inst_0000005825,2026-06-18,cust_0000000156
inst_0000005826,2026-07-24,cust_0000000215
inst_0000005827,2026-07-19,cust_0000002142
inst_0000005828,2026-06-19,cust_0000001748
inst_0000005829,2026-07-07,cust_0000004010
inst_0000005830,2026-07-11,cust_0000002709
inst_0000005831,2026-06-07,cust_0000004219
inst_0000005832,2026-06-28,cust_0000002978
inst_0000005833,2026-08-11,cust_0000000076
inst_0000005834,2026-07-28,cust_0000001263
inst_0000005835,2026-08-15,cust_0000000489
inst_0000005836,2026-08-03,cust_0000003512
inst_0000005837,2026-07-28,cust_0000002473
inst_0000005838,2026-08-15,cust_0000004173
inst_0000005839,2026-06-07,cust_0000002255
inst_0000005840,2026-08-28,cust_0000001675
inst_0000005841,2026-08-08,cust_0000002920
inst_0000005842,2026-06-24,cust_0000001100
inst_0000005843,2026-06-26,cust_0000001343
inst_0000005844,2026-07-22,cust_0000004814
inst_0000005845,2026-06-21,cust_0000002107
inst_0000005846,2026-08-01,cust_0000003560
inst_0000005847,2026-07-14,cust_0000000281
inst_0000005848,2026-08-08,cust_0000000678
inst_0000005849,2026-07-17,cust_0000000961
inst_0000005850,2026-06-08,cust_0000001868
inst_0000005851,2026-07-05,cust_0000004211
inst_0000005852,2026-06-27,cust_0000000129
inst_0000005853,2026-06-20,cust_0000001749
inst_0000005854,2026-08-27,cust_0000003840
inst_0000005855,2026-08-06,cust_0000004859
inst_0000005856,2026-07-25,cust_0000003204
inst_0000005857,2026-07-29,cust_0000004040
inst_0000005858,2026-08-15,cust_0000002718
inst_0000005859,2026-08-20,cust_0000003295
inst_0000005860,2026-08-18,cust_0000004924
inst_0000005861,2026-06-30,cust_0000001274
inst_0000005862,2026-07-15,cust_0000003725
inst_0000005863,2026-07-24,cust_0000004630
inst_0000005864,2026-07-13,cust_0000000701
inst_0000005865,2026-07-26,cust_0000004110
inst_0000005866,2026-08-29,cust_0000002384
inst_0000005867,2026-07-18,cust_0000004893
inst_0000005868,2026-08-06,cust_0000002832
inst_0000005869,2026-08-09,cust_0000002259
inst_0000005870,2026-07-05,cust_0000003728
inst_0000005871,2026-06-13,cust_0000004489
inst_0000005872,2026-07-27,cust_0000004964
inst_0000005873,2026-06-27,cust_0000001916
inst_0000005874,2026-06-25,cust_0000003586
inst_0000005875,2026-06-28,cust_0000001281
inst_0000005876,2026-08-19,cust_0000003521
inst_0000005877,2026-06-09,cust_0000002328
inst_0000005878,2026-08-06,cust_0000003029
inst_0000005879,2026-08-28,cust_0000002720
inst_0000005880,2026-06-10,cust_0000004885
inst_0000005881,2026-07-15,cust_0000003344
inst_0000005882,2026-06-09,cust_0000000104
inst_0000005883,2026-06-12,cust_0000004628
inst_0000005884,2026-07-02,cust_0000003238
inst_0000005885,2026-06-15,cust_0000000270
inst_0000005886,2026-07-20,cust_0000004834
inst_0000005887,2026-06-28,cust_0000003566
inst_0000005888,2026-07-28,cust_0000004107
inst_0000005889,2026-07-17,cust_0000003810
inst_0000005890,2026-08-06,cust_0000002310
inst_0000005891,2026-07-09,cust_0000004937
inst_0000005892,2026-07-20,cust_0000001694
inst_0000005893,2026-08-19,cust_0000004193
inst_0000005894,2026-08-14,cust_0000000860
inst_0000005895,2026-06-20,cust_0000003697
inst_0000005896,2026-07-10,cust_0000003883
inst_0000005897,2026-06-19,cust_0000003857
inst_0000005898,2026-06-04,cust_0000000632
inst_0000005899,2026-08-28,cust_0000002393
inst_0000005900,2026-07-10,cust_0000003323
inst_0000005901,2026-08-16,cust_0000003739
inst_0000005902,2026-07-16,cust_0000002465
inst_0000005903,2026-07-09,cust_0000002856
inst_0000005904,2026-08-03,cust_0000003834
inst_0000005905,2026-07-23,cust_0000002762
inst_0000005906,2026-07-13,cust_0000004245
inst_0000005907,2026-07-20,cust_0000001621
inst_0000005908,2026-06-13,cust_0000000163
inst_0000005909,2026-06-05,cust_0000004097
inst_0000005910,2026-08-22,cust_0000003479
inst_0000005911,2026-07-13,cust_0000003701
inst_0000005912,2026-07-26,cust_0000004015
inst_0000005913,2026-06-29,cust_0000002532
inst_0000005914,2026-07-21,cust_0000000868
inst_0000005915,2026-06-11,cust_0000001686
inst_0000005916,2026-06-21,cust_0000001377
inst_0000005917,2026-07-08,cust_0000002261
inst_0000005918,2026-07-27,cust_0000001769
inst_0000005919,2026-08-13,cust_0000000250
inst_0000005920,2026-08-14,cust_0000000041
inst_0000005921,2026-08-24,cust_0000000176
inst_0000005922,2026-08-23,cust_0000004968
inst_0000005923,2026-06-12,cust_0000000960
inst_0000005924,2026-08-07,cust_0000000171
inst_0000005925,2026-08-07,cust_0000000809
inst_0000005926,2026-07-08,cust_0000001134
inst_0000005927,2026-06-28,cust_0000000356
inst_0000005928,2026-07-29,cust_0000002606
inst_0000005929,2026-06-27,cust_0000002793
inst_0000005930,2026-07-25,cust_0000003353
inst_0000005931,2026-06-08,cust_0000004208
inst_0000005932,2026-07-01,cust_0000004000
inst_0000005933,2026-08-20,cust_0000001606
inst_0000005934,2026-06-25,cust_0000002438
inst_0000005935,2026-06-19,cust_0000002778
inst_0000005936,2026-06-10,cust_0000003446
inst_0000005937,2026-07-19,cust_0000001172
inst_0000005938,2026-06-05,cust_0000004456
inst_0000005939,2026-06-13,cust_0000001934
inst_0000005940,2026-08-16,cust_0000002494
inst_0000005941,2026-07-21,cust_0000000411
inst_0000005942,2026-08-25,cust_0000004660
inst_0000005943,2026-08-22,cust_0000004954
inst_0000005944,2026-06-08,cust_0000002319
inst_0000005945,2026-08-15,cust_0000000266
inst_0000005946,2026-07-24,cust_0000000832
inst_0000005947,2026-08-29,cust_0000003444
inst_0000005948,2026-06-25,cust_0000000210
inst_0000005949,2026-07-08,cust_0000004862
inst_0000005950,2026-08-12,cust_0000004118
inst_0000005951,2026-06-11,cust_0000001038
inst_0000005952,2026-08-16,cust_0000004375
inst_0000005953,2026-08-19,cust_0000000869
inst_0000005954,2026-07-06,cust_0000000600
inst_0000005955,2026-07-03,cust_0000003700
inst_0000005956,2026-06-04,cust_0000001242
inst_0000005957,2026-07-12,cust_0000003530
inst_0000005958,2026-08-16,cust_0000001442
inst_0000005959,2026-07-08,cust_0000003733
inst_0000005960,2026-08-28,cust_0000003525
inst_0000005961,2026-07-04,cust_0000002456
inst_0000005962,2026-07-08,cust_0000002047
inst_0000005963,2026-07-31,cust_0000001348
inst_0000005964,2026-08-17,cust_0000004999
inst_0000005965,2026-07-04,cust_0000004168
inst_0000005966,2026-06-20,cust_0000003379
inst_0000005967,2026-07-07,cust_0000000390
inst_0000005968,2026-06-30,cust_0000002592
inst_0000005969,2026-06-24,cust_0000004354
inst_0000005970,2026-08-03,cust_0000000853
inst_0000005971,2026-06-28,cust_0000004670
inst_0000005972,2026-08-24,cust_0000004166
inst_0000005973,2026-07-19,cust_0000000812
inst_0000005974,2026-07-24,cust_0000002988
inst_0000005975,2026-06-07,cust_0000000985
inst_0000005976,2026-08-28,cust_0000003754
inst_0000005977,2026-06-11,cust_0000003198
inst_0000005978,2026-07-15,cust_0000003628
inst_0000005979,2026-06-04,cust_0000000842
inst_0000005980,2026-06-27,cust_0000003445
inst_0000005981,2026-06-09,cust_0000001102
inst_0000005982,2026-06-17,cust_0000000124
inst_0000005983,2026-06-28,cust_0000003219
inst_0000005984,2026-08-04,cust_0000001418
inst_0000005985,2026-08-05,cust_0000001654
inst_0000005986,2026-06-24,cust_0000002831
inst_0000005987,2026-08-03,cust_0000003504
inst_0000005988,2026-07-03,cust_0000001834
inst_0000005989,2026-06-04,cust_0000000202
inst_0000005990,2026-08-11,cust_0000002450
inst_0000005991,2026-08-04,cust_0000003299
inst_0000005992,2026-06-09,cust_0000002684
inst_0000005993,2026-06-04,cust_0000002992
inst_0000005994,2026-06-25,cust_0000003239
inst_0000005995,2026-07-31,cust_0000002352
inst_0000005996,2026-08-16,cust_0000003819
inst_0000005997,2026-07-10,cust_0000004926
inst_0000005998,2026-06-20,cust_0000000496
inst_0000005999,2026-06-27,cust_0000001464
inst_0000006000,2026-07-28,cust_0000000033
inst_0000006001,2026-07-10,cust_0000004844
inst_0000006002,2026-08-04,cust_0000001545
inst_0000006003,2026-06-26,cust_0000004914
inst_0000006004,2026-08-20,cust_0000002372|cust_0000000376|cust_0000002822|cust_0000004282
inst_0000006005,2026-07-09,cust_0000000745|cust_0000004918|cust_0000001982|cust_0000002146|cust_0000000547
inst_0000006006,2026-06-27,cust_0000004071|cust_0000000047|cust_0000003720|cust_0000001827|cust_0000004994
inst_0000006007,2026-07-22,cust_0000004517|cust_0000001413|cust_0000000184|cust_0000002880
inst_0000006008,2026-08-24,cust_0000001932|cust_0000004273|cust_0000004431
inst_0000006009,2026-06-30,cust_0000004428|cust_0000000012|cust_0000002098|cust_0000001267
inst_0000006010,2026-08-01,cust_0000003457|cust_0000003004|cust_0000000178|cust_0000000732
inst_0000006011,2026-07-26,cust_0000004133|cust_0000002673|cust_0000004849|cust_0000002885|cust_0000003803
inst_0000006012,2026-08-29,cust_0000004050|cust_0000001264|cust_0000004963|cust_0000002839
inst_0000006013,2026-06-17,cust_0000004045|cust_0000002445|cust_0000001397|cust_0000003283
inst_0000006014,2026-08-05,cust_0000002441|cust_0000001413|cust_0000001978|cust_0000002866|cust_0000000916
inst_0000006015,2026-06-16,cust_0000004774|cust_0000001235|cust_0000001496
inst_0000006016,2026-08-22,cust_0000000619|cust_0000004693|cust_0000000622
inst_0000006017,2026-07-12,cust_0000001171|cust_0000001060|cust_0000004653|cust_0000000426|cust_0000001109
inst_0000006018,2026-06-03,cust_0000001903|cust_0000001951|cust_0000002758|cust_0000004364|cust_0000000845
inst_0000006019,2026-06-13,cust_0000000075|cust_0000004301|cust_0000004877|cust_0000004321
inst_0000006020,2026-06-21,cust_0000003033|cust_0000004210|cust_0000000069
inst_0000006021,2026-08-16,cust_0000004294|cust_0000003828|cust_0000000974|cust_0000001750|cust_0000004185
inst_0000006022,2026-06-30,cust_0000000424|cust_0000004370|cust_0000004092|cust_0000001019
inst_0000006023,2026-07-02,cust_0000000128|cust_0000000145|cust_0000000971|cust_0000004957
inst_0000006024,2026-06-09,cust_0000001262|cust_0000003389|cust_0000004209
inst_0000006025,2026-06-26,cust_0000004475|cust_0000002341|cust_0000004829|cust_0000004051|cust_0000003296
inst_0000006026,2026-06-06,cust_0000002569|cust_0000003795|cust_0000003830
inst_0000006027,2026-06-04,cust_0000001590|cust_0000000903|cust_0000003444|cust_0000004670
inst_0000006028,2026-07-08,cust_0000001655|cust_0000003546|cust_0000000445
inst_0000006029,2026-07-24,cust_0000000754|cust_0000002333|cust_0000000471|cust_0000003937
inst_0000006030,2026-06-11,cust_0000004833|cust_0000001456|cust_0000002196|cust_0000003368|cust_0000003546
inst_0000006031,2026-08-09,cust_0000002855|cust_0000004487|cust_0000001380|cust_0000002409|cust_0000001885
inst_0000006032,2026-07-16,cust_0000001688|cust_0000001412|cust_0000000713|cust_0000003533
inst_0000006033,2026-07-31,cust_0000001829|cust_0000002551|cust_0000001741|cust_0000004045|cust_0000002904
inst_0000006034,2026-08-05,cust_0000000626|cust_0000001463|cust_0000002193
inst_0000006035,2026-08-25,cust_0000003717|cust_0000004298|cust_0000004150
inst_0000006036,2026-06-06,cust_0000003981|cust_0000001117|cust_0000000352|cust_0000004044|cust_0000001683
inst_0000006037,2026-08-10,cust_0000002964|cust_0000002324|cust_0000000248
inst_0000006038,2026-07-26,cust_0000002459|cust_0000000327|cust_0000004285
inst_0000006039,2026-06-05,cust_0000002329|cust_0000003843|cust_0000004621|cust_0000002928
inst_0000006040,2026-08-23,cust_0000002455|cust_0000003806|cust_0000001705|cust_0000003853
inst_0000006041,2026-07-24,cust_0000001431|cust_0000004870|cust_0000004131|cust_0000003085|cust_0000000968
